Time,ROOM_17F57B42:BOSTON LOGAN INTL ARPT ANN HTG 99.6% CONDNS DB:Des Heat Load [W],ROOM_17F57B42:BOSTON LOGAN INTL ARPT ANN CLG .4% CONDNS DB=>MWB:Des Sens Cool Load [W],ROOM_17F57B42:BOSTON LOGAN INTL ARPT ANN HTG 99.6% CONDNS DB:Des Heat Mass Flow [kg/s],ROOM_17F57B42:BOSTON LOGAN INTL ARPT ANN CLG .4% CONDNS DB=>MWB:Des Cool Mass Flow [kg/s],ROOM_8D305412:BOSTON LOGAN INTL ARPT ANN HTG 99.6% CONDNS DB:Des Heat Load [W],ROOM_8D305412:BOSTON LOGAN INTL ARPT ANN CLG .4% CONDNS DB=>MWB:Des Sens Cool Load [W],ROOM_8D305412:BOSTON LOGAN INTL ARPT ANN HTG 99.6% CONDNS DB:Des Heat Mass Flow [kg/s],ROOM_8D305412:BOSTON LOGAN INTL ARPT ANN CLG .4% CONDNS DB=>MWB:Des Cool Mass Flow [kg/s],ROOM_A4C076D7:BOSTON LOGAN INTL ARPT ANN HTG 99.6% CONDNS DB:Des Heat Load [W],ROOM_A4C076D7:BOSTON LOGAN INTL ARPT ANN CLG .4% CONDNS DB=>MWB:Des Sens Cool Load [W],ROOM_A4C076D7:BOSTON LOGAN INTL ARPT ANN HTG 99.6% CONDNS DB:Des Heat Mass Flow [kg/s],ROOM_A4C076D7:BOSTON LOGAN INTL ARPT ANN CLG .4% CONDNS DB=>MWB:Des Cool Mass Flow [kg/s],ROOM_BB07A4B1:BOSTON LOGAN INTL ARPT ANN HTG 99.6% CONDNS DB:Des Heat Load [W],ROOM_BB07A4B1:BOSTON LOGAN INTL ARPT ANN CLG .4% CONDNS DB=>MWB:Des Sens Cool Load [W],ROOM_BB07A4B1:BOSTON LOGAN INTL ARPT ANN HTG 99.6% CONDNS DB:Des Heat Mass Flow [kg/s],ROOM_BB07A4B1:BOSTON LOGAN INTL ARPT ANN CLG .4% CONDNS DB=>MWB:Des Cool Mass Flow [kg/s],ROOM_BD8241A1:BOSTON LOGAN INTL ARPT ANN HTG 99.6% CONDNS DB:Des Heat Load [W],ROOM_BD8241A1:BOSTON LOGAN INTL ARPT ANN CLG .4% CONDNS DB=>MWB:Des Sens Cool Load [W],ROOM_BD8241A1:BOSTON LOGAN INTL ARPT ANN HTG 99.6% CONDNS DB:Des Heat Mass Flow [kg/s],ROOM_BD8241A1:BOSTON LOGAN INTL ARPT ANN CLG .4% CONDNS DB=>MWB:Des Cool Mass Flow [kg/s],ROOM_BE8AAB70:BOSTON LOGAN INTL ARPT ANN HTG 99.6% CONDNS DB:Des Heat Load [W],ROOM_BE8AAB70:BOSTON LOGAN INTL ARPT ANN CLG .4% CONDNS DB=>MWB:Des Sens Cool Load [W],ROOM_BE8AAB70:BOSTON LOGAN INTL ARPT ANN HTG 99.6% CONDNS DB:Des Heat Mass Flow [kg/s],ROOM_BE8AAB70:BOSTON LOGAN INTL ARPT ANN CLG .4% CONDNS DB=>MWB:Des Cool Mass Flow [kg/s],ROOM_C3E48042:BOSTON LOGAN INTL ARPT ANN HTG 99.6% CONDNS DB:Des Heat Load [W],ROOM_C3E48042:BOSTON LOGAN INTL ARPT ANN CLG .4% CONDNS DB=>MWB:Des Sens Cool Load [W],ROOM_C3E48042:BOSTON LOGAN INTL ARPT ANN HTG 99.6% CONDNS DB:Des Heat Mass Flow [kg/s],ROOM_C3E48042:BOSTON LOGAN INTL ARPT ANN CLG .4% CONDNS DB=>MWB:Des Cool Mass Flow [kg/s],ROOM_DDA9C354:BOSTON LOGAN INTL ARPT ANN HTG 99.6% CONDNS DB:Des Heat Load [W],ROOM_DDA9C354:BOSTON LOGAN INTL ARPT ANN CLG .4% CONDNS DB=>MWB:Des Sens Cool Load [W],ROOM_DDA9C354:BOSTON LOGAN INTL ARPT ANN HTG 99.6% CONDNS DB:Des Heat Mass Flow [kg/s],ROOM_DDA9C354:BOSTON LOGAN INTL ARPT ANN CLG .4% CONDNS DB=>MWB:Des Cool Mass Flow [kg/s]
00:10:00,1.180965E+03,6.305979E+02,4.744894E-02,4.865980E-02,5.231988E+02,1.654567E+02,2.101940E-02,1.276767E-02,1.154926E+02,3.794141E+01,4.639267E-03,2.928005E-03,2.224920E+02,9.984722E+01,8.939794E-03,7.704337E-03,8.113858E+02,1.667638E+02,3.258513E-02,1.287149E-02,6.332801E+02,3.379537E+02,2.544343E-02,2.607829E-02,5.298775E+00,7.348747E+01,2.130757E-04,5.669908E-03,2.657457E+02,1.921025E+02,1.067840E-02,1.482265E-02
00:20:00,1.201571E+03,6.304154E+02,4.827660E-02,4.864590E-02,5.345888E+02,1.669339E+02,2.147694E-02,1.288173E-02,1.200172E+02,3.874914E+01,4.821060E-03,2.990337E-03,2.310087E+02,1.024749E+02,9.281893E-03,7.907151E-03,8.225851E+02,1.648826E+02,3.303484E-02,1.272624E-02,6.467581E+02,3.384228E+02,2.598479E-02,2.611458E-02,9.607051E+00,7.653741E+01,3.862249E-04,5.905248E-03,2.761288E+02,1.950836E+02,1.109548E-02,1.505275E-02
00:30:00,1.220111E+03,6.293160E+02,4.902136E-02,4.856115E-02,5.447579E+02,1.679266E+02,2.188550E-02,1.295837E-02,1.242628E+02,3.934331E+01,4.991672E-03,3.036183E-03,2.389651E+02,1.047153E+02,9.601522E-03,8.080058E-03,8.320323E+02,1.624887E+02,3.341434E-02,1.254142E-02,6.588595E+02,3.382321E+02,2.647097E-02,2.609990E-02,1.494289E+01,7.922186E+01,6.006678E-04,6.112381E-03,2.859540E+02,1.975033E+02,1.149018E-02,1.523949E-02
00:40:00,1.236871E+03,6.275117E+02,4.969471E-02,4.842193E-02,5.538170E+02,1.685184E+02,2.224949E-02,1.300406E-02,1.281411E+02,3.974963E+01,5.147521E-03,3.067531E-03,2.464774E+02,1.066156E+02,9.903330E-03,8.226717E-03,8.400292E+02,1.596907E+02,3.373559E-02,1.232541E-02,6.697699E+02,3.375200E+02,2.690933E-02,2.604495E-02,2.107550E+01,8.157277E+01,8.471283E-04,6.293773E-03,2.951304E+02,1.994490E+02,1.185884E-02,1.538964E-02
00:50:00,1.252174E+03,6.251646E+02,5.030957E-02,4.824080E-02,5.619555E+02,1.687799E+02,2.257650E-02,1.302423E-02,1.316638E+02,3.999277E+01,5.289072E-03,3.086285E-03,2.534686E+02,1.082208E+02,1.018423E-02,8.350589E-03,8.468331E+02,1.565779E+02,3.400893E-02,1.208510E-02,6.796707E+02,3.363964E+02,2.730714E-02,2.595823E-02,2.791819E+01,8.362631E+01,1.122121E-03,6.452216E-03,3.038414E+02,2.009968E+02,1.220882E-02,1.550908E-02
01:00:00,1.266273E+03,6.224004E+02,5.087604E-02,4.802746E-02,5.693119E+02,1.687699E+02,2.287209E-02,1.302345E-02,1.348471E+02,4.009557E+01,5.416978E-03,3.094210E-03,2.601034E+02,1.095716E+02,1.045081E-02,8.454828E-03,8.526559E+02,1.532234E+02,3.424285E-02,1.182615E-02,6.887162E+02,3.349490E+02,2.767059E-02,2.584651E-02,3.310746E+01,8.541792E+01,1.330543E-03,6.590444E-03,3.119741E+02,2.022114E+02,1.253558E-02,1.560280E-02
01:10:00,1.279388E+03,6.200449E+02,5.140298E-02,4.784564E-02,5.760061E+02,1.687718E+02,2.314108E-02,1.302358E-02,1.377112E+02,4.011017E+01,5.532057E-03,3.095329E-03,2.662325E+02,1.108823E+02,1.069708E-02,8.555959E-03,8.576771E+02,1.498014E+02,3.444456E-02,1.156198E-02,6.970457E+02,3.336171E+02,2.800529E-02,2.574370E-02,3.804125E+01,8.709963E+01,1.528804E-03,6.720190E-03,3.197372E+02,2.034282E+02,1.284750E-02,1.569668E-02
01:20:00,1.291732E+03,6.175308E+02,5.189899E-02,4.765160E-02,5.821331E+02,1.686246E+02,2.338727E-02,1.301221E-02,1.402820E+02,4.003068E+01,5.635347E-03,3.089188E-03,2.719002E+02,1.120245E+02,1.092482E-02,8.644094E-03,8.620767E+02,1.462838E+02,3.462130E-02,1.129044E-02,7.047587E+02,3.321319E+02,2.831521E-02,2.562907E-02,4.239254E+01,8.858941E+01,1.703655E-03,6.835126E-03,3.269611E+02,2.044368E+02,1.313777E-02,1.577449E-02
01:30:00,1.303370E+03,6.149124E+02,5.236664E-02,4.744950E-02,5.877757E+02,1.683614E+02,2.361400E-02,1.299188E-02,1.425958E+02,3.987359E+01,5.728308E-03,3.077060E-03,2.771284E+02,1.130250E+02,1.113489E-02,8.721286E-03,8.659282E+02,1.427123E+02,3.477602E-02,1.101474E-02,7.119833E+02,3.305359E+02,2.860551E-02,2.550588E-02,4.632792E+01,8.991267E+01,1.861789E-03,6.937212E-03,3.337069E+02,2.052735E+02,1.340882E-02,1.583903E-02
01:40:00,1.314402E+03,6.122335E+02,5.280988E-02,4.724275E-02,5.930332E+02,1.680103E+02,2.382525E-02,1.296478E-02,1.446818E+02,3.965356E+01,5.812118E-03,3.060075E-03,2.819308E+02,1.139085E+02,1.132785E-02,8.789452E-03,8.693230E+02,1.391200E+02,3.491240E-02,1.073744E-02,7.187583E+02,3.288635E+02,2.887774E-02,2.537680E-02,5.004655E+01,9.109461E+01,2.011214E-03,7.028396E-03,3.399964E+02,2.059708E+02,1.366153E-02,1.589283E-02
01:50:00,1.324912E+03,6.095306E+02,5.323220E-02,4.703416E-02,5.979356E+02,1.675944E+02,2.402224E-02,1.293267E-02,1.465677E+02,3.938309E+01,5.887889E-03,3.039198E-03,2.863356E+02,1.146947E+02,1.150483E-02,8.850114E-03,8.723385E+02,1.355349E+02,3.503353E-02,1.046070E-02,7.251447E+02,3.271432E+02,2.913436E-02,2.524405E-02,5.359751E+01,9.215494E+01,2.153901E-03,7.110196E-03,3.458570E+02,2.065547E+02,1.389702E-02,1.593787E-02
02:00:00,1.334968E+03,6.068333E+02,5.363626E-02,4.682600E-02,6.025284E+02,1.671327E+02,2.420678E-02,1.289703E-02,1.482802E+02,3.907285E+01,5.956693E-03,3.015254E-03,2.904108E+02,1.154001E+02,1.166857E-02,8.904535E-03,8.750379E+02,1.319804E+02,3.514197E-02,1.018633E-02,7.311932E+02,3.253985E+02,2.937740E-02,2.510940E-02,5.710404E+01,9.311017E+01,2.294805E-03,7.183889E-03,3.513149E+02,2.070463E+02,1.411632E-02,1.597579E-02
02:10:00,1.344623E+03,6.041046E+02,5.402420E-02,4.661543E-02,6.068509E+02,1.666151E+02,2.438045E-02,1.285709E-02,1.498453E+02,3.872589E+01,6.019580E-03,2.988475E-03,2.942136E+02,1.160225E+02,1.182136E-02,8.952556E-03,8.774728E+02,1.284435E+02,3.523977E-02,9.913320E-03,7.369455E+02,3.236155E+02,2.960854E-02,2.497180E-02,6.047026E+01,9.397161E+01,2.430071E-03,7.250346E-03,3.563556E+02,2.074436E+02,1.431885E-02,1.600644E-02
02:20:00,1.353919E+03,6.013607E+02,5.439774E-02,4.640369E-02,6.109362E+02,1.660539E+02,2.454460E-02,1.281378E-02,1.512820E+02,3.834982E+01,6.077308E-03,2.959451E-03,2.977689E+02,1.165739E+02,1.196421E-02,8.995103E-03,8.796851E+02,1.249376E+02,3.532864E-02,9.642693E-03,7.424363E+02,3.218079E+02,2.982917E-02,2.483232E-02,6.364321E+01,9.475026E+01,2.557571E-03,7.310417E-03,3.610619E+02,2.077610E+02,1.450794E-02,1.603092E-02
02:30:00,1.362893E+03,5.986146E+02,5.475830E-02,4.619178E-02,6.148120E+02,1.654590E+02,2.470033E-02,1.276786E-02,1.525987E+02,3.795111E+01,6.130213E-03,2.928680E-03,3.011160E+02,1.170653E+02,1.209870E-02,9.033014E-03,8.817091E+02,1.214735E+02,3.540994E-02,9.375303E-03,7.476943E+02,3.199870E+02,3.004044E-02,2.469180E-02,6.665484E+01,9.545725E+01,2.678588E-03,7.364959E-03,3.654768E+02,2.080158E+02,1.468533E-02,1.605058E-02
02:40:00,1.371572E+03,5.958769E+02,5.510703E-02,4.598052E-02,6.185016E+02,1.648388E+02,2.484857E-02,1.272000E-02,1.538084E+02,3.753529E+01,6.178824E-03,2.896589E-03,3.043066E+02,1.175053E+02,1.222691E-02,9.066962E-03,8.835729E+02,1.180604E+02,3.548481E-02,9.111848E-03,7.527434E+02,3.181618E+02,3.024331E-02,2.455095E-02,6.952362E+01,9.610184E+01,2.793867E-03,7.414687E-03,3.696456E+02,2.082141E+02,1.485284E-02,1.606588E-02
02:50:00,1.379980E+03,5.931565E+02,5.544488E-02,4.577058E-02,6.220243E+02,1.642004E+02,2.499011E-02,1.267073E-02,1.549235E+02,3.710711E+01,6.223629E-03,2.863543E-03,3.073759E+02,1.179013E+02,1.235024E-02,9.097516E-03,8.852994E+02,1.147057E+02,3.555416E-02,8.852898E-03,7.576035E+02,3.163398E+02,3.043859E-02,2.441035E-02,7.226869E+01,9.669187E+01,2.904176E-03,7.460206E-03,3.736137E+02,2.083672E+02,1.501228E-02,1.607768E-02
03:00:00,1.388137E+03,5.904605E+02,5.577263E-02,4.556255E-02,6.253965E+02,1.635499E+02,2.512560E-02,1.262053E-02,1.559548E+02,3.667060E+01,6.265064E-03,2.829856E-03,3.103131E+02,1.182617E+02,1.246828E-02,9.125321E-03,8.869074E+02,1.114153E+02,3.561875E-02,8.598919E-03,7.622912E+02,3.145274E+02,3.062694E-02,2.427048E-02,7.490051E+01,9.723406E+01,3.009936E-03,7.502035E-03,3.774406E+02,2.084820E+02,1.516606E-02,1.608654E-02
03:10:00,1.396059E+03,5.877353E+02,5.609094E-02,4.535225E-02,6.286320E+02,1.628668E+02,2.525560E-02,1.256782E-02,1.569116E+02,3.622323E+01,6.303508E-03,2.795330E-03,3.131291E+02,1.185780E+02,1.258144E-02,9.149728E-03,8.884125E+02,1.081637E+02,3.567920E-02,8.347926E-03,7.668204E+02,3.126973E+02,3.080893E-02,2.412926E-02,7.743448E+01,9.773135E+01,3.111766E-03,7.540400E-03,3.811793E+02,2.085499E+02,1.531630E-02,1.609177E-02
03:20:00,1.403761E+03,5.849834E+02,5.640037E-02,4.513989E-02,6.317423E+02,1.621544E+02,2.538057E-02,1.251284E-02,1.578022E+02,3.576777E+01,6.339295E-03,2.760181E-03,3.158321E+02,1.188547E+02,1.269006E-02,9.171075E-03,8.898275E+02,1.049528E+02,3.573604E-02,8.100090E-03,7.712028E+02,3.108525E+02,3.098502E-02,2.398691E-02,7.988956E+01,9.818835E+01,3.210427E-03,7.575657E-03,3.847997E+02,2.085753E+02,1.546179E-02,1.609373E-02
03:30:00,1.411253E+03,5.822071E+02,5.670139E-02,4.492565E-02,6.347376E+02,1.614154E+02,2.550091E-02,1.245580E-02,1.586340E+02,3.530658E+01,6.372714E-03,2.724589E-03,3.184307E+02,1.190953E+02,1.279448E-02,9.189635E-03,8.911629E+02,1.017851E+02,3.578968E-02,7.855576E-03,7.754486E+02,3.089956E+02,3.115561E-02,2.384361E-02,8.224481E+01,9.860886E+01,3.305077E-03,7.608098E-03,3.883099E+02,2.085567E+02,1.560285E-02,1.609230E-02
03:40:00,1.418546E+03,5.794085E+02,5.699443E-02,4.470969E-02,6.376263E+02,1.606522E+02,2.561697E-02,1.239690E-02,1.594131E+02,3.484095E+01,6.404019E-03,2.688655E-03,3.209322E+02,1.192999E+02,1.289500E-02,9.205422E-03,8.924275E+02,9.866261E+01,3.584047E-02,7.614561E-03,7.795663E+02,3.071287E+02,3.132106E-02,2.369954E-02,8.449865E+01,9.899620E+01,3.395652E-03,7.637981E-03,3.917141E+02,2.085014E+02,1.573966E-02,1.608802E-02
03:50:00,1.425649E+03,5.765897E+02,5.727984E-02,4.449218E-02,6.404158E+02,1.598669E+02,2.572905E-02,1.233630E-02,1.601452E+02,3.437210E+01,6.433432E-03,2.652472E-03,3.233436E+02,1.194738E+02,1.299190E-02,9.218838E-03,8.936288E+02,9.558814E+01,3.588872E-02,7.377252E-03,7.835633E+02,3.052535E+02,3.148165E-02,2.355484E-02,8.665573E+01,9.935409E+01,3.482339E-03,7.665592E-03,3.950180E+02,2.084095E+02,1.587243E-02,1.608093E-02
04:00:00,1.432571E+03,5.737527E+02,5.755794E-02,4.427325E-02,6.431126E+02,1.590615E+02,2.583740E-02,1.227415E-02,1.608349E+02,3.390110E+01,6.461146E-03,2.616122E-03,3.256709E+02,1.196165E+02,1.308542E-02,9.229847E-03,8.947729E+02,9.256581E+01,3.593468E-02,7.143971E-03,7.874461E+02,3.033718E+02,3.163766E-02,2.340963E-02,8.872152E+01,9.968395E+01,3.565358E-03,7.691040E-03,3.982269E+02,2.082839E+02,1.600137E-02,1.607124E-02
04:10:00,1.439318E+03,5.709575E+02,5.782903E-02,4.405755E-02,6.457223E+02,1.582614E+02,2.594225E-02,1.221241E-02,1.614867E+02,3.343443E+01,6.487331E-03,2.580107E-03,3.279196E+02,1.197440E+02,1.317578E-02,9.239686E-03,8.958651E+02,8.962766E+01,3.597855E-02,6.917192E-03,7.912204E+02,3.015163E+02,3.178931E-02,2.326645E-02,9.070120E+01,9.999157E+01,3.644916E-03,7.714774E-03,4.013455E+02,2.081426E+02,1.612669E-02,1.606033E-02
04:20:00,1.445889E+03,5.682017E+02,5.809306E-02,4.384490E-02,6.482473E+02,1.574677E+02,2.604370E-02,1.215116E-02,1.621034E+02,3.297279E+01,6.512112E-03,2.544480E-03,3.300921E+02,1.198579E+02,1.326308E-02,9.248470E-03,8.969092E+02,8.677342E+01,3.602048E-02,6.696889E-03,7.948872E+02,2.996861E+02,3.193664E-02,2.312522E-02,9.259714E+01,1.002792E+02,3.721110E-03,7.736965E-03,4.043742E+02,2.079883E+02,1.624840E-02,1.604842E-02
04:30:00,1.452292E+03,5.654935E+02,5.835033E-02,4.363592E-02,6.506922E+02,1.566845E+02,2.614193E-02,1.209071E-02,1.626885E+02,3.251717E+01,6.535618E-03,2.509317E-03,3.321931E+02,1.199596E+02,1.334750E-02,9.256320E-03,8.979090E+02,8.399574E+01,3.606064E-02,6.482494E-03,7.984516E+02,2.978859E+02,3.207985E-02,2.298630E-02,9.441401E+01,1.005487E+02,3.794126E-03,7.757756E-03,4.073175E+02,2.078245E+02,1.636668E-02,1.603579E-02
04:40:00,1.458535E+03,5.646132E+02,5.860115E-02,4.356798E-02,6.530619E+02,1.561358E+02,2.623714E-02,1.204837E-02,1.632448E+02,3.215113E+01,6.557969E-03,2.481067E-03,3.342273E+02,1.205611E+02,1.342924E-02,9.302731E-03,8.988681E+02,8.291845E+01,3.609917E-02,6.399323E-03,8.019189E+02,2.971671E+02,3.221917E-02,2.293083E-02,9.615665E+01,1.011711E+02,3.864159E-03,7.805773E-03,4.101805E+02,2.090761E+02,1.648172E-02,1.613236E-02
04:50:00,1.464623E+03,5.669746E+02,5.884579E-02,4.375021E-02,6.553604E+02,1.558638E+02,2.632949E-02,1.202738E-02,1.637749E+02,3.190520E+01,6.579269E-03,2.462087E-03,3.361988E+02,1.223506E+02,1.350846E-02,9.440815E-03,8.997894E+02,8.580019E+01,3.613617E-02,6.621726E-03,8.052938E+02,2.982291E+02,3.235477E-02,2.301279E-02,9.782914E+01,1.026607E+02,3.931374E-03,7.920707E-03,4.129673E+02,2.133886E+02,1.659371E-02,1.646513E-02
05:00:00,1.470563E+03,5.742411E+02,5.908445E-02,4.431100E-02,6.575910E+02,1.559205E+02,2.641911E-02,1.203176E-02,1.642811E+02,3.181709E+01,6.599607E-03,2.455288E-03,3.381111E+02,1.261633E+02,1.358530E-02,9.735033E-03,9.006755E+02,9.541769E+01,3.617176E-02,7.364105E-03,8.085798E+02,3.017761E+02,3.248680E-02,2.328653E-02,9.943505E+01,1.056638E+02,3.995912E-03,8.152413E-03,4.156813E+02,2.226753E+02,1.670277E-02,1.718174E-02
05:10:00,1.626479E+03,6.543534E+02,6.621106E-02,5.098156E-02,7.179055E+02,1.800930E+02,2.924135E-02,1.403261E-02,1.780901E+02,3.717902E+01,7.262842E-03,2.905286E-03,3.832351E+02,1.517880E+02,1.561600E-02,1.184259E-02,9.436115E+02,1.285395E+02,3.841922E-02,1.008712E-02,8.933571E+02,3.444046E+02,3.637881E-02,2.684074E-02,1.306962E+02,1.254662E+02,5.335889E-03,9.789483E-03,4.797735E+02,2.670187E+02,1.954448E-02,2.083574E-02
05:20:00,1.664831E+03,6.891958E+02,6.876629E-02,5.451621E-02,7.429295E+02,1.897549E+02,3.072912E-02,1.501267E-02,1.894589E+02,4.194860E+01,7.858490E-03,3.339777E-03,4.019209E+02,1.685309E+02,1.663490E-02,1.337680E-02,9.749461E+02,1.678069E+02,4.033058E-02,1.346430E-02,9.208427E+02,3.646404E+02,3.806385E-02,2.885971E-02,1.435402E+02,1.396216E+02,5.956279E-03,1.108581E-02,4.995733E+02,2.980128E+02,2.065787E-02,2.365949E-02
05:30:00,1.769840E+03,7.618944E+02,7.424014E-02,6.122012E-02,7.869116E+02,2.096430E+02,3.304666E-02,1.684881E-02,2.018047E+02,4.772920E+01,8.496885E-03,3.858587E-03,4.365030E+02,1.957068E+02,1.835015E-02,1.578532E-02,1.008722E+03,2.188178E+02,4.234705E-02,1.782400E-02,9.806831E+02,4.027870E+02,4.116554E-02,3.237771E-02,1.691116E+02,1.612286E+02,7.134652E-03,1.300663E-02,5.470393E+02,3.472826E+02,2.298329E-02,2.801439E-02
05:40:00,1.851198E+03,8.294252E+02,7.868124E-02,6.750086E-02,8.222093E+02,2.265174E+02,3.498505E-02,1.843335E-02,2.123403E+02,5.308806E+01,9.056316E-03,4.342143E-03,4.641208E+02,2.223616E+02,1.976150E-02,1.815380E-02,1.037470E+03,2.763554E+02,4.414352E-02,2.273889E-02,1.027799E+03,4.369111E+02,4.371168E-02,3.556419E-02,1.890417E+02,1.825256E+02,8.066935E-03,1.490420E-02,5.839004E+02,3.966085E+02,2.484581E-02,3.238346E-02
05:50:00,1.927353E+03,8.978293E+02,8.289848E-02,7.387269E-02,8.548066E+02,2.428286E+02,3.680668E-02,1.997151E-02,2.218559E+02,5.831091E+01,9.571419E-03,4.814538E-03,4.895591E+02,2.497436E+02,2.107868E-02,2.059102E-02,1.063570E+03,3.390732E+02,4.582454E-02,2.811048E-02,1.071570E+03,4.698041E+02,4.611360E-02,3.865701E-02,2.072988E+02,2.044018E+02,8.926957E-03,1.685629E-02,6.180823E+02,4.471234E+02,2.659280E-02,3.687195E-02
06:00:00,1.999871E+03,9.660778E+02,8.696006E-02,8.026046E-02,8.853708E+02,2.588102E+02,3.854065E-02,2.148322E-02,2.305422E+02,6.343274E+01,1.005050E-02,5.278977E-03,5.133115E+02,2.772023E+02,2.232319E-02,2.304799E-02,1.087635E+03,4.042944E+02,4.741688E-02,3.373298E-02,1.112914E+03,5.008606E+02,4.841119E-02,4.161019E-02,2.241430E+02,2.263847E+02,9.726035E-03,1.882754E-02,6.502070E+02,4.969511E+02,2.825134E-02,4.133528E-02
06:10:00,1.999485E+03,1.031699E+03,8.854264E-02,8.684681E-02,8.831226E+02,2.730108E+02,3.911923E-02,2.298127E-02,2.311199E+02,6.796524E+01,1.024593E-02,5.723779E-03,5.208503E+02,3.043904E+02,2.308391E-02,2.563117E-02,1.068480E+03,4.716786E+02,4.730707E-02,3.972900E-02,1.113698E+03,5.278398E+02,4.932707E-02,4.442695E-02,2.385717E+02,2.480206E+02,1.059383E-02,2.088120E-02,6.631907E+02,5.456180E+02,2.938930E-02,4.593722E-02
06:20:00,1.995048E+03,1.115761E+03,8.954005E-02,9.500061E-02,8.788018E+02,2.927176E+02,3.948731E-02,2.492318E-02,2.308269E+02,7.266346E+01,1.039786E-02,6.194472E-03,5.261745E+02,3.353493E+02,2.366001E-02,2.857786E-02,1.047775E+03,5.393557E+02,4.709158E-02,4.598726E-02,1.111792E+03,5.620230E+02,4.992865E-02,4.783359E-02,2.525437E+02,2.721392E+02,1.139008E-02,2.318820E-02,6.739640E+02,5.991329E+02,3.028674E-02,5.103833E-02
06:30:00,1.985713E+03,1.185562E+03,9.059364E-02,1.020998E-01,8.722203E+02,3.083662E+02,3.983040E-02,2.656047E-02,2.297251E+02,7.687204E+01,1.051569E-02,6.627790E-03,5.293795E+02,3.622879E+02,2.420412E-02,3.122792E-02,1.025488E+03,6.041988E+02,4.681273E-02,5.208453E-02,1.106867E+03,5.876738E+02,5.052707E-02,5.058137E-02,2.635152E+02,2.933348E+02,1.209792E-02,2.528002E-02,6.810348E+02,6.445952E+02,3.112715E-02,5.553160E-02
06:40:00,1.973898E+03,1.258509E+03,9.143137E-02,1.094614E-01,8.642987E+02,3.250856E+02,4.007374E-02,2.827786E-02,2.280363E+02,8.118408E+01,1.059796E-02,7.068288E-03,5.312883E+02,3.897234E+02,2.465754E-02,3.392323E-02,1.002093E+03,6.680800E+02,4.646034E-02,5.814797E-02,1.100266E+03,6.134772E+02,5.099307E-02,5.332639E-02,2.736236E+02,3.148194E+02,1.274124E-02,2.739921E-02,6.867991E+02,6.895086E+02,3.186136E-02,5.998627E-02
06:50:00,1.959855E+03,1.331610E+03,9.214422E-02,1.168565E-01,8.552151E+02,3.417614E+02,4.025135E-02,2.998907E-02,2.258575E+02,8.550043E+01,1.065264E-02,7.508674E-03,5.320827E+02,4.168354E+02,2.504942E-02,3.660019E-02,9.777945E+02,7.309202E+02,4.605385E-02,6.416879E-02,1.092195E+03,6.380775E+02,5.137648E-02,5.596559E-02,2.825852E+02,3.359875E+02,1.332335E-02,2.949845E-02,6.910736E+02,7.327804E+02,3.251440E-02,6.431780E-02
07:00:00,1.943867E+03,1.404435E+03,9.275222E-02,1.242497E-01,8.451673E+02,3.582830E+02,4.037545E-02,3.168571E-02,2.232766E+02,8.980985E+01,1.068475E-02,7.948328E-03,5.319496E+02,4.434746E+02,2.539078E-02,3.924630E-02,9.527667E+02,7.919935E+02,4.560403E-02,7.008044E-02,1.082855E+03,6.616194E+02,5.169084E-02,5.851225E-02,2.906582E+02,3.567184E+02,1.385771E-02,3.156768E-02,6.941294E+02,7.742829E+02,3.310191E-02,6.851453E-02
07:10:00,1.957092E+03,1.489735E+03,9.499986E-02,1.341405E-01,8.503311E+02,3.791670E+02,4.128042E-02,3.414600E-02,2.246670E+02,9.564563E+01,1.090835E-02,8.620288E-03,5.364362E+02,4.748920E+02,2.604396E-02,4.277555E-02,9.560109E+02,8.568021E+02,4.639987E-02,7.703092E-02,1.090238E+03,6.907671E+02,5.292465E-02,6.217987E-02,2.943505E+02,3.816932E+02,1.429258E-02,3.437859E-02,7.004001E+02,8.217281E+02,3.400183E-02,7.398609E-02
07:20:00,2.004468E+03,1.552748E+03,9.842859E-02,1.422199E-01,8.654108E+02,3.935134E+02,4.251854E-02,3.604652E-02,2.264250E+02,1.009711E+02,1.113490E-02,9.274315E-03,5.481750E+02,5.004534E+02,2.693295E-02,4.588699E-02,9.621099E+02,9.166470E+02,4.728317E-02,8.394555E-02,1.114019E+03,7.090814E+02,5.471743E-02,6.490373E-02,3.023715E+02,4.025022E+02,1.485893E-02,3.691166E-02,7.189197E+02,8.590557E+02,3.530916E-02,7.871312E-02
07:30:00,2.029666E+03,1.623652E+03,1.009359E-01,1.512682E-01,8.738775E+02,4.103731E+02,4.347621E-02,3.824500E-02,2.276283E+02,1.063335E+02,1.133375E-02,9.935339E-03,5.543999E+02,5.270252E+02,2.758753E-02,4.915149E-02,9.668613E+02,9.733499E+02,4.810060E-02,9.063447E-02,1.126846E+03,7.319463E+02,5.605116E-02,6.814896E-02,3.061989E+02,4.237141E+02,1.524435E-02,3.952217E-02,7.283917E+02,8.981637E+02,3.623631E-02,8.369831E-02
07:40:00,2.060999E+03,1.690258E+03,1.036706E-01,1.598880E-01,8.845149E+02,4.258227E+02,4.451156E-02,4.028869E-02,2.292101E+02,1.113733E+02,1.154387E-02,1.056200E-02,5.622815E+02,5.516266E+02,2.829941E-02,5.222691E-02,9.728822E+02,1.026542E+03,4.896202E-02,9.704615E-02,1.142897E+03,7.532397E+02,5.750215E-02,7.121184E-02,3.112341E+02,4.432370E+02,1.566998E-02,4.197012E-02,7.403576E+02,9.344976E+02,3.725154E-02,8.841844E-02
07:50:00,2.092739E+03,1.754618E+03,1.064027E-01,1.683215E-01,8.954568E+02,4.407138E+02,4.554984E-02,4.227353E-02,2.309328E+02,1.161604E+02,1.175614E-02,1.116313E-02,5.703588E+02,5.745929E+02,2.901062E-02,5.515646E-02,9.793929E+02,1.075388E+03,4.983654E-02,1.031036E-01,1.159264E+03,7.744124E+02,5.895382E-02,7.425426E-02,3.163863E+02,4.613182E+02,1.609248E-02,4.428720E-02,7.525263E+02,9.686236E+02,3.826379E-02,9.294503E-02
08:00:00,2.124512E+03,1.817892E+03,1.091196E-01,1.766842E-01,9.065483E+02,4.552800E+02,4.658631E-02,4.422395E-02,2.327605E+02,1.207427E+02,1.196976E-02,1.174396E-02,5.785273E+02,5.961424E+02,2.971822E-02,5.796184E-02,9.862557E+02,1.120387E+03,5.072006E-02,1.088483E-01,1.175738E+03,7.960520E+02,6.039949E-02,7.733605E-02,3.216061E+02,4.781304E+02,1.651115E-02,4.649083E-02,7.647531E+02,1.001043E+03,3.926882E-02,9.732656E-02
08:10:00,2.045178E+03,1.802462E+03,1.055511E-01,1.766231E-01,8.746831E+02,4.429262E+02,4.514160E-02,4.340358E-02,2.244545E+02,1.188552E+02,1.158372E-02,1.164570E-02,5.528735E+02,5.916191E+02,2.853413E-02,5.796917E-02,9.640094E+02,1.139333E+03,4.974649E-02,1.115206E-01,1.131416E+03,7.776561E+02,5.839203E-02,7.620321E-02,3.019984E+02,4.742168E+02,1.558695E-02,4.646306E-02,7.287052E+02,9.944711E+02,3.760922E-02,9.743983E-02
08:20:00,2.048998E+03,1.840582E+03,1.057473E-01,1.803674E-01,8.681307E+02,4.460785E+02,4.480296E-02,4.371380E-02,2.182705E+02,1.178791E+02,1.126447E-02,1.155095E-02,5.467129E+02,5.982995E+02,2.821598E-02,5.862769E-02,9.503945E+02,1.159801E+03,4.904313E-02,1.135979E-01,1.127984E+03,7.862979E+02,5.821433E-02,7.705303E-02,2.952360E+02,4.776224E+02,1.523789E-02,4.680032E-02,7.244534E+02,1.007323E+03,3.738956E-02,9.870711E-02
08:30:00,2.009364E+03,1.851960E+03,1.037017E-01,1.814842E-01,8.496556E+02,4.406525E+02,4.384939E-02,4.318221E-02,2.117711E+02,1.163637E+02,1.092903E-02,1.140264E-02,5.306162E+02,5.977503E+02,2.738521E-02,5.857475E-02,9.359170E+02,1.177104E+03,4.829580E-02,1.153258E-01,1.103750E+03,7.824041E+02,5.696358E-02,7.667198E-02,2.814572E+02,4.760747E+02,1.452675E-02,4.664951E-02,7.031362E+02,1.008882E+03,3.628936E-02,9.886188E-02
08:40:00,1.986206E+03,1.872835E+03,1.025066E-01,1.835298E-01,8.373743E+02,4.385738E+02,4.321559E-02,4.297836E-02,2.066865E+02,1.154613E+02,1.066662E-02,1.131424E-02,5.196568E+02,5.988146E+02,2.681962E-02,5.867914E-02,9.251234E+02,1.192893E+03,4.773870E-02,1.168876E-01,1.088517E+03,7.846319E+02,5.617745E-02,7.689022E-02,2.716695E+02,4.758108E+02,1.402160E-02,4.662380E-02,6.892938E+02,1.012861E+03,3.557500E-02,9.925212E-02
08:50:00,1.966830E+03,1.896826E+03,1.015067E-01,1.858808E-01,8.271598E+02,4.377061E+02,4.268841E-02,4.289329E-02,2.024561E+02,1.149131E+02,1.044828E-02,1.126055E-02,5.104675E+02,5.999533E+02,2.634535E-02,5.879074E-02,9.163789E+02,1.206720E+03,4.728737E-02,1.182491E-01,1.075809E+03,7.896955E+02,5.552158E-02,7.738642E-02,2.634306E+02,4.757321E+02,1.359637E-02,4.661614E-02,6.776609E+02,1.016845E+03,3.497464E-02,9.964268E-02
09:00:00,1.949993E+03,1.922600E+03,1.006377E-01,1.884065E-01,8.184409E+02,4.377175E+02,4.223841E-02,4.289443E-02,1.988953E+02,1.146311E+02,1.026450E-02,1.123292E-02,5.025988E+02,6.008135E+02,2.593924E-02,5.887504E-02,9.091724E+02,1.218198E+03,4.691543E-02,1.193770E-01,1.064880E+03,7.970288E+02,5.495754E-02,7.810511E-02,2.563889E+02,4.755470E+02,1.323293E-02,4.659801E-02,6.676440E+02,1.020241E+03,3.445766E-02,9.997545E-02
09:10:00,1.935019E+03,1.949433E+03,9.986491E-02,1.910360E-01,8.108946E+02,4.383344E+02,4.184892E-02,4.295491E-02,1.958792E+02,1.145567E+02,1.010883E-02,1.122564E-02,4.957834E+02,6.012170E+02,2.558748E-02,5.891458E-02,9.031770E+02,1.227090E+03,4.660601E-02,1.202497E-01,1.055334E+03,8.062449E+02,5.446483E-02,7.900831E-02,2.503175E+02,4.751093E+02,1.291957E-02,4.655512E-02,6.589072E+02,1.022743E+03,3.400674E-02,1.002206E-01
09:20:00,1.921570E+03,1.976767E+03,9.917078E-02,1.937146E-01,8.042832E+02,4.394045E+02,4.150770E-02,4.305980E-02,1.933091E+02,1.146496E+02,9.976191E-03,1.123475E-02,4.898193E+02,6.010488E+02,2.527966E-02,5.889809E-02,8.981445E+02,1.233258E+03,4.634629E-02,1.208546E-01,1.046843E+03,8.170876E+02,5.402660E-02,8.007091E-02,2.450394E+02,4.743094E+02,1.264715E-02,4.647674E-02,6.512010E+02,1.024156E+03,3.360900E-02,1.003591E-01
09:30:00,1.909347E+03,2.003988E+03,9.853994E-02,1.963821E-01,7.983943E+02,4.410059E+02,4.120377E-02,4.321675E-02,1.911060E+02,1.149534E+02,9.862482E-03,1.126452E-02,4.845496E+02,6.000689E+02,2.500767E-02,5.880205E-02,8.938401E+02,1.236461E+03,4.612415E-02,1.211688E-01,1.039232E+03,8.295751E+02,5.363380E-02,8.129466E-02,2.404129E+02,4.729499E+02,1.240836E-02,4.634352E-02,6.443108E+02,1.024245E+03,3.325339E-02,1.003677E-01
09:40:00,1.898122E+03,2.030705E+03,9.796061E-02,1.990002E-01,7.931192E+02,4.429562E+02,4.093152E-02,4.340789E-02,1.892055E+02,1.154037E+02,9.764397E-03,1.130865E-02,4.798333E+02,5.982908E+02,2.476426E-02,5.862779E-02,8.901554E+02,1.236697E+03,4.593398E-02,1.211919E-01,1.032340E+03,8.433459E+02,5.327809E-02,8.264417E-02,2.363247E+02,4.710211E+02,1.219735E-02,4.615452E-02,6.381094E+02,1.022958E+03,3.293332E-02,1.002416E-01
09:50:00,1.887720E+03,2.056563E+03,9.742375E-02,2.015341E-01,7.883505E+02,4.451481E+02,4.068540E-02,4.362270E-02,1.875475E+02,1.159632E+02,9.678827E-03,1.136347E-02,4.755892E+02,5.956774E+02,2.454521E-02,5.837168E-02,8.869746E+02,1.233886E+03,4.576983E-02,1.209165E-01,1.026039E+03,8.581193E+02,5.295287E-02,8.409192E-02,2.326784E+02,4.684790E+02,1.200916E-02,4.590541E-02,6.324800E+02,1.020192E+03,3.264277E-02,9.997056E-02
10:00:00,1.878015E+03,2.081184E+03,9.692283E-02,2.039468E-01,7.840051E+02,4.475109E+02,4.046113E-02,4.385426E-02,1.860989E+02,1.166062E+02,9.604062E-03,1.142649E-02,4.717433E+02,5.921800E+02,2.434672E-02,5.802895E-02,8.842048E+02,1.227972E+03,4.562689E-02,1.203369E-01,1.020233E+03,8.736653E+02,5.265321E-02,8.561536E-02,2.294082E+02,4.652763E+02,1.184037E-02,4.559158E-02,6.273332E+02,1.015867E+03,3.237714E-02,9.954670E-02
10:10:00,1.868898E+03,2.104215E+03,9.645231E-02,2.062036E-01,7.800134E+02,4.500023E+02,4.025512E-02,4.409840E-02,1.848254E+02,1.173022E+02,9.538336E-03,1.149469E-02,4.682315E+02,5.877541E+02,2.416547E-02,5.759522E-02,8.817705E+02,1.218811E+03,4.550126E-02,1.194390E-01,1.014842E+03,8.898399E+02,5.237499E-02,8.720040E-02,2.264538E+02,4.613674E+02,1.168788E-02,4.520854E-02,6.225926E+02,1.009918E+03,3.213246E-02,9.896368E-02
10:20:00,1.860284E+03,2.125315E+03,9.600775E-02,2.082711E-01,7.763195E+02,4.525681E+02,4.006447E-02,4.434985E-02,1.836983E+02,1.180265E+02,9.480167E-03,1.156566E-02,4.650015E+02,5.823496E+02,2.399876E-02,5.706560E-02,8.796113E+02,1.206279E+03,4.538982E-02,1.182108E-01,1.009802E+03,9.064504E+02,5.211490E-02,8.882814E-02,2.237648E+02,4.567115E+02,1.154910E-02,4.475232E-02,6.181956E+02,1.002281E+03,3.190552E-02,9.821528E-02
10:30:00,1.852107E+03,2.144333E+03,9.558574E-02,2.101347E-01,7.728788E+02,4.549835E+02,3.988690E-02,4.458654E-02,1.826941E+02,1.186836E+02,9.428338E-03,1.163006E-02,4.620112E+02,5.760616E+02,2.384443E-02,5.644942E-02,8.776790E+02,1.190418E+03,4.529010E-02,1.166565E-01,1.005064E+03,9.230738E+02,5.187034E-02,9.045713E-02,2.213009E+02,4.513767E+02,1.142193E-02,4.422956E-02,6.140924E+02,9.929730E+02,3.169375E-02,9.730316E-02
10:40:00,1.844315E+03,2.160965E+03,9.518357E-02,2.117645E-01,7.696557E+02,4.573150E+02,3.972056E-02,4.481502E-02,1.817933E+02,1.192954E+02,9.381849E-03,1.169001E-02,4.592265E+02,5.687822E+02,2.370070E-02,5.573608E-02,8.759351E+02,1.171083E+03,4.520011E-02,1.147617E-01,1.000586E+03,9.396468E+02,5.163924E-02,9.208117E-02,2.190289E+02,4.452721E+02,1.130466E-02,4.363138E-02,6.102428E+02,9.818813E+02,3.149506E-02,9.621623E-02
10:50:00,1.836865E+03,2.174988E+03,9.479907E-02,2.131385E-01,7.666216E+02,4.595776E+02,3.956397E-02,4.503672E-02,1.809800E+02,1.198649E+02,9.339875E-03,1.174581E-02,4.566197E+02,5.604691E+02,2.356616E-02,5.492145E-02,8.743488E+02,1.148289E+03,4.511824E-02,1.125279E-01,9.963371E+02,9.560348E+02,5.141995E-02,9.368707E-02,2.169216E+02,4.383719E+02,1.119590E-02,4.295523E-02,6.066141E+02,9.690049E+02,3.130778E-02,9.495443E-02
11:00:00,1.829715E+03,2.186319E+03,9.443006E-02,2.142488E-01,7.637499E+02,4.617665E+02,3.941575E-02,4.525123E-02,1.802401E+02,1.203894E+02,9.301688E-03,1.179720E-02,4.541643E+02,5.511581E+02,2.343944E-02,5.400903E-02,8.728942E+02,1.122201E+03,4.504318E-02,1.099714E-01,9.922857E+02,9.720027E+02,5.121086E-02,9.525180E-02,2.149532E+02,4.306889E+02,1.109430E-02,4.220238E-02,6.031746E+02,9.543961E+02,3.113026E-02,9.352286E-02
11:10:00,1.822840E+03,2.194832E+03,9.407522E-02,2.150829E-01,7.610220E+02,4.638528E+02,3.927497E-02,4.545567E-02,1.795627E+02,1.208531E+02,9.266727E-03,1.184264E-02,4.518424E+02,5.409045E+02,2.331960E-02,5.300424E-02,8.715515E+02,1.093084E+03,4.497388E-02,1.071180E-01,9.884119E+02,9.872743E+02,5.101093E-02,9.674829E-02,2.131058E+02,4.222809E+02,1.099895E-02,4.137849E-02,5.999031E+02,9.382194E+02,3.096141E-02,9.193765E-02
11:20:00,1.816219E+03,2.200714E+03,9.373353E-02,2.156592E-01,7.584235E+02,4.658552E+02,3.914086E-02,4.565188E-02,1.789391E+02,1.212528E+02,9.234542E-03,1.188180E-02,4.496395E+02,5.298830E+02,2.320591E-02,5.192421E-02,8.703048E+02,1.061513E+03,4.490955E-02,1.040241E-01,9.847001E+02,1.001693E+03,5.081936E-02,9.816118E-02,2.113652E+02,4.132706E+02,1.090911E-02,4.049559E-02,5.967833E+02,9.207813E+02,3.080039E-02,9.022885E-02
11:30:00,1.809835E+03,2.204333E+03,9.340406E-02,2.160137E-01,7.559421E+02,4.677807E+02,3.901280E-02,4.584057E-02,1.783619E+02,1.215876E+02,9.204755E-03,1.191461E-02,4.475434E+02,5.183771E+02,2.309772E-02,5.079672E-02,8.691413E+02,1.028377E+03,4.484950E-02,1.007769E-01,9.811366E+02,1.015133E+03,5.063545E-02,9.947816E-02,2.097193E+02,4.038600E+02,1.082416E-02,3.957346E-02,5.938007E+02,9.025567E+02,3.064646E-02,8.844297E-02
11:40:00,1.803673E+03,2.206313E+03,9.308603E-02,2.162077E-01,7.535673E+02,4.696361E+02,3.889024E-02,4.602237E-02,1.778251E+02,1.218595E+02,9.177050E-03,1.194125E-02,4.455435E+02,5.067655E+02,2.299451E-02,4.965888E-02,8.680503E+02,9.949262E+02,4.479320E-02,9.749886E-02,9.777097E+02,1.027534E+03,5.045859E-02,1.006934E-01,2.081578E+02,3.943362E+02,1.074357E-02,3.864024E-02,5.909432E+02,8.842018E+02,3.049898E-02,8.664433E-02
11:50:00,1.797719E+03,2.207482E+03,9.277874E-02,2.163221E-01,7.512903E+02,4.714292E+02,3.877272E-02,4.619809E-02,1.773235E+02,1.220734E+02,9.151164E-03,1.196221E-02,4.436312E+02,4.955636E+02,2.289581E-02,4.856118E-02,8.670232E+02,9.627436E+02,4.474020E-02,9.434512E-02,9.744097E+02,1.038870E+03,5.028827E-02,1.018041E-01,2.066720E+02,3.850717E+02,1.066688E-02,3.773243E-02,5.882002E+02,8.665567E+02,3.035741E-02,8.491527E-02
12:00:00,1.791961E+03,2.209317E+03,9.248157E-02,2.165019E-01,7.491034E+02,4.734326E+02,3.865986E-02,4.639441E-02,1.768529E+02,1.223892E+02,9.126876E-03,1.199315E-02,4.417989E+02,4.853228E+02,2.280124E-02,4.755768E-02,8.660527E+02,9.343603E+02,4.469012E-02,9.156373E-02,9.712279E+02,1.049649E+03,5.012406E-02,1.028604E-01,2.052546E+02,3.764851E+02,1.059372E-02,3.689106E-02,5.855631E+02,8.505498E+02,3.022130E-02,8.334675E-02
12:10:00,1.786389E+03,2.212926E+03,9.219401E-02,2.168556E-01,7.470003E+02,4.760019E+02,3.855131E-02,4.664618E-02,1.764097E+02,1.230264E+02,9.104001E-03,1.205559E-02,4.400402E+02,4.762929E+02,2.271047E-02,4.667285E-02,8.651330E+02,9.116824E+02,4.464265E-02,8.934149E-02,9.681569E+02,1.060614E+03,4.996557E-02,1.039349E-01,2.038994E+02,3.687614E+02,1.052378E-02,3.613424E-02,5.830240E+02,8.365455E+02,3.009025E-02,8.197449E-02
12:20:00,1.780994E+03,2.219070E+03,9.191555E-02,2.174577E-01,7.449752E+02,4.794515E+02,3.844680E-02,4.698423E-02,1.759908E+02,1.241890E+02,9.082382E-03,1.216952E-02,4.383496E+02,4.685843E+02,2.262322E-02,4.591750E-02,8.642588E+02,8.961291E+02,4.459754E-02,8.781746E-02,9.651904E+02,1.072365E+03,4.981247E-02,1.050863E-01,2.026011E+02,3.620083E+02,1.045677E-02,3.547254E-02,5.805763E+02,8.247043E+02,2.996393E-02,8.081420E-02
12:30:00,1.775767E+03,2.228181E+03,9.164578E-02,2.183505E-01,7.430233E+02,4.840603E+02,3.834607E-02,4.743589E-02,1.755937E+02,1.260606E+02,9.061889E-03,1.235293E-02,4.367224E+02,4.621910E+02,2.253924E-02,4.529105E-02,8.634262E+02,8.886091E+02,4.455457E-02,8.708071E-02,9.623225E+02,1.085398E+03,4.966445E-02,1.063635E-01,2.013550E+02,3.562494E+02,1.039246E-02,3.490825E-02,5.782143E+02,8.149996E+02,2.984202E-02,7.986328E-02
12:40:00,1.770700E+03,2.240337E+03,9.138429E-02,2.195418E-01,7.411403E+02,4.900628E+02,3.824888E-02,4.802413E-02,1.752162E+02,1.288049E+02,9.042408E-03,1.262186E-02,4.351543E+02,4.569704E+02,2.245831E-02,4.477951E-02,8.626314E+02,8.894661E+02,4.451356E-02,8.716489E-02,9.595480E+02,1.100116E+03,4.952126E-02,1.078057E-01,2.001574E+02,3.514063E+02,1.033064E-02,3.443372E-02,5.759328E+02,8.071829E+02,2.972427E-02,7.909737E-02
12:50:00,1.765787E+03,2.255226E+03,9.113073E-02,2.210009E-01,7.393223E+02,4.976473E+02,3.815506E-02,4.876742E-02,1.748565E+02,1.326245E+02,9.023844E-03,1.299616E-02,4.336417E+02,4.526353E+02,2.238024E-02,4.435475E-02,8.618715E+02,8.984395E+02,4.447434E-02,8.804445E-02,9.568625E+02,1.116837E+03,4.938266E-02,1.094443E-01,1.990046E+02,3.472939E+02,1.027114E-02,3.403077E-02,5.737272E+02,8.007715E+02,2.961044E-02,7.846917E-02
13:00:00,1.761021E+03,2.271806E+03,9.088476E-02,2.226257E-01,7.375658E+02,5.066960E+02,3.806441E-02,4.965419E-02,1.745130E+02,1.376448E+02,9.006115E-03,1.348812E-02,4.321813E+02,4.488010E+02,2.230487E-02,4.397905E-02,8.611438E+02,9.140284E+02,4.443679E-02,8.957229E-02,9.542616E+02,1.135336E+03,4.924843E-02,1.112571E-01,1.978938E+02,3.436521E+02,1.021381E-02,3.367393E-02,5.715936E+02,7.951271E+02,2.950031E-02,7.791612E-02
13:10:00,1.756396E+03,2.289255E+03,9.064607E-02,2.243356E-01,7.358677E+02,5.170061E+02,3.797677E-02,5.066457E-02,1.741843E+02,1.439161E+02,8.989151E-03,1.410268E-02,4.307702E+02,4.453488E+02,2.223204E-02,4.364079E-02,8.604460E+02,9.350504E+02,4.440078E-02,9.163255E-02,9.517417E+02,1.155106E+03,4.911838E-02,1.131945E-01,1.968223E+02,3.404092E+02,1.015851E-02,3.335619E-02,5.695281E+02,7.900823E+02,2.939372E-02,7.742181E-02
13:20:00,1.751907E+03,2.306859E+03,9.041438E-02,2.260607E-01,7.342253E+02,5.283458E+02,3.789200E-02,5.177584E-02,1.738692E+02,1.514675E+02,8.972891E-03,1.484267E-02,4.294059E+02,4.421952E+02,2.216163E-02,4.333178E-02,8.597762E+02,9.603883E+02,4.436621E-02,9.411570E-02,9.492990E+02,1.175658E+03,4.899231E-02,1.152085E-01,1.957877E+02,3.375054E+02,1.010511E-02,3.307166E-02,5.675276E+02,7.855143E+02,2.929047E-02,7.697421E-02
13:30:00,1.747548E+03,2.323963E+03,9.018941E-02,2.277369E-01,7.326358E+02,5.404785E+02,3.780997E-02,5.296481E-02,1.735668E+02,1.603153E+02,8.957282E-03,1.570969E-02,4.280859E+02,4.392786E+02,2.209350E-02,4.304599E-02,8.591325E+02,9.889737E+02,4.433299E-02,9.691705E-02,9.469304E+02,1.196510E+03,4.887007E-02,1.172519E-01,1.947879E+02,3.348946E+02,1.005351E-02,3.281584E-02,5.655890E+02,7.813309E+02,2.919041E-02,7.656429E-02
13:40:00,1.743314E+03,2.339997E+03,8.997090E-02,2.293080E-01,7.310969E+02,5.531790E+02,3.773055E-02,5.420941E-02,1.732761E+02,1.704620E+02,8.942277E-03,1.670399E-02,4.268082E+02,4.365497E+02,2.202756E-02,4.277858E-02,8.585134E+02,1.019816E+03,4.430105E-02,9.993950E-02,9.446328E+02,1.217216E+03,4.875149E-02,1.192809E-01,1.938212E+02,3.325393E+02,1.000361E-02,3.258507E-02,5.637095E+02,7.774568E+02,2.909341E-02,7.618468E-02
13:50:00,1.739201E+03,2.354490E+03,8.975863E-02,2.307283E-01,7.296064E+02,5.662408E+02,3.765363E-02,5.548941E-02,1.729962E+02,1.818373E+02,8.927837E-03,1.781868E-02,4.255707E+02,4.339677E+02,2.196369E-02,4.252559E-02,8.579174E+02,1.052024E+03,4.427029E-02,1.030958E-01,9.424034E+02,1.237366E+03,4.863643E-02,1.212555E-01,1.928857E+02,3.304082E+02,9.955326E-03,3.237625E-02,5.618865E+02,7.738279E+02,2.899932E-02,7.582909E-02
14:00:00,1.735204E+03,2.367012E+03,8.955235E-02,2.319552E-01,7.281623E+02,5.794782E+02,3.757910E-02,5.678660E-02,1.727267E+02,1.942620E+02,8.913925E-03,1.903619E-02,4.243716E+02,4.314994E+02,2.190180E-02,4.228372E-02,8.573434E+02,1.084815E+03,4.424067E-02,1.063092E-01,9.402395E+02,1.256611E+03,4.852475E-02,1.231413E-01,1.919799E+02,3.284743E+02,9.908578E-03,3.218676E-02,5.601177E+02,7.703891E+02,2.890803E-02,7.549213E-02
14:10:00,1.731319E+03,2.377204E+03,8.935186E-02,2.329540E-01,7.267627E+02,5.926505E+02,3.750686E-02,5.807741E-02,1.724667E+02,2.075426E+02,8.900510E-03,2.033757E-02,4.232093E+02,4.291123E+02,2.184182E-02,4.204981E-02,8.567902E+02,1.117560E+03,4.421212E-02,1.095180E-01,9.381387E+02,1.274585E+03,4.841633E-02,1.249026E-01,1.911025E+02,3.267130E+02,9.863292E-03,3.201418E-02,5.584009E+02,7.670648E+02,2.881942E-02,7.516638E-02
14:20:00,1.727543E+03,2.384980E+03,8.915695E-02,2.337159E-01,7.254056E+02,6.056399E+02,3.743683E-02,5.935027E-02,1.722159E+02,2.216534E+02,8.887562E-03,2.172028E-02,4.220823E+02,4.267062E+02,2.178365E-02,4.181403E-02,8.562567E+02,1.149893E+03,4.418459E-02,1.126864E-01,9.360985E+02,1.291184E+03,4.831104E-02,1.265291E-01,1.902522E+02,3.250463E+02,9.819404E-03,3.185087E-02,5.567340E+02,7.635079E+02,2.873339E-02,7.481785E-02
14:30:00,1.723871E+03,2.390088E+03,8.896742E-02,2.342163E-01,7.240896E+02,6.183122E+02,3.736891E-02,6.059207E-02,1.719735E+02,2.363615E+02,8.875056E-03,2.316152E-02,4.209890E+02,4.243090E+02,2.172723E-02,4.157914E-02,8.557420E+02,1.181363E+03,4.415803E-02,1.157703E-01,9.341168E+02,1.306156E+03,4.820876E-02,1.279962E-01,1.894277E+02,3.234855E+02,9.776850E-03,3.169793E-02,5.551151E+02,7.598451E+02,2.864984E-02,7.445893E-02
14:40:00,1.720299E+03,2.392414E+03,8.878310E-02,2.344442E-01,7.228130E+02,6.305555E+02,3.730302E-02,6.179180E-02,1.717393E+02,2.514742E+02,8.862969E-03,2.464240E-02,4.199282E+02,4.219191E+02,2.167248E-02,4.134495E-02,8.552451E+02,1.211636E+03,4.413239E-02,1.187368E-01,9.321913E+02,1.319360E+03,4.810939E-02,1.292901E-01,1.886280E+02,3.220191E+02,9.735576E-03,3.155424E-02,5.535423E+02,7.560940E+02,2.856867E-02,7.409135E-02
14:50:00,1.716825E+03,2.391939E+03,8.860379E-02,2.343976E-01,7.215742E+02,6.423014E+02,3.723909E-02,6.294280E-02,1.715129E+02,2.668154E+02,8.851280E-03,2.614566E-02,4.188986E+02,4.195289E+02,2.161934E-02,4.111073E-02,8.547653E+02,1.240467E+03,4.410763E-02,1.215620E-01,9.303203E+02,1.330731E+03,4.801282E-02,1.304042E-01,1.878521E+02,3.206313E+02,9.695527E-03,3.141826E-02,5.520140E+02,7.522426E+02,2.848979E-02,7.371395E-02
15:00:00,1.713445E+03,2.388720E+03,8.842935E-02,2.340821E-01,7.203720E+02,6.534775E+02,3.717704E-02,6.403795E-02,1.712937E+02,2.822116E+02,8.839971E-03,2.765430E-02,4.178989E+02,4.171304E+02,2.156774E-02,4.087570E-02,8.543018E+02,1.267650E+03,4.408371E-02,1.242257E-01,9.285016E+02,1.340238E+03,4.791896E-02,1.313358E-01,1.870989E+02,3.193062E+02,9.656655E-03,3.128842E-02,5.505286E+02,7.482745E+02,2.841312E-02,7.332511E-02
15:10:00,1.710156E+03,2.382798E+03,8.825960E-02,2.335016E-01,7.192049E+02,6.640292E+02,3.711681E-02,6.507192E-02,1.710816E+02,2.974575E+02,8.829022E-03,2.914822E-02,4.169281E+02,4.147077E+02,2.151764E-02,4.063830E-02,8.538538E+02,1.292975E+03,4.406059E-02,1.267073E-01,9.267335E+02,1.347899E+03,4.782771E-02,1.320864E-01,1.863677E+02,3.180327E+02,9.618915E-03,3.116364E-02,5.490844E+02,7.441789E+02,2.833859E-02,7.292377E-02
15:20:00,1.706955E+03,2.374209E+03,8.809439E-02,2.326598E-01,7.180717E+02,6.738586E+02,3.705833E-02,6.603510E-02,1.708761E+02,3.121634E+02,8.818418E-03,3.058920E-02,4.159852E+02,4.123456E+02,2.146897E-02,4.040683E-02,8.534208E+02,1.316144E+03,4.403824E-02,1.289777E-01,9.250143E+02,1.353629E+03,4.773898E-02,1.326478E-01,1.856576E+02,3.168584E+02,9.582262E-03,3.104858E-02,5.476801E+02,7.402552E+02,2.826611E-02,7.253929E-02
15:30:00,1.703839E+03,2.363294E+03,8.793357E-02,2.315901E-01,7.169711E+02,6.829202E+02,3.700153E-02,6.692305E-02,1.706770E+02,3.261472E+02,8.808144E-03,3.195943E-02,4.150690E+02,4.099922E+02,2.142169E-02,4.017622E-02,8.530021E+02,1.337050E+03,4.401663E-02,1.310264E-01,9.233424E+02,1.357597E+03,4.765269E-02,1.330366E-01,1.849677E+02,3.157351E+02,9.546656E-03,3.093851E-02,5.463143E+02,7.363202E+02,2.819562E-02,7.215370E-02
15:40:00,1.700805E+03,2.350377E+03,8.777701E-02,2.303243E-01,7.159021E+02,6.911654E+02,3.694636E-02,6.773098E-02,1.704841E+02,3.392429E+02,8.798186E-03,3.324263E-02,4.141787E+02,4.076275E+02,2.137574E-02,3.994450E-02,8.525970E+02,1.355562E+03,4.399573E-02,1.328403E-01,9.217160E+02,1.359956E+03,4.756876E-02,1.332677E-01,1.842974E+02,3.146366E+02,9.512058E-03,3.083087E-02,5.449857E+02,7.323027E+02,2.812705E-02,7.176002E-02
15:50:00,1.697851E+03,2.335833E+03,8.762456E-02,2.288990E-01,7.148635E+02,6.985211E+02,3.689276E-02,6.845175E-02,1.702970E+02,3.513006E+02,8.788530E-03,3.442411E-02,4.133134E+02,4.052382E+02,2.133108E-02,3.971037E-02,8.522051E+02,1.371523E+03,4.397551E-02,1.344042E-01,9.201339E+02,1.360863E+03,4.748710E-02,1.333566E-01,1.836459E+02,3.135405E+02,9.478433E-03,3.072346E-02,5.436930E+02,7.281634E+02,2.806033E-02,7.135441E-02
16:00:00,1.694975E+03,2.320070E+03,8.747610E-02,2.273544E-01,7.138543E+02,7.049261E+02,3.684067E-02,6.907936E-02,1.701155E+02,3.621909E+02,8.779166E-03,3.549120E-02,4.124722E+02,4.028130E+02,2.128766E-02,3.947272E-02,8.518258E+02,1.384789E+03,4.395594E-02,1.357042E-01,9.185944E+02,1.360515E+03,4.740765E-02,1.333224E-01,1.830126E+02,3.124259E+02,9.445747E-03,3.061425E-02,5.424350E+02,7.238712E+02,2.799540E-02,7.093380E-02
16:10:00,1.692173E+03,2.303671E+03,8.733151E-02,2.257473E-01,7.128735E+02,7.103953E+02,3.679006E-02,6.961526E-02,1.699395E+02,3.718464E+02,8.770081E-03,3.643729E-02,4.116542E+02,4.003706E+02,2.124545E-02,3.923339E-02,8.514587E+02,1.395256E+03,4.393699E-02,1.367298E-01,9.170963E+02,1.359075E+03,4.733033E-02,1.331813E-01,1.823968E+02,3.112707E+02,9.413965E-03,3.050105E-02,5.412107E+02,7.194028E+02,2.793221E-02,7.049594E-02
16:20:00,1.689444E+03,2.287178E+03,8.719066E-02,2.241310E-01,7.119202E+02,7.149275E+02,3.674085E-02,7.005935E-02,1.697687E+02,3.802347E+02,8.761264E-03,3.725921E-02,4.108587E+02,3.978829E+02,2.120439E-02,3.898962E-02,8.511032E+02,1.402783E+03,4.391864E-02,1.374673E-01,9.156381E+02,1.356918E+03,4.725508E-02,1.329698E-01,1.817980E+02,3.100532E+02,9.383058E-03,3.038176E-02,5.400188E+02,7.148440E+02,2.787070E-02,7.004921E-02
16:30:00,1.686785E+03,2.270795E+03,8.705344E-02,2.225256E-01,7.109933E+02,7.187185E+02,3.669302E-02,7.043081E-02,1.696028E+02,3.873428E+02,8.752707E-03,3.795568E-02,4.100850E+02,3.953440E+02,2.116446E-02,3.874083E-02,8.507589E+02,1.407244E+03,4.390087E-02,1.379044E-01,9.142187E+02,1.354397E+03,4.718182E-02,1.327228E-01,1.812155E+02,3.087579E+02,9.352995E-03,3.025483E-02,5.388585E+02,7.103954E+02,2.781081E-02,6.961329E-02
16:40:00,1.684194E+03,2.254467E+03,8.691973E-02,2.209256E-01,7.100921E+02,7.219303E+02,3.664651E-02,7.074551E-02,1.694418E+02,3.931135E+02,8.744398E-03,3.852112E-02,4.093323E+02,3.927475E+02,2.112561E-02,3.848639E-02,8.504253E+02,1.408472E+03,4.388366E-02,1.380246E-01,9.128368E+02,1.351676E+03,4.711050E-02,1.324561E-01,1.806489E+02,3.073740E+02,9.323749E-03,3.011923E-02,5.377286E+02,7.062325E+02,2.775250E-02,6.920537E-02
16:50:00,1.681670E+03,2.237962E+03,8.678945E-02,2.193082E-01,7.092158E+02,7.246840E+02,3.660128E-02,7.101533E-02,1.692855E+02,3.974223E+02,8.736329E-03,3.894329E-02,4.085999E+02,3.900895E+02,2.108782E-02,3.822593E-02,8.501022E+02,1.406286E+03,4.386699E-02,1.378104E-01,9.114913E+02,1.348797E+03,4.704106E-02,1.321740E-01,1.800975E+02,3.058948E+02,9.295292E-03,2.997428E-02,5.366282E+02,7.025048E+02,2.769571E-02,6.884009E-02
17:00:00,1.679210E+03,2.219973E+03,8.666247E-02,2.175454E-01,7.083634E+02,7.267817E+02,3.655729E-02,7.122087E-02,1.691336E+02,3.994474E+02,8.728491E-03,3.914170E-02,4.078873E+02,3.872849E+02,2.105104E-02,3.795111E-02,8.497890E+02,1.399512E+03,4.385083E-02,1.371464E-01,9.101810E+02,1.345086E+03,4.697344E-02,1.318103E-01,1.795610E+02,3.042530E+02,9.267599E-03,2.981341E-02,5.355564E+02,6.990497E+02,2.764039E-02,6.850154E-02
17:10:00,1.676812E+03,2.200531E+03,8.653871E-02,2.156403E-01,7.075343E+02,7.285108E+02,3.651450E-02,7.139029E-02,1.689861E+02,3.988574E+02,8.720877E-03,3.908385E-02,4.071937E+02,3.843679E+02,2.101524E-02,3.766527E-02,8.494855E+02,1.388527E+03,4.383516E-02,1.360699E-01,9.089048E+02,1.340851E+03,4.690757E-02,1.313954E-01,1.790388E+02,3.024626E+02,9.240646E-03,2.963797E-02,5.345124E+02,6.960642E+02,2.758651E-02,6.820900E-02
17:20:00,1.674474E+03,2.179195E+03,8.641807E-02,2.135494E-01,7.067277E+02,7.299141E+02,3.647287E-02,7.152778E-02,1.688427E+02,3.952519E+02,8.713478E-03,3.873051E-02,4.065186E+02,3.813665E+02,2.098040E-02,3.737115E-02,8.491912E+02,1.373358E+03,4.381998E-02,1.345834E-01,9.076618E+02,1.335778E+03,4.684342E-02,1.308982E-01,1.785304E+02,3.005172E+02,9.214408E-03,2.944734E-02,5.334953E+02,6.935081E+02,2.753401E-02,6.795854E-02
17:30:00,1.672195E+03,2.155630E+03,8.630046E-02,2.112401E-01,7.059428E+02,7.307150E+02,3.643237E-02,7.160625E-02,1.687034E+02,3.882863E+02,8.706287E-03,3.804792E-02,4.058614E+02,3.782833E+02,2.094648E-02,3.706902E-02,8.489059E+02,1.353861E+03,4.380525E-02,1.326727E-01,9.064509E+02,1.329367E+03,4.678093E-02,1.302699E-01,1.780355E+02,2.984036E+02,9.188863E-03,2.924022E-02,5.325042E+02,6.911650E+02,2.748286E-02,6.772894E-02
17:40:00,1.669973E+03,2.129652E+03,8.618579E-02,2.086944E-01,7.051791E+02,7.305947E+02,3.639295E-02,7.159444E-02,1.685680E+02,3.777665E+02,8.699298E-03,3.701705E-02,4.052215E+02,3.751193E+02,2.091345E-02,3.675897E-02,8.486292E+02,1.329885E+03,4.379097E-02,1.303230E-01,9.052712E+02,1.321157E+03,4.672004E-02,1.294654E-01,1.775535E+02,2.961038E+02,9.163990E-03,2.901487E-02,5.315384E+02,6.887931E+02,2.743301E-02,6.749653E-02
17:50:00,1.667807E+03,2.101145E+03,8.607398E-02,2.059009E-01,7.044359E+02,7.292142E+02,3.635460E-02,7.145914E-02,1.684363E+02,3.637241E+02,8.692502E-03,3.564101E-02,4.045984E+02,3.718736E+02,2.088129E-02,3.644092E-02,8.483608E+02,1.301294E+03,4.377713E-02,1.275212E-01,9.041217E+02,1.310695E+03,4.666072E-02,1.284402E-01,1.770842E+02,2.935977E+02,9.139767E-03,2.876930E-02,5.305972E+02,6.861358E+02,2.738444E-02,6.723615E-02
18:00:00,1.665694E+03,2.070915E+03,8.596494E-02,2.029385E-01,7.037125E+02,7.264683E+02,3.631726E-02,7.119003E-02,1.683083E+02,3.470140E+02,8.685895E-03,3.400358E-02,4.039916E+02,3.686219E+02,2.084998E-02,3.612228E-02,8.481005E+02,1.268880E+03,4.376369E-02,1.243448E-01,9.030015E+02,1.298082E+03,4.660291E-02,1.272042E-01,1.766271E+02,2.909242E+02,9.116174E-03,2.850733E-02,5.296798E+02,6.831848E+02,2.733709E-02,6.694697E-02
18:10:00,1.745268E+03,2.038310E+03,9.007167E-02,1.997433E-01,7.390761E+02,7.215640E+02,3.814231E-02,7.070940E-02,1.771291E+02,3.286403E+02,9.141112E-03,3.220313E-02,4.232343E+02,3.652972E+02,2.184309E-02,3.579649E-02,8.926031E+02,1.231851E+03,4.606011E-02,1.207161E-01,9.473945E+02,1.282292E+03,4.889398E-02,1.256568E-01,1.815967E+02,2.880457E+02,9.372666E-03,2.822527E-02,5.531714E+02,6.795264E+02,2.854951E-02,6.658848E-02
18:20:00,1.824929E+03,2.003004E+03,9.418248E-02,1.962835E-01,7.744721E+02,7.139937E+02,3.996882E-02,6.996751E-02,1.859552E+02,3.097302E+02,9.596546E-03,3.035014E-02,4.425000E+02,3.618646E+02,2.283730E-02,3.546013E-02,9.371239E+02,1.189814E+03,4.835709E-02,1.165966E-01,9.918341E+02,1.262671E+03,5.118722E-02,1.237340E-01,1.865791E+02,2.849501E+02,9.629813E-03,2.792193E-02,5.766954E+02,6.748133E+02,2.976350E-02,6.612663E-02
18:30:00,1.904718E+03,1.963945E+03,9.829882E-02,1.924560E-01,8.099216E+02,7.026978E+02,4.179742E-02,6.886052E-02,1.947904E+02,2.908088E+02,1.005217E-02,2.849605E-02,4.617964E+02,3.582702E+02,2.383288E-02,3.510790E-02,9.816879E+02,1.141264E+03,5.065383E-02,1.118389E-01,1.036344E+03,1.237686E+03,5.348341E-02,1.212856E-01,1.915757E+02,2.816214E+02,9.887667E-03,2.759576E-02,6.002599E+02,6.684187E+02,3.097937E-02,6.549999E-02
18:40:00,1.984635E+03,1.921815E+03,1.024203E-01,1.883274E-01,8.454200E+02,6.879324E+02,4.362777E-02,6.741353E-02,2.036328E+02,2.724584E+02,1.050793E-02,2.669793E-02,4.811234E+02,3.545015E+02,2.482975E-02,3.473859E-02,1.026281E+03,1.087167E+03,5.295016E-02,1.065376E-01,1.080921E+03,1.207829E+03,5.578229E-02,1.183597E-01,1.965869E+02,2.780775E+02,1.014624E-02,2.724849E-02,6.238661E+02,6.603005E+02,3.219712E-02,6.470444E-02
18:50:00,2.064646E+03,1.875779E+03,1.065458E-01,1.838160E-01,8.809530E+02,6.686865E+02,4.545943E-02,6.552747E-02,2.124812E+02,2.546412E+02,1.096391E-02,2.495206E-02,5.004748E+02,3.505236E+02,2.582769E-02,3.434879E-02,1.070899E+03,1.026314E+03,5.524713E-02,1.005743E-01,1.125549E+03,1.171675E+03,5.808321E-02,1.148167E-01,2.016117E+02,2.743204E+02,1.040548E-02,2.688034E-02,6.475070E+02,6.498484E+02,3.341644E-02,6.368018E-02
19:00:00,2.144737E+03,1.826873E+03,1.106748E-01,1.790235E-01,9.165151E+02,6.456471E+02,4.729241E-02,6.326965E-02,2.213359E+02,2.376947E+02,1.142022E-02,2.329150E-02,5.198490E+02,3.463291E+02,2.682671E-02,3.393776E-02,1.115540E+03,9.603881E+02,5.754530E-02,9.411380E-02,1.170219E+03,1.130349E+03,6.038609E-02,1.107670E-01,2.066519E+02,2.703662E+02,1.066550E-02,2.649287E-02,6.711812E+02,6.372179E+02,3.463736E-02,6.244245E-02
19:10:00,2.143261E+03,1.776618E+03,1.105941E-01,1.740987E-01,9.160347E+02,6.200689E+02,4.726529E-02,6.076306E-02,2.212514E+02,2.214960E+02,1.141521E-02,2.170423E-02,5.194098E+02,3.419863E+02,2.680312E-02,3.351220E-02,1.115446E+03,8.918131E+02,5.753508E-02,8.739373E-02,1.169441E+03,1.085724E+03,6.034340E-02,1.063939E-01,2.062918E+02,2.662453E+02,1.064679E-02,2.608907E-02,6.704991E+02,6.227971E+02,3.460118E-02,6.102929E-02
19:20:00,2.141807E+03,1.726962E+03,1.105149E-01,1.692327E-01,9.155636E+02,5.937736E+02,4.723887E-02,5.818621E-02,2.211703E+02,2.060910E+02,1.141044E-02,2.019473E-02,5.189812E+02,3.375169E+02,2.678016E-02,3.307423E-02,1.115358E+03,8.239649E+02,5.752555E-02,8.074491E-02,1.168678E+03,1.040532E+03,6.030163E-02,1.019653E-01,2.059436E+02,2.619806E+02,1.062869E-02,2.567118E-02,6.698334E+02,6.073538E+02,3.456591E-02,5.951592E-02
19:30:00,2.140328E+03,1.680739E+03,1.104355E-01,1.647031E-01,9.150784E+02,5.689030E+02,4.721240E-02,5.574900E-02,2.210884E+02,1.919480E+02,1.140590E-02,1.880889E-02,5.185535E+02,3.330549E+02,2.675747E-02,3.263699E-02,1.115249E+03,7.611038E+02,5.751735E-02,7.458485E-02,1.167901E+03,9.981323E+02,6.025986E-02,9.781038E-02,2.056050E+02,2.576829E+02,1.061111E-02,2.525005E-02,6.691732E+02,5.920708E+02,3.453113E-02,5.801828E-02
19:40:00,2.138820E+03,1.638373E+03,1.103560E-01,1.605516E-01,9.145815E+02,5.459485E+02,4.718610E-02,5.349961E-02,2.210069E+02,1.791840E+02,1.140161E-02,1.755818E-02,5.181254E+02,3.286680E+02,2.673503E-02,3.220711E-02,1.115130E+03,7.041858E+02,5.751057E-02,6.900725E-02,1.167110E+03,9.592569E+02,6.021820E-02,9.400087E-02,2.052744E+02,2.534166E+02,1.059397E-02,2.483201E-02,6.685151E+02,5.773493E+02,3.449673E-02,5.657569E-02
19:50:00,2.137311E+03,1.601538E+03,1.102775E-01,1.569420E-01,9.140853E+02,5.265848E+02,4.716031E-02,5.160213E-02,2.209265E+02,1.683072E+02,1.139747E-02,1.649239E-02,5.177017E+02,3.244373E+02,2.671302E-02,3.179254E-02,1.115005E+03,6.560008E+02,5.750407E-02,6.428547E-02,1.166322E+03,9.263612E+02,6.017716E-02,9.077740E-02,2.049517E+02,2.492652E+02,1.057726E-02,2.442522E-02,6.678641E+02,5.641202E+02,3.446292E-02,5.527936E-02
20:00:00,2.135813E+03,1.569978E+03,1.102000E-01,1.538495E-01,9.135938E+02,5.108091E+02,4.713494E-02,5.005629E-02,2.208465E+02,1.592904E+02,1.139335E-02,1.560887E-02,5.172827E+02,3.204176E+02,2.669135E-02,3.139864E-02,1.114873E+03,6.163496E+02,5.749724E-02,6.040002E-02,1.165540E+03,8.993458E+02,6.013672E-02,8.813019E-02,2.046344E+02,2.452982E+02,1.056085E-02,2.403651E-02,6.672199E+02,5.525719E+02,3.442957E-02,5.414775E-02
20:10:00,2.134335E+03,1.543110E+03,1.101236E-01,1.512167E-01,9.131092E+02,4.982623E+02,4.710994E-02,4.882687E-02,2.207668E+02,1.519254E+02,1.138924E-02,1.488721E-02,5.168698E+02,3.166424E+02,2.667002E-02,3.102871E-02,1.114736E+03,5.843109E+02,5.749012E-02,5.726055E-02,1.164768E+03,8.775661E+02,6.009690E-02,8.599607E-02,2.043224E+02,2.415774E+02,1.054473E-02,2.367192E-02,6.665846E+02,5.427382E+02,3.439674E-02,5.318416E-02
20:20:00,2.132883E+03,1.519684E+03,1.100486E-01,1.489213E-01,9.126326E+02,4.878555E+02,4.708534E-02,4.780716E-02,2.206878E+02,1.457543E+02,1.138515E-02,1.428253E-02,5.164640E+02,3.131448E+02,2.664908E-02,3.068599E-02,1.114596E+03,5.577879E+02,5.748289E-02,5.466159E-02,1.164010E+03,8.593351E+02,6.005777E-02,8.420971E-02,2.040161E+02,2.381524E+02,1.052891E-02,2.333631E-02,6.659602E+02,5.342520E+02,3.436449E-02,5.235264E-02
20:30:00,2.131458E+03,1.498415E+03,1.099751E-01,1.468372E-01,9.121646E+02,4.788277E+02,4.706118E-02,4.692258E-02,2.206097E+02,1.404356E+02,1.138112E-02,1.376138E-02,5.160659E+02,3.098709E+02,2.662853E-02,3.036518E-02,1.114455E+03,5.350175E+02,5.747564E-02,5.243033E-02,1.163266E+03,8.433546E+02,6.001937E-02,8.264385E-02,2.037156E+02,2.349913E+02,1.051339E-02,2.302657E-02,6.653474E+02,5.266671E+02,3.433285E-02,5.160943E-02
20:40:00,2.130061E+03,1.478714E+03,1.099030E-01,1.449067E-01,9.117056E+02,4.708188E+02,4.703749E-02,4.613781E-02,2.205327E+02,1.357775E+02,1.137715E-02,1.330496E-02,5.156757E+02,3.067915E+02,2.660839E-02,3.006344E-02,1.114315E+03,5.150900E+02,5.746838E-02,5.047764E-02,1.162537E+03,8.290089E+02,5.998173E-02,8.123817E-02,2.034211E+02,2.320744E+02,1.049819E-02,2.274076E-02,6.647467E+02,5.197760E+02,3.430184E-02,5.093420E-02
20:50:00,2.128694E+03,1.460240E+03,1.098324E-01,1.430965E-01,9.112562E+02,4.636019E+02,4.701430E-02,4.543065E-02,2.204569E+02,1.316463E+02,1.137324E-02,1.290015E-02,5.152935E+02,3.038853E+02,2.658866E-02,2.977866E-02,1.114175E+03,4.974095E+02,5.746116E-02,4.874511E-02,1.161823E+03,8.159233E+02,5.994487E-02,7.995594E-02,2.031326E+02,2.293769E+02,1.048329E-02,2.247644E-02,6.641583E+02,5.134454E+02,3.427147E-02,5.031389E-02
21:00:00,2.127355E+03,1.442762E+03,1.097634E-01,1.413838E-01,9.108164E+02,4.570151E+02,4.699161E-02,4.478522E-02,2.203824E+02,1.279419E+02,1.136940E-02,1.253718E-02,5.149195E+02,3.011335E+02,2.656936E-02,2.950901E-02,1.114036E+03,4.815362E+02,5.745402E-02,4.718965E-02,1.161124E+03,8.038352E+02,5.990881E-02,7.877145E-02,2.028501E+02,2.268741E+02,1.046871E-02,2.223121E-02,6.635824E+02,5.075767E+02,3.424174E-02,4.973882E-02
21:10:00,2.126046E+03,1.426036E+03,1.096958E-01,1.397448E-01,9.103864E+02,4.509059E+02,4.696942E-02,4.418658E-02,2.203093E+02,1.245796E+02,1.136562E-02,1.220772E-02,5.145537E+02,2.985026E+02,2.655049E-02,2.925121E-02,1.113899E+03,4.670944E+02,5.744697E-02,4.577447E-02,1.160440E+03,7.925134E+02,5.987354E-02,7.766202E-02,2.025737E+02,2.245384E+02,1.045444E-02,2.200234E-02,6.630188E+02,5.020721E+02,3.421266E-02,4.919944E-02
21:20:00,2.124766E+03,1.409933E+03,1.096298E-01,1.381668E-01,9.099662E+02,4.451795E+02,4.694774E-02,4.362545E-02,2.202375E+02,1.214983E+02,1.136192E-02,1.190579E-02,5.141960E+02,2.959773E+02,2.653203E-02,2.900376E-02,1.113765E+03,4.538180E+02,5.744003E-02,4.447347E-02,1.159772E+03,7.818100E+02,5.983906E-02,7.661320E-02,2.023032E+02,2.223483E+02,1.044048E-02,2.178774E-02,6.624677E+02,4.968702E+02,3.418422E-02,4.868971E-02
21:30:00,2.123515E+03,1.394353E+03,1.095652E-01,1.366401E-01,9.095557E+02,4.397623E+02,4.692656E-02,4.309462E-02,2.201672E+02,1.186494E+02,1.135830E-02,1.162663E-02,5.138464E+02,2.935439E+02,2.651399E-02,2.876531E-02,1.113633E+03,4.414983E+02,5.743321E-02,4.326622E-02,1.159119E+03,7.716123E+02,5.980536E-02,7.561392E-02,2.020387E+02,2.202849E+02,1.042683E-02,2.158556E-02,6.619288E+02,4.919213E+02,3.415641E-02,4.820478E-02
21:40:00,2.122292E+03,1.379222E+03,1.095021E-01,1.351574E-01,9.091548E+02,4.345973E+02,4.690588E-02,4.258849E-02,2.200984E+02,1.159939E+02,1.135475E-02,1.136643E-02,5.135048E+02,2.911907E+02,2.649636E-02,2.853472E-02,1.113503E+03,4.299706E+02,5.742653E-02,4.213658E-02,1.158481E+03,7.618336E+02,5.977243E-02,7.465570E-02,2.017801E+02,2.183316E+02,1.041349E-02,2.139416E-02,6.614020E+02,4.871859E+02,3.412923E-02,4.774077E-02
21:50:00,2.121097E+03,1.364481E+03,1.094404E-01,1.337128E-01,9.087634E+02,4.296397E+02,4.688568E-02,4.210269E-02,2.200311E+02,1.135009E+02,1.135127E-02,1.112214E-02,5.131710E+02,2.889077E+02,2.647914E-02,2.831101E-02,1.113376E+03,4.191046E+02,5.741998E-02,4.107177E-02,1.157857E+03,7.524073E+02,5.974026E-02,7.373200E-02,2.015273E+02,2.164742E+02,1.040044E-02,2.121217E-02,6.608871E+02,4.826322E+02,3.410266E-02,4.729455E-02
22:00:00,2.119929E+03,1.350085E+03,1.093802E-01,1.323022E-01,9.083813E+02,4.248548E+02,4.686597E-02,4.163381E-02,2.199652E+02,1.111454E+02,1.134787E-02,1.089133E-02,5.128450E+02,2.866866E+02,2.646232E-02,2.809336E-02,1.113252E+03,4.087964E+02,5.741358E-02,4.006162E-02,1.157248E+03,7.432817E+02,5.970883E-02,7.283776E-02,2.012803E+02,2.147006E+02,1.038769E-02,2.103838E-02,6.603839E+02,4.782346E+02,3.407669E-02,4.686364E-02
22:10:00,1.791869E+03,1.162955E+03,9.216083E-02,1.130543E-01,7.755455E+02,3.592590E+02,3.979952E-02,3.505579E-02,1.865170E+02,9.371534E+01,9.585757E-03,9.140498E-03,4.272345E+02,2.384652E+02,2.204489E-02,2.335809E-02,1.006182E+03,3.560108E+02,5.101536E-02,3.448851E-02,9.773589E+02,6.396938E+02,5.027752E-02,6.218839E-02,1.676302E+02,1.781757E+02,8.651076E-03,1.745933E-02,5.501095E+02,4.023792E+02,2.838639E-02,3.931217E-02
22:20:00,1.527152E+03,9.986005E+02,7.749507E-02,9.566160E-02,6.687848E+02,2.990863E+02,3.378441E-02,2.891516E-02,1.584085E+02,7.749198E+01,8.038605E-03,7.492031E-03,3.477471E+02,1.948154E+02,1.787434E-02,1.898453E-02,9.128412E+02,3.061996E+02,4.515466E-02,2.917778E-02,8.316613E+02,5.471242E+02,4.222259E-02,5.244421E-02,1.340228E+02,1.443540E+02,6.916661E-03,1.409609E-02,4.411407E+02,3.332294E+02,2.274980E-02,3.230044E-02
22:30:00,1.308665E+03,8.551647E+02,6.468936E-02,7.990029E-02,5.775935E+02,2.455578E+02,2.839516E-02,2.330551E-02,1.330458E+02,6.228812E+01,6.601397E-03,5.929841E-03,2.774825E+02,1.537916E+02,1.407768E-02,1.482502E-02,8.321173E+02,2.610188E+02,3.979689E-02,2.425680E-02,7.087923E+02,4.653925E+02,3.508749E-02,4.355085E-02,1.004570E+02,1.122055E+02,5.184394E-03,1.087173E-02,3.437802E+02,2.717220E+02,1.758270E-02,2.588933E-02
22:40:00,1.109673E+03,7.272851E+02,5.266267E-02,6.537051E-02,4.927124E+02,1.977556E+02,2.325756E-02,1.815043E-02,1.091730E+02,4.829484E+01,5.224001E-03,4.468685E-03,2.133601E+02,1.177000E+02,1.052680E-02,1.104898E-02,7.584072E+02,2.198168E+02,3.472042E-02,1.967749E-02,5.952224E+02,3.922596E+02,2.832370E-02,3.534338E-02,6.693191E+01,8.342819E+01,3.454227E-03,7.909375E-03,2.559911E+02,2.183156E+02,1.280001E-02,2.011588E-02
22:50:00,9.240999E+02,6.051652E+02,4.117693E-02,5.133371E-02,4.135777E+02,1.517842E+02,1.835135E-02,1.315246E-02,8.681342E+01,3.516558E+01,3.907474E-03,3.081741E-03,1.536576E+02,8.314451E+01,7.153052E-03,7.398630E-03,6.905700E+02,1.813571E+02,2.987959E-02,1.534317E-02,4.896369E+02,3.228290E+02,2.188166E-02,2.745198E-02,3.344654E+01,5.645227E+01,1.726112E-03,5.091572E-03,1.744179E+02,1.657549E+02,8.267016E-03,1.442226E-02
23:00:00,7.470692E+02,4.882019E+02,3.003639E-02,3.774228E-02,3.381723E+02,1.080173E+02,1.359557E-02,8.340052E-03,6.564244E+01,2.279407E+01,2.638793E-03,1.760484E-03,9.747788E+01,4.983368E+01,3.921415E-03,3.851570E-03,6.275034E+02,1.450568E+02,2.523058E-02,1.120742E-02,3.892326E+02,2.565939E+02,1.564881E-02,1.983673E-02,0.000000E+00,3.036130E+01,0.000000E+00,2.347586E-03,9.877426E+01,1.160718E+02,3.973181E-03,8.964806E-03
23:10:00,9.030046E+02,5.479092E+02,3.630129E-02,4.234500E-02,3.983431E+02,1.267876E+02,1.601272E-02,9.788151E-03,7.875593E+01,2.629401E+01,3.165192E-03,2.030124E-03,1.288656E+02,6.390551E+01,5.182762E-03,4.937071E-03,6.752766E+02,1.535451E+02,2.713004E-02,1.185366E-02,4.718611E+02,2.874782E+02,1.896781E-02,2.221605E-02,0.000000E+00,4.035054E+01,0.000000E+00,3.118283E-03,1.358993E+02,1.398187E+02,5.465147E-03,1.079674E-02
23:20:00,1.001229E+03,5.882467E+02,4.024038E-02,4.540696E-02,4.354289E+02,1.416471E+02,1.749898E-02,1.093297E-02,8.740605E+01,2.930233E+01,3.511852E-03,2.261380E-03,1.560685E+02,7.453839E+01,6.275656E-03,5.756276E-03,7.126726E+02,1.610444E+02,2.862613E-02,1.242904E-02,5.237618E+02,3.096454E+02,2.105035E-02,2.390085E-02,0.000000E+00,4.872289E+01,0.000000E+00,3.763531E-03,1.743335E+02,1.586123E+02,7.009347E-03,1.224016E-02
23:30:00,1.057893E+03,6.106594E+02,4.250911E-02,4.711906E-02,4.594954E+02,1.511947E+02,1.846250E-02,1.166639E-02,9.415371E+01,3.193091E+01,3.782553E-03,2.464030E-03,1.758094E+02,8.357061E+01,7.065988E-03,6.448342E-03,7.402343E+02,1.656272E+02,2.973117E-02,1.278319E-02,5.558258E+02,3.229924E+02,2.233432E-02,2.492255E-02,0.000000E+00,5.641846E+01,0.000000E+00,4.353040E-03,2.032231E+02,1.713250E+02,8.167910E-03,1.321889E-02
23:40:00,1.099271E+03,6.201865E+02,4.417007E-02,4.785502E-02,4.795433E+02,1.561972E+02,1.926715E-02,1.205266E-02,1.002877E+02,3.392068E+01,4.028777E-03,2.617643E-03,1.909651E+02,8.859831E+01,7.673690E-03,6.836110E-03,7.631259E+02,1.677193E+02,3.064927E-02,1.294506E-02,5.813056E+02,3.295288E+02,2.335718E-02,2.542739E-02,0.000000E+00,6.165248E+01,0.000000E+00,4.756703E-03,2.246075E+02,1.773359E+02,9.026011E-03,1.368287E-02
23:50:00,1.130965E+03,6.263641E+02,4.544226E-02,4.833231E-02,4.958748E+02,1.604236E+02,1.992267E-02,1.237899E-02,1.057215E+02,3.555750E+01,4.246928E-03,2.743997E-03,2.032509E+02,9.293027E+01,8.167107E-03,7.170449E-03,7.821145E+02,1.683693E+02,3.141110E-02,1.299537E-02,6.012258E+02,3.339635E+02,2.415682E-02,2.576994E-02,0.000000E+00,6.591305E+01,0.000000E+00,5.085447E-03,2.415635E+02,1.837620E+02,9.707142E-03,1.417885E-02
24:00:00,1.157474E+03,6.295844E+02,4.650621E-02,4.858129E-02,5.102854E+02,1.633934E+02,2.050109E-02,1.260833E-02,1.107155E+02,3.689388E+01,4.447447E-03,2.847155E-03,2.133229E+02,9.678056E+01,8.571594E-03,7.467632E-03,7.979943E+02,1.680035E+02,3.204807E-02,1.296719E-02,6.181428E+02,3.366494E+02,2.483587E-02,2.597748E-02,2.211229E+00,7.004183E+01,8.898524E-05,5.404032E-03,2.543841E+02,1.884533E+02,1.022209E-02,1.454097E-02
Peak,2.144737E+03,2.392414E+03,1.106748E-01,2.344442E-01,9.165151E+02,7.307150E+02,4.729241E-02,7.160625E-02,2.327605E+02,3.994474E+02,1.196976E-02,3.914170E-02,5.785273E+02,6.012170E+02,2.971822E-02,5.891458E-02,1.115540E+03,1.408472E+03,5.754530E-02,1.380246E-01,1.175738E+03,1.360863E+03,6.039949E-02,1.333566E-01,3.216061E+02,4.781304E+02,1.651115E-02,4.649083E-02,7.647531E+02,1.024245E+03,3.926882E-02,1.003677E-01

Peak Vol Flow (m3/s),,,9.196443E-02,1.948097E-01,,,3.929729E-02,5.950070E-02,,,9.946185E-03,3.252451E-02,,,2.469414E-02,4.895465E-02,,,4.781685E-02,1.146906E-01,,,5.018853E-02,1.108117E-01,,,1.371982E-02,3.863122E-02,,,3.263014E-02,8.339984E-02
