Time,ROOM_6B25DD81:BOSTON LOGAN INTL ARPT ANN HTG 99.6% CONDNS DB:Des Heat Load [W],ROOM_6B25DD81:BOSTON LOGAN INTL ARPT ANN CLG .4% CONDNS DB=>MWB:Des Sens Cool Load [W],ROOM_6B25DD81:BOSTON LOGAN INTL ARPT ANN HTG 99.6% CONDNS DB:Des Heat Mass Flow [kg/s],ROOM_6B25DD81:BOSTON LOGAN INTL ARPT ANN CLG .4% CONDNS DB=>MWB:Des Cool Mass Flow [kg/s],ROOM_6EBC3C8B:BOSTON LOGAN INTL ARPT ANN HTG 99.6% CONDNS DB:Des Heat Load [W],ROOM_6EBC3C8B:BOSTON LOGAN INTL ARPT ANN CLG .4% CONDNS DB=>MWB:Des Sens Cool Load [W],ROOM_6EBC3C8B:BOSTON LOGAN INTL ARPT ANN HTG 99.6% CONDNS DB:Des Heat Mass Flow [kg/s],ROOM_6EBC3C8B:BOSTON LOGAN INTL ARPT ANN CLG .4% CONDNS DB=>MWB:Des Cool Mass Flow [kg/s],ROOM_8E9F0581:BOSTON LOGAN INTL ARPT ANN HUM_N 99.6% CONDNS DP=>MCDB:Des Heat Load [W],ROOM_8E9F0581:BOSTON LOGAN INTL ARPT ANN CLG .4% CONDNS DB=>MWB:Des Sens Cool Load [W],ROOM_8E9F0581:BOSTON LOGAN INTL ARPT ANN HUM_N 99.6% CONDNS DP=>MCDB:Des Heat Mass Flow [kg/s],ROOM_8E9F0581:BOSTON LOGAN INTL ARPT ANN CLG .4% CONDNS DB=>MWB:Des Cool Mass Flow [kg/s],ROOM_AFCE1D5C:BOSTON LOGAN INTL ARPT ANN HTG 99.6% CONDNS DB:Des Heat Load [W],ROOM_AFCE1D5C:BOSTON LOGAN INTL ARPT ANN CLG .4% CONDNS DB=>MWB:Des Sens Cool Load [W],ROOM_AFCE1D5C:BOSTON LOGAN INTL ARPT ANN HTG 99.6% CONDNS DB:Des Heat Mass Flow [kg/s],ROOM_AFCE1D5C:BOSTON LOGAN INTL ARPT ANN CLG .4% CONDNS DB=>MWB:Des Cool Mass Flow [kg/s]
00:10:00,2.898695E+02,3.508779E+02,1.164826E-02,2.707355E-02,2.984379E+02,3.782030E+02,1.199259E-02,2.918196E-02,2.476651E+02,6.447847E+01,9.947789E-03,4.975962E-03,4.752911E+02,2.726108E+02,1.909635E-02,2.103594E-02
00:20:00,3.023447E+02,3.530815E+02,1.214942E-02,2.724362E-02,3.106810E+02,3.802921E+02,1.248441E-02,2.934320E-02,2.559341E+02,6.587205E+01,1.028001E-02,5.083505E-03,4.871163E+02,2.734667E+02,1.957133E-02,2.110202E-02
00:30:00,3.141726E+02,3.545206E+02,1.262459E-02,2.735467E-02,3.220230E+02,3.815818E+02,1.294006E-02,2.944272E-02,2.632835E+02,6.687317E+01,1.057529E-02,5.160753E-03,4.976782E+02,2.737017E+02,1.999560E-02,2.112016E-02
00:40:00,3.252120E+02,3.553382E+02,1.306811E-02,2.741774E-02,3.328454E+02,3.822297E+02,1.337485E-02,2.949269E-02,2.698075E+02,6.753669E+01,1.083741E-02,5.211945E-03,5.071411E+02,2.734404E+02,2.037576E-02,2.109998E-02
00:50:00,3.357379E+02,3.556542E+02,1.349101E-02,2.744210E-02,3.431490E+02,3.823662E+02,1.378881E-02,2.950320E-02,2.756035E+02,6.791423E+01,1.107029E-02,5.241066E-03,5.157523E+02,2.727850E+02,2.072172E-02,2.104939E-02
01:00:00,3.458186E+02,3.555620E+02,1.389604E-02,2.743496E-02,3.530453E+02,3.820924E+02,1.418643E-02,2.948203E-02,2.807569E+02,6.805021E+01,1.127734E-02,5.251547E-03,5.236884E+02,2.718163E+02,2.104060E-02,2.097461E-02
01:10:00,3.552449E+02,3.555193E+02,1.427479E-02,2.743162E-02,3.624015E+02,3.818881E+02,1.456237E-02,2.946623E-02,2.853470E+02,6.804672E+01,1.146178E-02,5.251264E-03,5.310003E+02,2.708929E+02,2.133441E-02,2.090332E-02
01:20:00,3.640306E+02,3.552386E+02,1.462780E-02,2.740993E-02,3.711476E+02,3.814541E+02,1.491379E-02,2.943271E-02,2.894421E+02,6.788823E+01,1.162632E-02,5.239023E-03,5.377673E+02,2.698082E+02,2.160634E-02,2.081959E-02
01:30:00,3.722157E+02,3.547677E+02,1.495667E-02,2.737356E-02,3.793266E+02,3.808403E+02,1.524242E-02,2.938531E-02,2.931047E+02,6.760432E+01,1.177348E-02,5.217104E-03,5.440600E+02,2.686031E+02,2.185920E-02,2.072658E-02
01:40:00,3.798483E+02,3.541473E+02,1.526335E-02,2.732567E-02,3.869820E+02,3.800883E+02,1.555001E-02,2.932726E-02,2.963912E+02,6.722035E+01,1.190553E-02,5.187465E-03,5.499716E+02,2.673115E+02,2.209675E-02,2.062689E-02
01:50:00,3.869719E+02,3.534112E+02,1.554959E-02,2.726885E-02,3.941554E+02,3.792323E+02,1.583825E-02,2.926119E-02,2.993516E+02,6.675798E+01,1.202447E-02,5.151777E-03,5.555267E+02,2.659610E+02,2.231997E-02,2.052267E-02
02:00:00,3.936466E+02,3.525872E+02,1.581778E-02,2.720526E-02,4.009059E+02,3.783000E+02,1.610949E-02,2.918925E-02,3.020448E+02,6.623560E+01,1.213268E-02,5.111459E-03,5.607683E+02,2.645742E+02,2.253060E-02,2.041564E-02
02:10:00,3.998766E+02,3.516782E+02,1.606811E-02,2.713511E-02,4.072386E+02,3.772931E+02,1.636394E-02,2.911154E-02,3.044935E+02,6.565630E+01,1.223106E-02,5.066749E-03,5.657348E+02,2.631441E+02,2.273016E-02,2.030528E-02
02:20:00,4.056556E+02,3.507024E+02,1.630032E-02,2.705982E-02,4.131627E+02,3.762289E+02,1.660198E-02,2.902942E-02,3.067293E+02,6.503265E+01,1.232089E-02,5.018617E-03,5.704585E+02,2.616843E+02,2.291997E-02,2.019263E-02
02:30:00,4.110056E+02,3.496745E+02,1.651528E-02,2.698049E-02,4.186410E+02,3.751215E+02,1.682210E-02,2.894397E-02,3.087804E+02,6.437525E+01,1.240329E-02,4.967881E-03,5.749668E+02,2.602060E+02,2.310113E-02,2.007855E-02
02:40:00,4.160193E+02,3.486066E+02,1.671673E-02,2.689809E-02,4.237864E+02,3.739823E+02,1.702883E-02,2.885607E-02,3.106709E+02,6.369310E+01,1.247925E-02,4.915235E-03,5.792826E+02,2.587181E+02,2.327455E-02,1.996373E-02
02:50:00,4.207473E+02,3.475087E+02,1.690670E-02,2.681338E-02,4.286404E+02,3.728206E+02,1.722387E-02,2.876643E-02,3.124217E+02,6.299408E+01,1.254959E-02,4.861289E-03,5.834255E+02,2.572280E+02,2.344102E-02,1.984875E-02
03:00:00,4.252407E+02,3.463894E+02,1.708726E-02,2.672701E-02,4.332548E+02,3.716441E+02,1.740928E-02,2.867565E-02,3.140506E+02,6.228465E+01,1.261503E-02,4.806539E-03,5.874118E+02,2.557420E+02,2.360119E-02,1.973408E-02
03:10:00,4.295518E+02,3.452358E+02,1.726049E-02,2.663800E-02,4.376770E+02,3.704385E+02,1.758697E-02,2.858262E-02,3.155728E+02,6.155839E+01,1.267619E-02,4.750491E-03,5.912554E+02,2.542400E+02,2.375563E-02,1.961817E-02
03:20:00,4.337563E+02,3.440531E+02,1.742944E-02,2.654674E-02,4.419638E+02,3.692081E+02,1.775922E-02,2.848769E-02,3.170013E+02,6.081983E+01,1.273357E-02,4.693495E-03,5.949679E+02,2.527251E+02,2.390480E-02,1.950128E-02
03:30:00,4.378903E+02,3.428454E+02,1.759557E-02,2.645355E-02,4.462073E+02,3.679567E+02,1.792975E-02,2.839112E-02,3.183457E+02,6.006988E+01,1.278759E-02,4.635619E-03,5.985552E+02,2.512000E+02,2.404894E-02,1.938359E-02
03:40:00,4.419207E+02,3.416160E+02,1.775754E-02,2.635869E-02,4.503509E+02,3.666870E+02,1.809627E-02,2.829316E-02,3.196156E+02,5.930962E+01,1.283860E-02,4.576945E-03,6.020262E+02,2.496666E+02,2.418841E-02,1.926526E-02
03:50:00,4.458533E+02,3.403681E+02,1.791558E-02,2.626240E-02,4.544067E+02,3.654018E+02,1.825926E-02,2.819399E-02,3.208189E+02,5.853984E+01,1.288695E-02,4.517534E-03,6.053894E+02,2.481269E+02,2.432355E-02,1.914645E-02
04:00:00,4.496907E+02,3.391041E+02,1.806979E-02,2.616487E-02,4.583729E+02,3.641031E+02,1.841865E-02,2.809378E-02,3.219628E+02,5.776146E+01,1.293290E-02,4.457459E-03,6.086518E+02,2.465824E+02,2.445463E-02,1.902726E-02
04:10:00,4.534369E+02,3.378450E+02,1.822033E-02,2.606772E-02,4.622526E+02,3.628125E+02,1.857456E-02,2.799420E-02,3.230529E+02,5.698708E+01,1.297670E-02,4.397691E-03,6.118192E+02,2.450583E+02,2.458190E-02,1.890966E-02
04:20:00,4.570951E+02,3.365922E+02,1.836734E-02,2.597105E-02,4.660482E+02,3.615309E+02,1.872708E-02,2.789531E-02,3.240945E+02,5.621685E+01,1.301854E-02,4.338242E-03,6.148968E+02,2.435544E+02,2.470556E-02,1.879361E-02
04:30:00,4.606743E+02,3.353494E+02,1.851117E-02,2.587516E-02,4.697679E+02,3.602618E+02,1.887656E-02,2.779739E-02,3.250929E+02,5.545343E+01,1.305865E-02,4.279320E-03,6.178931E+02,2.420745E+02,2.482595E-02,1.867941E-02
04:40:00,4.641769E+02,3.354428E+02,1.865193E-02,2.588237E-02,4.734134E+02,3.604049E+02,1.902306E-02,2.780844E-02,3.260520E+02,5.503147E+01,1.309718E-02,4.246749E-03,6.208118E+02,2.422550E+02,2.494323E-02,1.869334E-02
04:50:00,4.676036E+02,3.382445E+02,1.878963E-02,2.609855E-02,4.769849E+02,3.634083E+02,1.916658E-02,2.804019E-02,3.269747E+02,5.521524E+01,1.313425E-02,4.260932E-03,6.236550E+02,2.457458E+02,2.505747E-02,1.896272E-02
05:00:00,4.709560E+02,3.454145E+02,1.892435E-02,2.665182E-02,4.804835E+02,3.710332E+02,1.930717E-02,2.862856E-02,3.278637E+02,5.632949E+01,1.316996E-02,4.346929E-03,6.264254E+02,2.544281E+02,2.516878E-02,1.963275E-02
05:10:00,5.525225E+02,3.964996E+02,2.250369E-02,3.090764E-02,5.647445E+02,4.246258E+02,2.299978E-02,3.309956E-02,3.538817E+02,6.838679E+01,1.442672E-02,5.348307E-03,6.959871E+02,2.995005E+02,2.834681E-02,2.336937E-02
05:20:00,5.722667E+02,4.259842E+02,2.364714E-02,3.374314E-02,5.842354E+02,4.556677E+02,2.413772E-02,3.609277E-02,3.738616E+02,7.976056E+01,1.549709E-02,6.360703E-03,7.204972E+02,3.312349E+02,2.979278E-02,2.629062E-02
05:30:00,6.316852E+02,4.779479E+02,2.652868E-02,3.846071E-02,6.455134E+02,5.102606E+02,2.710632E-02,4.105786E-02,3.962553E+02,9.424239E+01,1.667286E-02,7.632920E-03,7.707319E+02,3.809927E+02,3.236528E-02,3.072082E-02
05:40:00,6.767089E+02,5.286276E+02,2.878172E-02,4.307846E-02,6.918222E+02,5.636390E+02,2.942133E-02,4.592945E-02,4.152613E+02,1.087259E+02,1.770078E-02,8.906706E-03,8.104722E+02,4.305808E+02,3.447969E-02,3.514643E-02
05:50:00,7.186283E+02,5.807083E+02,3.090102E-02,4.782985E-02,7.350171E+02,6.185755E+02,3.160227E-02,5.094878E-02,4.324686E+02,1.235977E+02,1.865055E-02,1.021604E-02,8.472855E+02,4.810354E+02,3.646777E-02,3.966453E-02
06:00:00,7.581044E+02,6.329142E+02,3.291536E-02,5.261898E-02,7.757611E+02,6.737042E+02,3.367801E-02,5.601311E-02,4.482342E+02,1.386781E+02,1.953771E-02,1.154808E-02,8.819410E+02,5.304646E+02,3.836305E-02,4.412908E-02
06:10:00,7.770142E+02,6.840484E+02,3.443729E-02,5.758321E-02,7.952130E+02,7.277151E+02,3.524245E-02,6.125833E-02,4.480268E+02,1.534526E+02,1.985725E-02,1.292617E-02,8.861376E+02,5.779678E+02,3.925722E-02,4.865984E-02
06:20:00,7.935450E+02,7.444395E+02,3.565010E-02,6.339909E-02,8.122055E+02,7.914096E+02,3.648302E-02,6.739729E-02,4.463976E+02,1.688193E+02,2.009876E-02,1.439888E-02,8.878272E+02,6.301246E+02,3.988904E-02,5.367124E-02
06:30:00,8.050105E+02,7.963337E+02,3.679233E-02,6.859057E-02,8.239997E+02,8.461665E+02,3.765580E-02,7.287950E-02,4.434000E+02,1.831544E+02,2.028603E-02,1.579954E-02,8.868362E+02,6.741596E+02,4.050494E-02,5.806719E-02
06:40:00,8.151147E+02,8.495400E+02,3.780995E-02,7.390098E-02,8.344239E+02,9.022236E+02,3.870119E-02,7.848060E-02,4.394357E+02,1.977479E+02,2.041311E-02,1.722500E-02,8.843107E+02,7.175648E+02,4.100431E-02,6.241633E-02
06:50:00,8.234021E+02,9.023868E+02,3.872932E-02,7.920079E-02,8.430077E+02,9.578102E+02,3.964726E-02,8.406293E-02,4.346670E+02,2.124960E+02,2.049444E-02,1.866891E-02,8.804527E+02,7.594479E+02,4.142914E-02,6.665132E-02
07:00:00,8.302300E+02,9.545211E+02,3.957037E-02,8.446007E-02,8.501155E+02,1.012542E+03,4.051430E-02,8.959376E-02,4.292418E+02,2.272856E+02,2.053858E-02,2.012190E-02,8.754507E+02,7.997056E+02,4.179164E-02,7.076245E-02
07:10:00,8.378582E+02,1.015228E+03,4.064136E-02,9.141446E-02,8.583281E+02,1.076039E+03,4.163431E-02,9.688635E-02,4.318535E+02,2.452965E+02,2.094929E-02,2.210397E-02,8.820316E+02,8.457217E+02,4.278586E-02,7.614191E-02
07:20:00,8.635212E+02,1.063119E+03,4.236960E-02,9.741258E-02,8.856238E+02,1.126005E+03,4.345304E-02,1.031689E-01,4.357319E+02,2.619789E+02,2.140716E-02,2.405824E-02,9.014980E+02,8.818400E+02,4.425090E-02,8.079367E-02
07:30:00,8.751864E+02,1.114006E+03,4.350034E-02,1.038190E-01,8.980806E+02,1.179011E+03,4.463798E-02,1.098691E-01,4.382765E+02,2.785713E+02,2.180064E-02,2.601999E-02,9.116159E+02,9.200222E+02,4.531719E-02,8.572586E-02
07:40:00,8.908057E+02,1.161159E+03,4.478132E-02,1.098684E-01,9.147266E+02,1.228045E+03,4.598332E-02,1.161897E-01,4.416364E+02,2.946567E+02,2.222117E-02,2.793639E-02,9.245862E+02,9.557976E+02,4.648963E-02,9.042630E-02
07:50:00,9.065301E+02,1.205217E+03,4.605196E-02,1.156457E-01,9.314536E+02,1.273780E+03,4.731704E-02,1.222201E-01,4.452494E+02,3.104382E+02,2.264592E-02,2.983226E-02,9.377932E+02,9.896408E+02,4.766044E-02,9.495869E-02
08:00:00,9.222910E+02,1.246648E+03,4.731241E-02,1.211974E-01,9.482052E+02,1.316714E+03,4.863995E-02,1.280092E-01,4.490528E+02,3.263232E+02,2.307358E-02,3.174767E-02,9.511055E+02,1.022113E+03,4.882635E-02,9.937709E-02
08:10:00,8.762163E+02,1.237885E+03,4.522260E-02,1.212918E-01,9.009665E+02,1.307240E+03,4.649996E-02,1.280870E-01,4.340365E+02,3.299686E+02,2.239912E-02,3.232869E-02,9.137136E+02,1.015605E+03,4.715665E-02,9.951138E-02
08:20:00,8.733467E+02,1.255482E+03,4.507433E-02,1.230247E-01,8.988894E+02,1.325320E+03,4.639257E-02,1.298680E-01,4.238383E+02,3.369401E+02,2.187273E-02,3.301614E-02,9.085726E+02,1.028915E+03,4.689101E-02,1.008242E-01
08:30:00,8.472646E+02,1.257219E+03,4.372822E-02,1.231971E-01,8.724389E+02,1.326786E+03,4.502746E-02,1.300140E-01,4.127566E+02,3.440752E+02,2.130083E-02,3.371648E-02,8.876306E+02,1.031423E+03,4.581016E-02,1.010722E-01
08:40:00,8.306287E+02,1.262332E+03,4.286973E-02,1.236983E-01,8.557599E+02,1.331619E+03,4.416675E-02,1.304880E-01,4.042088E+02,3.534753E+02,2.085969E-02,3.463793E-02,8.739585E+02,1.036552E+03,4.510459E-02,1.015752E-01
08:50:00,8.166715E+02,1.267638E+03,4.214942E-02,1.242183E-01,8.417930E+02,1.336500E+03,4.344595E-02,1.309663E-01,3.971524E+02,3.645509E+02,2.049550E-02,3.572338E-02,8.625849E+02,1.041892E+03,4.451761E-02,1.020986E-01
09:00:00,8.046244E+02,1.272457E+03,4.152767E-02,1.246906E-01,8.297461E+02,1.340696E+03,4.282421E-02,1.313775E-01,3.912413E+02,3.769852E+02,2.019041E-02,3.694189E-02,8.528350E+02,1.046830E+03,4.401440E-02,1.025826E-01
09:10:00,7.940870E+02,1.276493E+03,4.098382E-02,1.250861E-01,8.192088E+02,1.343893E+03,4.228037E-02,1.316908E-01,3.862529E+02,3.904971E+02,1.993296E-02,3.826596E-02,8.443555E+02,1.051060E+03,4.357675E-02,1.029972E-01
09:20:00,7.847616E+02,1.279552E+03,4.050252E-02,1.253858E-01,8.098773E+02,1.345889E+03,4.179875E-02,1.318864E-01,3.820126E+02,4.048414E+02,1.971412E-02,3.967158E-02,8.368864E+02,1.054394E+03,4.319126E-02,1.033238E-01
09:30:00,7.764047E+02,1.281379E+03,4.007120E-02,1.255648E-01,8.015040E+02,1.346426E+03,4.136659E-02,1.319389E-01,3.783836E+02,4.197290E+02,1.952683E-02,4.113044E-02,8.302064E+02,1.056801E+03,4.284649E-02,1.035597E-01
09:40:00,7.688624E+02,1.281900E+03,3.968193E-02,1.256159E-01,7.939332E+02,1.345442E+03,4.097585E-02,1.318425E-01,3.752529E+02,4.349399E+02,1.936525E-02,4.262096E-02,8.241925E+02,1.058119E+03,4.253610E-02,1.036888E-01
09:50:00,7.619945E+02,1.281017E+03,3.932746E-02,1.255293E-01,7.870240E+02,1.342854E+03,4.061924E-02,1.315888E-01,3.725184E+02,4.502610E+02,1.922412E-02,4.412227E-02,8.187265E+02,1.058212E+03,4.225400E-02,1.036978E-01
10:00:00,7.556890E+02,1.278619E+03,3.900202E-02,1.252942E-01,7.806646E+02,1.338565E+03,4.029102E-02,1.311685E-01,3.701220E+02,4.654876E+02,1.910044E-02,4.561432E-02,8.137144E+02,1.056995E+03,4.199532E-02,1.035786E-01
10:10:00,7.498571E+02,1.274566E+03,3.870102E-02,1.248970E-01,7.747667E+02,1.332449E+03,3.998662E-02,1.305691E-01,3.680059E+02,4.804296E+02,1.899123E-02,4.707847E-02,8.090819E+02,1.054398E+03,4.175623E-02,1.033240E-01
10:20:00,7.444272E+02,1.268741E+03,3.842077E-02,1.243262E-01,7.692600E+02,1.324404E+03,3.970240E-02,1.297808E-01,3.661229E+02,4.949090E+02,1.889405E-02,4.849729E-02,8.047700E+02,1.050356E+03,4.153368E-02,1.029279E-01
10:30:00,7.393342E+02,1.261130E+03,3.815791E-02,1.235803E-01,7.640802E+02,1.314433E+03,3.943506E-02,1.288037E-01,3.644320E+02,5.088185E+02,1.880679E-02,4.986026E-02,8.007262E+02,1.044693E+03,4.132498E-02,1.023729E-01
10:40:00,7.345334E+02,1.251593E+03,3.791012E-02,1.226458E-01,7.591840E+02,1.302406E+03,3.918236E-02,1.276250E-01,3.629023E+02,5.220101E+02,1.872784E-02,5.115287E-02,7.969141E+02,1.037418E+03,4.112823E-02,1.016600E-01
10:50:00,7.299899E+02,1.240083E+03,3.767563E-02,1.215178E-01,7.545380E+02,1.288287E+03,3.894257E-02,1.262415E-01,3.615086E+02,5.343604E+02,1.865591E-02,5.236305E-02,7.933053E+02,1.028575E+03,4.094198E-02,1.007934E-01
11:00:00,7.256744E+02,1.226649E+03,3.745289E-02,1.202014E-01,7.501137E+02,1.272145E+03,3.871422E-02,1.246596E-01,3.602306E+02,5.457728E+02,1.858995E-02,5.348131E-02,7.898761E+02,1.018222E+03,4.076500E-02,9.977885E-02
11:10:00,7.215622E+02,1.211393E+03,3.724066E-02,1.187064E-01,7.458879E+02,1.254105E+03,3.849612E-02,1.228919E-01,3.590514E+02,5.561571E+02,1.852909E-02,5.449883E-02,7.866071E+02,1.006438E+03,4.059628E-02,9.862411E-02
11:20:00,7.176330E+02,1.194603E+03,3.703786E-02,1.170611E-01,7.418410E+02,1.234486E+03,3.828725E-02,1.209694E-01,3.579571E+02,5.654726E+02,1.847262E-02,5.541162E-02,7.834823E+02,9.934583E+02,4.043501E-02,9.735213E-02
11:30:00,7.138696E+02,1.176779E+03,3.684362E-02,1.153144E-01,7.379571E+02,1.213826E+03,3.808679E-02,1.189448E-01,3.569363E+02,5.737227E+02,1.841994E-02,5.622001E-02,7.804884E+02,9.796732E+02,4.028049E-02,9.600126E-02
11:40:00,7.102577E+02,1.158631E+03,3.665721E-02,1.135361E-01,7.342224E+02,1.192883E+03,3.789404E-02,1.168925E-01,3.559796E+02,5.809556E+02,1.837057E-02,5.692873E-02,7.776143E+02,9.656312E+02,4.013216E-02,9.462523E-02
11:50:00,7.067851E+02,1.141094E+03,3.647798E-02,1.118176E-01,7.306257E+02,1.172644E+03,3.770841E-02,1.149093E-01,3.550792E+02,5.872644E+02,1.832410E-02,5.754690E-02,7.748505E+02,9.520463E+02,3.998952E-02,9.329400E-02
12:00:00,7.034414E+02,1.125721E+03,3.630541E-02,1.103112E-01,7.271570E+02,1.154749E+03,3.752938E-02,1.131557E-01,3.542286E+02,5.928414E+02,1.828020E-02,5.809335E-02,7.721891E+02,9.400893E+02,3.985216E-02,9.212232E-02
12:10:00,7.002177E+02,1.113644E+03,3.613902E-02,1.091278E-01,7.238079E+02,1.140383E+03,3.735653E-02,1.117480E-01,3.534223E+02,5.978657E+02,1.823859E-02,5.858566E-02,7.696232E+02,9.306299E+02,3.971973E-02,9.119540E-02
12:20:00,6.971060E+02,1.105681E+03,3.597843E-02,1.083476E-01,7.205712E+02,1.130414E+03,3.718948E-02,1.107712E-01,3.526558E+02,6.024799E+02,1.819903E-02,5.903778E-02,7.671467E+02,9.242966E+02,3.959192E-02,9.057485E-02
12:30:00,6.940997E+02,1.102342E+03,3.582326E-02,1.080205E-01,7.174402E+02,1.125389E+03,3.702788E-02,1.102789E-01,3.519252E+02,6.067826E+02,1.816132E-02,5.945939E-02,7.647544E+02,9.214911E+02,3.946845E-02,9.030000E-02
12:40:00,6.911926E+02,1.103793E+03,3.567322E-02,1.081628E-01,7.144094E+02,1.125498E+03,3.687146E-02,1.102897E-01,3.512272E+02,6.108152E+02,1.812530E-02,5.985453E-02,7.624417E+02,9.223583E+02,3.934909E-02,9.038507E-02
12:50:00,6.883794E+02,1.109836E+03,3.552803E-02,1.087551E-01,7.114735E+02,1.130548E+03,3.671993E-02,1.107848E-01,3.505591E+02,6.145451E+02,1.809082E-02,6.022001E-02,7.602044E+02,9.267670E+02,3.923363E-02,9.081719E-02
13:00:00,6.856553E+02,1.119485E+03,3.538743E-02,1.097007E-01,7.086280E+02,1.139526E+03,3.657307E-02,1.116646E-01,3.499184E+02,6.178536E+02,1.805776E-02,6.054420E-02,7.580388E+02,9.340012E+02,3.912186E-02,9.152619E-02
13:10:00,6.830159E+02,1.132019E+03,3.525121E-02,1.109290E-01,7.058687E+02,1.151695E+03,3.643066E-02,1.128573E-01,3.493031E+02,6.206050E+02,1.802600E-02,6.081379E-02,7.559414E+02,9.435612E+02,3.901361E-02,9.246309E-02
13:20:00,6.804572E+02,1.146790E+03,3.511915E-02,1.123766E-01,7.031918E+02,1.166393E+03,3.629249E-02,1.142976E-01,3.487113E+02,6.226682E+02,1.799546E-02,6.101595E-02,7.539092E+02,9.549776E+02,3.890873E-02,9.358189E-02
13:30:00,6.779756E+02,1.163199E+03,3.499107E-02,1.139845E-01,7.005936E+02,1.182998E+03,3.615840E-02,1.159248E-01,3.481416E+02,6.239127E+02,1.796606E-02,6.113788E-02,7.519393E+02,9.678023E+02,3.880706E-02,9.483866E-02
13:40:00,6.755678E+02,1.180704E+03,3.486680E-02,1.156999E-01,6.980710E+02,1.200947E+03,3.602820E-02,1.176837E-01,3.475925E+02,6.242208E+02,1.793773E-02,6.116805E-02,7.500291E+02,9.816237E+02,3.870848E-02,9.619310E-02
13:50:00,6.732307E+02,1.198826E+03,3.474618E-02,1.174758E-01,6.956210E+02,1.219742E+03,3.590175E-02,1.195255E-01,3.470628E+02,6.235080E+02,1.791039E-02,6.109819E-02,7.481760E+02,9.960739E+02,3.861284E-02,9.760914E-02
14:00:00,6.709615E+02,1.217157E+03,3.462906E-02,1.192721E-01,6.932406E+02,1.238953E+03,3.577890E-02,1.214081E-01,3.465514E+02,6.216704E+02,1.788400E-02,6.091810E-02,7.463779E+02,1.010833E+03,3.852004E-02,9.905545E-02
14:10:00,6.687574E+02,1.235368E+03,3.451530E-02,1.210565E-01,6.909273E+02,1.258230E+03,3.565950E-02,1.232970E-01,3.460573E+02,6.186378E+02,1.785850E-02,6.062091E-02,7.446326E+02,1.025578E+03,3.842996E-02,1.005004E-01
14:20:00,6.666159E+02,1.253327E+03,3.440478E-02,1.228164E-01,6.886786E+02,1.277429E+03,3.554344E-02,1.251784E-01,3.455796E+02,6.143997E+02,1.783385E-02,6.020560E-02,7.429381E+02,1.039975E+03,3.834251E-02,1.019111E-01
14:30:00,6.645347E+02,1.270776E+03,3.429736E-02,1.245262E-01,6.864920E+02,1.296271E+03,3.543059E-02,1.270247E-01,3.451176E+02,6.089050E+02,1.781000E-02,5.966715E-02,7.412924E+02,1.053882E+03,3.825757E-02,1.032739E-01
14:40:00,6.625116E+02,1.287531E+03,3.419295E-02,1.261680E-01,6.843655E+02,1.314556E+03,3.532084E-02,1.288164E-01,3.446704E+02,6.021515E+02,1.778692E-02,5.900537E-02,7.396938E+02,1.067195E+03,3.817507E-02,1.045784E-01
14:50:00,6.605445E+02,1.303474E+03,3.409142E-02,1.277302E-01,6.822968E+02,1.332155E+03,3.521407E-02,1.305410E-01,3.442374E+02,5.941706E+02,1.776457E-02,5.822329E-02,7.381405E+02,1.079805E+03,3.809490E-02,1.058140E-01
15:00:00,6.586314E+02,1.318481E+03,3.399268E-02,1.292007E-01,6.802840E+02,1.348933E+03,3.511019E-02,1.321850E-01,3.438179E+02,5.850329E+02,1.774293E-02,5.732788E-02,7.366310E+02,1.091615E+03,3.801700E-02,1.069713E-01
15:10:00,6.567704E+02,1.332453E+03,3.389663E-02,1.305698E-01,6.783253E+02,1.364786E+03,3.500909E-02,1.337384E-01,3.434115E+02,5.748198E+02,1.772195E-02,5.632708E-02,7.351637E+02,1.102540E+03,3.794127E-02,1.080419E-01
15:20:00,6.549597E+02,1.345177E+03,3.380318E-02,1.318166E-01,6.764186E+02,1.379484E+03,3.491069E-02,1.351786E-01,3.430174E+02,5.636325E+02,1.770161E-02,5.523083E-02,7.337372E+02,1.112600E+03,3.786765E-02,1.090276E-01
15:30:00,6.531977E+02,1.356603E+03,3.371224E-02,1.329362E-01,6.745625E+02,1.392969E+03,3.481489E-02,1.365000E-01,3.426353E+02,5.516769E+02,1.768190E-02,5.405929E-02,7.323500E+02,1.121662E+03,3.779606E-02,1.099156E-01
15:40:00,6.514827E+02,1.366677E+03,3.362373E-02,1.339234E-01,6.727552E+02,1.405175E+03,3.472161E-02,1.376960E-01,3.422647E+02,5.391747E+02,1.766277E-02,5.283419E-02,7.310009E+02,1.129613E+03,3.772643E-02,1.106947E-01
15:50:00,6.498132E+02,1.375285E+03,3.353756E-02,1.347668E-01,6.709950E+02,1.415966E+03,3.463077E-02,1.387534E-01,3.419051E+02,5.263738E+02,1.764421E-02,5.157983E-02,7.296885E+02,1.136348E+03,3.765870E-02,1.113547E-01
16:00:00,6.481876E+02,1.382347E+03,3.345366E-02,1.354587E-01,6.692807E+02,1.425239E+03,3.454229E-02,1.396620E-01,3.415561E+02,5.135497E+02,1.762620E-02,5.032319E-02,7.284117E+02,1.141776E+03,3.759280E-02,1.118864E-01
16:10:00,6.466047E+02,1.387781E+03,3.337197E-02,1.359912E-01,6.676106E+02,1.432883E+03,3.445609E-02,1.404110E-01,3.412172E+02,5.010282E+02,1.760871E-02,4.909622E-02,7.271694E+02,1.145823E+03,3.752868E-02,1.122830E-01
16:20:00,6.450630E+02,1.391481E+03,3.329240E-02,1.363537E-01,6.659834E+02,1.438760E+03,3.437211E-02,1.409868E-01,3.408883E+02,4.891579E+02,1.759173E-02,4.793306E-02,7.259603E+02,1.148545E+03,3.746628E-02,1.125497E-01
16:30:00,6.435612E+02,1.393369E+03,3.321489E-02,1.365387E-01,6.643978E+02,1.442755E+03,3.429027E-02,1.413783E-01,3.405687E+02,4.781020E+02,1.757524E-02,4.684971E-02,7.247834E+02,1.150140E+03,3.740554E-02,1.127060E-01
16:40:00,6.420982E+02,1.393332E+03,3.313938E-02,1.365350E-01,6.628525E+02,1.444713E+03,3.421052E-02,1.415700E-01,3.402583E+02,4.678823E+02,1.755922E-02,4.584831E-02,7.236377E+02,1.150744E+03,3.734641E-02,1.127651E-01
16:50:00,6.406727E+02,1.391280E+03,3.306580E-02,1.363339E-01,6.613463E+02,1.444508E+03,3.413278E-02,1.415500E-01,3.399568E+02,4.584275E+02,1.754366E-02,4.492186E-02,7.225223E+02,1.150472E+03,3.728885E-02,1.127384E-01
17:00:00,6.392835E+02,1.386471E+03,3.299411E-02,1.358626E-01,6.598781E+02,1.441345E+03,3.405700E-02,1.412400E-01,3.396637E+02,4.493241E+02,1.752854E-02,4.402983E-02,7.214362E+02,1.148690E+03,3.723279E-02,1.125638E-01
17:10:00,6.379296E+02,1.379187E+03,3.292423E-02,1.351487E-01,6.584466E+02,1.435505E+03,3.398312E-02,1.406676E-01,3.393789E+02,4.404486E+02,1.751384E-02,4.316014E-02,7.203784E+02,1.145821E+03,3.717820E-02,1.122826E-01
17:20:00,6.366099E+02,1.369463E+03,3.285612E-02,1.341958E-01,6.570508E+02,1.427021E+03,3.391108E-02,1.398362E-01,3.391019E+02,4.315254E+02,1.749955E-02,4.228577E-02,7.193482E+02,1.141840E+03,3.712503E-02,1.118925E-01
17:30:00,6.353235E+02,1.357233E+03,3.278972E-02,1.329974E-01,6.556897E+02,1.415830E+03,3.384084E-02,1.387395E-01,3.388327E+02,4.223807E+02,1.748565E-02,4.138968E-02,7.183447E+02,1.136429E+03,3.707324E-02,1.113622E-01
17:40:00,6.340693E+02,1.342420E+03,3.272499E-02,1.315457E-01,6.543623E+02,1.401858E+03,3.377233E-02,1.373703E-01,3.385709E+02,4.129169E+02,1.747214E-02,4.046233E-02,7.173670E+02,1.129234E+03,3.702278E-02,1.106571E-01
17:50:00,6.328464E+02,1.324955E+03,3.266188E-02,1.298343E-01,6.530676E+02,1.385043E+03,3.370550E-02,1.357225E-01,3.383163E+02,4.030723E+02,1.745900E-02,3.949765E-02,7.164145E+02,1.119892E+03,3.697362E-02,1.097416E-01
18:00:00,6.316539E+02,1.305371E+03,3.260033E-02,1.279152E-01,6.518046E+02,1.365944E+03,3.364032E-02,1.338510E-01,3.380686E+02,3.930511E+02,1.744622E-02,3.851567E-02,7.154864E+02,1.108683E+03,3.692572E-02,1.086432E-01
18:10:00,6.578558E+02,1.283194E+03,3.395264E-02,1.257420E-01,6.791426E+02,1.344059E+03,3.505126E-02,1.317064E-01,3.551896E+02,3.827055E+02,1.832976E-02,3.750190E-02,7.493700E+02,1.094758E+03,3.867443E-02,1.072786E-01
18:20:00,6.840976E+02,1.258211E+03,3.530692E-02,1.232938E-01,7.065223E+02,1.319158E+03,3.646426E-02,1.292663E-01,3.723218E+02,3.719471E+02,1.921374E-02,3.644769E-02,7.832905E+02,1.077547E+03,4.042487E-02,1.055921E-01
18:30:00,7.103873E+02,1.229477E+03,3.666346E-02,1.204782E-01,7.339519E+02,1.290242E+03,3.787963E-02,1.264327E-01,3.894752E+02,3.605686E+02,2.009818E-02,3.533269E-02,8.172653E+02,1.055616E+03,4.217763E-02,1.034429E-01
18:40:00,7.367273E+02,1.197659E+03,3.802234E-02,1.173602E-01,7.614339E+02,1.257989E+03,3.929743E-02,1.232721E-01,4.066449E+02,3.486531E+02,2.098288E-02,3.416509E-02,8.512928E+02,1.029395E+03,4.393252E-02,1.008734E-01
18:50:00,7.631103E+02,1.161913E+03,3.938322E-02,1.138573E-01,7.889607E+02,1.221497E+03,4.071731E-02,1.196962E-01,4.238273E+02,3.360641E+02,2.186802E-02,3.293148E-02,8.853601E+02,9.975520E+02,4.568907E-02,9.775294E-02
19:00:00,7.895306E+02,1.123260E+03,4.074589E-02,1.100696E-01,8.165260E+02,1.181814E+03,4.213904E-02,1.158075E-01,4.410217E+02,3.229515E+02,2.275377E-02,3.164656E-02,9.194588E+02,9.610439E+02,4.744704E-02,9.417533E-02
19:10:00,7.886248E+02,1.083004E+03,4.069816E-02,1.061249E-01,8.155615E+02,1.140284E+03,4.208825E-02,1.117379E-01,4.408663E+02,3.095532E+02,2.274419E-02,3.033364E-02,9.187999E+02,9.213390E+02,4.741115E-02,9.028445E-02
19:20:00,7.877434E+02,1.043045E+03,4.065175E-02,1.022092E-01,8.146221E+02,1.098890E+03,4.203881E-02,1.076816E-01,4.407172E+02,2.961806E+02,2.273509E-02,2.902325E-02,9.181554E+02,8.808041E+02,4.737615E-02,8.631227E-02
19:30:00,7.868738E+02,1.005844E+03,4.060613E-02,9.856389E-02,8.136950E+02,1.060220E+03,4.199020E-02,1.038923E-01,4.405630E+02,2.834344E+02,2.272635E-02,2.777424E-02,9.175044E+02,8.425432E+02,4.734132E-02,8.256295E-02
19:40:00,7.860104E+02,9.717686E+02,4.056109E-02,9.522483E-02,8.127745E+02,1.024688E+03,4.194219E-02,1.004105E-01,4.404075E+02,2.714969E+02,2.271812E-02,2.660449E-02,9.168461E+02,8.072392E+02,4.730669E-02,7.910345E-02
19:50:00,7.851578E+02,9.425079E+02,4.051681E-02,9.235761E-02,8.118655E+02,9.940995E+02,4.189499E-02,9.741320E-02,4.402531E+02,2.607197E+02,2.271017E-02,2.554845E-02,9.161912E+02,7.771586E+02,4.727264E-02,7.615585E-02
20:00:00,7.843195E+02,9.178521E+02,4.047341E-02,8.994166E-02,8.109719E+02,9.682780E+02,4.184872E-02,9.488303E-02,4.400999E+02,2.511564E+02,2.270228E-02,2.461135E-02,9.155464E+02,7.522783E+02,4.723929E-02,7.371786E-02
20:10:00,7.834920E+02,8.973082E+02,4.043063E-02,8.792865E-02,8.100898E+02,9.467480E+02,4.180312E-02,9.277339E-02,4.399469E+02,2.427981E+02,2.269438E-02,2.379234E-02,9.149105E+02,7.321552E+02,4.720646E-02,7.174607E-02
20:20:00,7.826768E+02,8.796732E+02,4.038851E-02,8.620070E-02,8.092208E+02,9.282793E+02,4.175823E-02,9.096373E-02,4.397947E+02,2.355121E+02,2.268652E-02,2.307840E-02,9.142846E+02,7.153516E+02,4.717415E-02,7.009957E-02
20:30:00,7.818758E+02,8.639836E+02,4.034715E-02,8.466335E-02,8.083670E+02,9.118756E+02,4.171414E-02,8.935642E-02,4.396439E+02,2.290178E+02,2.267873E-02,2.244205E-02,9.136700E+02,7.006828E+02,4.714243E-02,6.866225E-02
20:40:00,7.810900E+02,8.497685E+02,4.030658E-02,8.327047E-02,8.075293E+02,8.970450E+02,4.167088E-02,8.790324E-02,4.394950E+02,2.231632E+02,2.267105E-02,2.186836E-02,9.130672E+02,6.875831E+02,4.711131E-02,6.737866E-02
20:50:00,7.803197E+02,8.367256E+02,4.026682E-02,8.199244E-02,8.067081E+02,8.834666E+02,4.162849E-02,8.657274E-02,4.393482E+02,2.178400E+02,2.266348E-02,2.134676E-02,9.124766E+02,6.757059E+02,4.708084E-02,6.621484E-02
21:00:00,7.795653E+02,8.246313E+02,4.022788E-02,8.080735E-02,8.059036E+02,8.708999E+02,4.158697E-02,8.534136E-02,4.392037E+02,2.129618E+02,2.265603E-02,2.086875E-02,9.118985E+02,6.648012E+02,4.705100E-02,6.514631E-02
21:10:00,7.788267E+02,8.132916E+02,4.018976E-02,7.969621E-02,8.051159E+02,8.591359E+02,4.154632E-02,8.418863E-02,4.390618E+02,2.084427E+02,2.264871E-02,2.042593E-02,9.113329E+02,6.546517E+02,4.702182E-02,6.415178E-02
21:20:00,7.781040E+02,8.025752E+02,4.015247E-02,7.864612E-02,8.043450E+02,8.480317E+02,4.150654E-02,8.310055E-02,4.389225E+02,2.042248E+02,2.264152E-02,2.001262E-02,9.107798E+02,6.451141E+02,4.699328E-02,6.321719E-02
21:30:00,7.773971E+02,7.923794E+02,4.011598E-02,7.764705E-02,8.035908E+02,8.374758E+02,4.146761E-02,8.206619E-02,4.387859E+02,2.002604E+02,2.263447E-02,1.962416E-02,9.102391E+02,6.360775E+02,4.696538E-02,6.233170E-02
21:40:00,7.767057E+02,7.826239E+02,4.008030E-02,7.669112E-02,8.028530E+02,8.273810E+02,4.142954E-02,8.107701E-02,4.386520E+02,1.965106E+02,2.262757E-02,1.925671E-02,9.097106E+02,6.274565E+02,4.693811E-02,6.148692E-02
21:50:00,7.760296E+02,7.732456E+02,4.004541E-02,7.577215E-02,8.021315E+02,8.176791E+02,4.139230E-02,8.012633E-02,4.385210E+02,1.929435E+02,2.262081E-02,1.890717E-02,9.091942E+02,6.191844E+02,4.691146E-02,6.067634E-02
22:00:00,7.753686E+02,7.641946E+02,4.001130E-02,7.488525E-02,8.014259E+02,8.083165E+02,4.135589E-02,7.920889E-02,4.383928E+02,1.895332E+02,2.261419E-02,1.857299E-02,9.086896E+02,6.112093E+02,4.688543E-02,5.989485E-02
22:10:00,6.458641E+02,6.550066E+02,3.332849E-02,6.373500E-02,6.675599E+02,6.943250E+02,3.444802E-02,6.753399E-02,3.756115E+02,1.593057E+02,1.925933E-02,1.555384E-02,7.632827E+02,5.247833E+02,3.931223E-02,5.104038E-02
22:20:00,5.164736E+02,5.575919E+02,2.665155E-02,5.356010E-02,5.338154E+02,5.926454E+02,2.754642E-02,5.687791E-02,3.238977E+02,1.307612E+02,1.634916E-02,1.267973E-02,6.434593E+02,4.469026E+02,3.276982E-02,4.289773E-02
22:30:00,3.953638E+02,4.716974E+02,2.030903E-02,4.426483E-02,4.086346E+02,5.033661E+02,2.099056E-02,4.716776E-02,2.769356E+02,1.039616E+02,1.362913E-02,9.948594E-03,5.415181E+02,3.779548E+02,2.694578E-02,3.544283E-02
22:40:00,2.835767E+02,3.956935E+02,1.434799E-02,3.576341E-02,2.930188E+02,4.241648E+02,1.482653E-02,3.826697E-02,2.327362E+02,7.982169E+01,1.102005E-02,7.434204E-03,4.474404E+02,3.164523E+02,2.143765E-02,2.858951E-02
22:50:00,1.846143E+02,3.227781E+02,8.897858E-03,2.753020E-02,1.907278E+02,3.484034E+02,9.193200E-03,2.966255E-02,1.910442E+02,5.702363E+01,8.511819E-03,5.034473E-03,3.587919E+02,2.578272E+02,1.614848E-02,2.198456E-02
23:00:00,9.181440E+01,2.536675E+02,3.696356E-03,1.961963E-02,9.492020E+01,2.765646E+02,3.821466E-03,2.139088E-02,1.510875E+02,3.555528E+01,6.073278E-03,2.748093E-03,2.752027E+02,2.021317E+02,1.106328E-02,1.563131E-02
23:10:00,1.309982E+02,2.877113E+02,5.271044E-03,2.223957E-02,1.354089E+02,3.124813E+02,5.448595E-03,2.415345E-02,1.761134E+02,4.218395E+01,7.076681E-03,3.258688E-03,3.394654E+02,2.273234E+02,1.364468E-02,1.756938E-02
23:20:00,1.737638E+02,3.126319E+02,6.989640E-03,2.412160E-02,1.796327E+02,3.388159E+02,7.225791E-03,2.614190E-02,1.920883E+02,4.826826E+01,7.716692E-03,3.724654E-03,3.813355E+02,2.460864E+02,1.532442E-02,1.898801E-02
23:30:00,2.107506E+02,3.283789E+02,8.475607E-03,2.533684E-02,2.180334E+02,3.551550E+02,8.768696E-03,2.740285E-02,2.051475E+02,5.361697E+01,8.240569E-03,4.137523E-03,4.080353E+02,2.577718E+02,1.639568E-02,1.989005E-02
23:40:00,2.409337E+02,3.363313E+02,9.682514E-03,2.595072E-02,2.491124E+02,3.635544E+02,1.001121E-02,2.805124E-02,2.170860E+02,5.719975E+01,8.719700E-03,4.414120E-03,4.292762E+02,2.636536E+02,1.724855E-02,2.034425E-02
23:50:00,2.604204E+02,3.430788E+02,1.046523E-02,2.647155E-02,2.689991E+02,3.704295E+02,1.080998E-02,2.858193E-02,2.279745E+02,6.023100E+01,9.156786E-03,4.648122E-03,4.471772E+02,2.681215E+02,1.796730E-02,2.068926E-02
24:00:00,2.756755E+02,3.477316E+02,1.107806E-02,2.683070E-02,2.842992E+02,3.751169E+02,1.142461E-02,2.894376E-02,2.384079E+02,6.263408E+01,9.575846E-03,4.833614E-03,4.618497E+02,2.709785E+02,1.855653E-02,2.090989E-02
Peak,9.222910E+02,1.393369E+03,4.731241E-02,1.365387E-01,9.482052E+02,1.444713E+03,4.863995E-02,1.415700E-01,4.490528E+02,6.242208E+02,2.307358E-02,6.116805E-02,9.511055E+02,1.150744E+03,4.882635E-02,1.127651E-01

Peak Vol Flow (m3/s),,,3.931391E-02,1.134558E-01,,,4.041702E-02,1.176366E-01,,,1.917282E-02,5.082715E-02,,,4.057191E-02,9.370136E-02
