Time,ROOM_1FED0393:BOSTON LOGAN INTL ARPT ANN HTG 99.6% CONDNS DB:Des Heat Load [W],ROOM_1FED0393:BOSTON LOGAN INTL ARPT ANN CLG .4% CONDNS DB=>MWB:Des Sens Cool Load [W],ROOM_1FED0393:BOSTON LOGAN INTL ARPT ANN HTG 99.6% CONDNS DB:Des Heat Mass Flow [kg/s],ROOM_1FED0393:BOSTON LOGAN INTL ARPT ANN CLG .4% CONDNS DB=>MWB:Des Cool Mass Flow [kg/s],ROOM_3491F28E:BOSTON LOGAN INTL ARPT ANN HTG 99.6% CONDNS DB:Des Heat Load [W],ROOM_3491F28E:BOSTON LOGAN INTL ARPT ANN CLG .4% CONDNS DB=>MWB:Des Sens Cool Load [W],ROOM_3491F28E:BOSTON LOGAN INTL ARPT ANN HTG 99.6% CONDNS DB:Des Heat Mass Flow [kg/s],ROOM_3491F28E:BOSTON LOGAN INTL ARPT ANN CLG .4% CONDNS DB=>MWB:Des Cool Mass Flow [kg/s],ROOM_4101CB5C:BOSTON LOGAN INTL ARPT ANN HTG 99.6% CONDNS DB:Des Heat Load [W],ROOM_4101CB5C:BOSTON LOGAN INTL ARPT ANN CLG .4% CONDNS DB=>MWB:Des Sens Cool Load [W],ROOM_4101CB5C:BOSTON LOGAN INTL ARPT ANN HTG 99.6% CONDNS DB:Des Heat Mass Flow [kg/s],ROOM_4101CB5C:BOSTON LOGAN INTL ARPT ANN CLG .4% CONDNS DB=>MWB:Des Cool Mass Flow [kg/s],ROOM_46DD494C:BOSTON LOGAN INTL ARPT ANN HTG 99.6% CONDNS DB:Des Heat Load [W],ROOM_46DD494C:BOSTON LOGAN INTL ARPT ANN CLG .4% CONDNS DB=>MWB:Des Sens Cool Load [W],ROOM_46DD494C:BOSTON LOGAN INTL ARPT ANN HTG 99.6% CONDNS DB:Des Heat Mass Flow [kg/s],ROOM_46DD494C:BOSTON LOGAN INTL ARPT ANN CLG .4% CONDNS DB=>MWB:Des Cool Mass Flow [kg/s],ROOM_67B73CDB:BOSTON LOGAN INTL ARPT ANN HTG 99.6% CONDNS DB:Des Heat Load [W],ROOM_67B73CDB:BOSTON LOGAN INTL ARPT ANN CLG .4% CONDNS DB=>MWB:Des Sens Cool Load [W],ROOM_67B73CDB:BOSTON LOGAN INTL ARPT ANN HTG 99.6% CONDNS DB:Des Heat Mass Flow [kg/s],ROOM_67B73CDB:BOSTON LOGAN INTL ARPT ANN CLG .4% CONDNS DB=>MWB:Des Cool Mass Flow [kg/s],ROOM_72ED9C31:BOSTON LOGAN INTL ARPT ANN HTG 99.6% CONDNS DB:Des Heat Load [W],ROOM_72ED9C31:BOSTON LOGAN INTL ARPT ANN CLG .4% CONDNS DB=>MWB:Des Sens Cool Load [W],ROOM_72ED9C31:BOSTON LOGAN INTL ARPT ANN HTG 99.6% CONDNS DB:Des Heat Mass Flow [kg/s],ROOM_72ED9C31:BOSTON LOGAN INTL ARPT ANN CLG .4% CONDNS DB=>MWB:Des Cool Mass Flow [kg/s],ROOM_7CF73752:BOSTON LOGAN INTL ARPT ANN HTG 99.6% CONDNS DB:Des Heat Load [W],ROOM_7CF73752:BOSTON LOGAN INTL ARPT ANN CLG .4% CONDNS DB=>MWB:Des Sens Cool Load [W],ROOM_7CF73752:BOSTON LOGAN INTL ARPT ANN HTG 99.6% CONDNS DB:Des Heat Mass Flow [kg/s],ROOM_7CF73752:BOSTON LOGAN INTL ARPT ANN CLG .4% CONDNS DB=>MWB:Des Cool Mass Flow [kg/s],ROOM_7EB284F1:BOSTON LOGAN INTL ARPT ANN HTG 99.6% CONDNS DB:Des Heat Load [W],ROOM_7EB284F1:BOSTON LOGAN INTL ARPT ANN CLG .4% CONDNS DB=>MWB:Des Sens Cool Load [W],ROOM_7EB284F1:BOSTON LOGAN INTL ARPT ANN HTG 99.6% CONDNS DB:Des Heat Mass Flow [kg/s],ROOM_7EB284F1:BOSTON LOGAN INTL ARPT ANN CLG .4% CONDNS DB=>MWB:Des Cool Mass Flow [kg/s],ROOM_85E48ABC:BOSTON LOGAN INTL ARPT ANN HTG 99.6% CONDNS DB:Des Heat Load [W],ROOM_85E48ABC:BOSTON LOGAN INTL ARPT ANN CLG .4% CONDNS DB=>MWB:Des Sens Cool Load [W],ROOM_85E48ABC:BOSTON LOGAN INTL ARPT ANN HTG 99.6% CONDNS DB:Des Heat Mass Flow [kg/s],ROOM_85E48ABC:BOSTON LOGAN INTL ARPT ANN CLG .4% CONDNS DB=>MWB:Des Cool Mass Flow [kg/s],ROOM_EDFC232E:BOSTON LOGAN INTL ARPT ANN HTG 99.6% CONDNS DB:Des Heat Load [W],ROOM_EDFC232E:BOSTON LOGAN INTL ARPT ANN CLG .4% CONDNS DB=>MWB:Des Sens Cool Load [W],ROOM_EDFC232E:BOSTON LOGAN INTL ARPT ANN HTG 99.6% CONDNS DB:Des Heat Mass Flow [kg/s],ROOM_EDFC232E:BOSTON LOGAN INTL ARPT ANN CLG .4% CONDNS DB=>MWB:Des Cool Mass Flow [kg/s],ROOM_F82A55C4:BOSTON LOGAN INTL ARPT ANN HTG 99.6% CONDNS DB:Des Heat Load [W],ROOM_F82A55C4:BOSTON LOGAN INTL ARPT ANN CLG .4% CONDNS DB=>MWB:Des Sens Cool Load [W],ROOM_F82A55C4:BOSTON LOGAN INTL ARPT ANN HTG 99.6% CONDNS DB:Des Heat Mass Flow [kg/s],ROOM_F82A55C4:BOSTON LOGAN INTL ARPT ANN CLG .4% CONDNS DB=>MWB:Des Cool Mass Flow [kg/s]
00:10:00,2.002552E+01,1.042908E+02,8.050604E-04,8.046659E-03,3.761753E+02,8.515992E+01,1.510904E-02,6.572461E-03,2.474301E+02,1.888978E+02,9.942321E-03,1.457548E-02,3.625699E+02,2.985264E+02,1.456858E-02,2.303478E-02,4.127784E+02,2.544077E+02,1.658527E-02,1.963090E-02,3.692712E+02,1.687392E+02,1.483597E-02,1.302089E-02,6.693550E+02,1.928463E+02,2.688861E-02,1.488221E-02,3.151337E+02,3.039501E+02,1.266350E-02,2.345251E-02,3.466112E+01,7.196692E+01,1.393281E-03,5.552758E-03,1.434728E+02,1.596172E+02,5.765367E-03,1.231598E-02,3.014338E+02,2.923240E+02,1.211245E-02,2.255589E-02
00:20:00,2.841045E+01,1.074897E+02,1.142037E-03,8.293504E-03,3.821502E+02,8.470732E+01,1.534901E-02,6.537523E-03,2.567365E+02,1.914774E+02,1.031614E-02,1.477459E-02,3.753523E+02,3.000059E+02,1.508207E-02,2.314901E-02,4.243792E+02,2.560758E+02,1.705125E-02,1.975970E-02,3.787741E+02,1.697602E+02,1.521769E-02,1.309972E-02,6.796235E+02,1.923548E+02,2.730106E-02,1.484431E-02,3.281885E+02,3.079114E+02,1.318791E-02,2.375826E-02,4.341491E+01,7.483207E+01,1.744762E-03,5.773857E-03,1.513491E+02,1.619014E+02,6.081770E-03,1.249226E-02,3.127669E+02,2.946524E+02,1.256768E-02,2.273562E-02
00:30:00,3.782951E+01,1.102605E+02,1.520569E-03,8.507304E-03,3.872526E+02,8.398706E+01,1.555400E-02,6.481917E-03,2.652831E+02,1.935079E+02,1.065946E-02,1.493131E-02,3.870161E+02,3.008103E+02,1.555067E-02,2.321110E-02,4.347976E+02,2.571469E+02,1.746977E-02,1.984239E-02,3.872424E+02,1.703024E+02,1.555789E-02,1.314158E-02,6.885696E+02,1.914132E+02,2.766048E-02,1.477165E-02,3.399778E+02,3.111064E+02,1.366151E-02,2.400483E-02,5.025311E+01,7.736253E+01,2.019537E-03,5.969123E-03,1.582391E+02,1.636881E+02,6.358552E-03,1.263015E-02,3.231712E+02,2.962675E+02,1.298563E-02,2.286028E-02
00:40:00,4.520401E+01,1.126544E+02,1.816683E-03,8.692019E-03,3.916371E+02,8.305276E+01,1.573015E-02,6.409789E-03,2.732979E+02,1.950785E+02,1.098143E-02,1.505251E-02,3.975856E+02,3.010706E+02,1.597530E-02,2.323119E-02,4.441429E+02,2.577337E+02,1.784518E-02,1.988767E-02,3.948247E+02,1.704541E+02,1.586252E-02,1.315329E-02,6.964073E+02,1.901181E+02,2.797539E-02,1.467169E-02,3.508856E+02,3.136652E+02,1.409971E-02,2.420230E-02,5.678823E+01,7.958987E+01,2.282130E-03,6.140994E-03,1.645346E+02,1.650565E+02,6.611452E-03,1.273574E-02,3.329429E+02,2.972992E+02,1.337820E-02,2.293989E-02
00:50:00,5.215523E+01,1.147213E+02,2.096012E-03,8.851493E-03,3.954280E+02,8.194862E+01,1.588245E-02,6.324554E-03,2.810688E+02,1.962654E+02,1.129364E-02,1.514410E-02,4.071180E+02,3.008934E+02,1.635827E-02,2.321750E-02,4.525335E+02,2.579283E+02,1.818225E-02,1.990268E-02,4.016716E+02,1.702887E+02,1.613764E-02,1.314051E-02,7.033381E+02,1.885466E+02,2.825386E-02,1.455039E-02,3.612332E+02,3.156978E+02,1.451543E-02,2.435914E-02,6.224307E+01,8.154810E+01,2.501302E-03,6.292093E-03,1.704316E+02,1.660749E+02,6.848362E-03,1.281432E-02,3.424468E+02,2.978549E+02,1.376003E-02,2.298276E-02
01:00:00,5.820052E+01,1.165065E+02,2.338929E-03,8.989228E-03,3.987272E+02,8.071115E+01,1.601500E-02,6.229030E-03,2.884771E+02,1.971331E+02,1.159131E-02,1.521104E-02,4.157038E+02,3.003653E+02,1.670322E-02,2.317672E-02,4.601359E+02,2.578063E+02,1.848768E-02,1.989325E-02,4.078628E+02,1.698667E+02,1.638643E-02,1.310793E-02,7.095228E+02,1.867604E+02,2.850236E-02,1.441252E-02,3.712226E+02,3.172960E+02,1.491677E-02,2.448244E-02,6.696628E+01,8.327028E+01,2.691070E-03,6.424973E-03,1.761218E+02,1.668018E+02,7.076977E-03,1.287039E-02,3.515253E+02,2.980232E+02,1.412481E-02,2.299572E-02
01:10:00,6.335086E+01,1.182097E+02,2.545876E-03,9.120632E-03,4.016208E+02,7.944316E+01,1.613125E-02,6.131151E-03,2.955405E+02,1.979894E+02,1.187512E-02,1.527709E-02,4.234238E+02,2.998743E+02,1.701338E-02,2.313881E-02,4.670877E+02,2.577296E+02,1.876699E-02,1.988730E-02,4.134931E+02,1.694270E+02,1.661267E-02,1.307398E-02,7.150967E+02,1.850180E+02,2.872631E-02,1.427802E-02,3.808550E+02,3.189622E+02,1.530380E-02,2.461099E-02,7.116412E+01,8.491188E+01,2.859726E-03,6.551632E-03,1.815985E+02,1.674769E+02,7.297033E-03,1.292246E-02,3.600660E+02,2.982071E+02,1.446799E-02,2.300989E-02
01:20:00,6.792531E+01,1.197163E+02,2.729678E-03,9.236868E-03,4.041757E+02,7.811492E+01,1.623390E-02,6.028625E-03,3.021544E+02,1.986492E+02,1.214088E-02,1.532799E-02,4.304379E+02,2.991915E+02,1.729518E-02,2.308609E-02,4.735171E+02,2.574808E+02,1.902532E-02,1.986808E-02,4.186376E+02,1.688465E+02,1.681940E-02,1.302917E-02,7.201965E+02,1.831869E+02,2.893121E-02,1.413670E-02,3.901109E+02,3.203661E+02,1.567571E-02,2.471930E-02,7.491525E+01,8.638563E+01,3.010434E-03,6.665337E-03,1.868553E+02,1.679676E+02,7.508257E-03,1.296031E-02,3.680766E+02,2.981669E+02,1.478986E-02,2.300676E-02
01:30:00,7.203925E+01,1.210555E+02,2.894975E-03,9.340180E-03,4.064680E+02,7.674721E+01,1.632599E-02,5.923054E-03,3.083532E+02,1.991484E+02,1.238995E-02,1.536650E-02,4.368555E+02,2.983605E+02,1.755302E-02,2.302194E-02,4.795857E+02,2.570985E+02,1.926917E-02,1.983857E-02,4.233668E+02,1.681581E+02,1.700943E-02,1.297603E-02,7.248723E+02,1.812990E+02,2.911907E-02,1.399098E-02,3.989261E+02,3.215555E+02,1.602992E-02,2.481105E-02,7.833394E+01,8.771413E+01,3.147787E-03,6.767834E-03,1.919822E+02,1.683072E+02,7.714269E-03,1.298650E-02,3.755798E+02,2.979491E+02,1.509135E-02,2.298992E-02
01:40:00,7.579954E+01,1.222548E+02,3.046062E-03,9.432703E-03,4.085259E+02,7.535656E+01,1.640866E-02,5.815715E-03,3.141556E+02,1.995190E+02,1.262310E-02,1.539508E-02,4.427800E+02,2.974178E+02,1.779107E-02,2.294919E-02,4.852820E+02,2.566154E+02,1.949808E-02,1.980127E-02,4.277625E+02,1.673889E+02,1.718607E-02,1.291666E-02,7.291896E+02,1.793791E+02,2.929253E-02,1.384280E-02,4.072671E+02,3.225731E+02,1.636507E-02,2.488954E-02,8.152325E+01,8.892014E+01,3.275928E-03,6.860879E-03,1.968186E+02,1.685251E+02,7.908618E-03,1.300330E-02,3.826080E+02,2.975934E+02,1.537375E-02,2.296246E-02
01:50:00,7.932168E+01,1.233355E+02,3.187582E-03,9.516079E-03,4.103856E+02,7.395701E+01,1.648337E-02,5.707691E-03,3.195825E+02,1.997863E+02,1.284116E-02,1.541569E-02,4.483260E+02,2.963932E+02,1.801391E-02,2.287012E-02,4.906838E+02,2.560580E+02,1.971515E-02,1.975824E-02,4.318514E+02,1.665614E+02,1.735037E-02,1.285280E-02,7.332028E+02,1.774483E+02,2.945377E-02,1.369379E-02,4.151571E+02,3.234520E+02,1.668210E-02,2.495734E-02,8.458680E+01,9.002142E+01,3.399020E-03,6.945844E-03,2.013881E+02,1.686449E+02,8.092238E-03,1.301253E-02,3.891918E+02,2.971318E+02,1.563829E-02,2.292683E-02
02:00:00,8.271329E+01,1.243152E+02,3.323859E-03,9.591659E-03,4.120781E+02,7.256029E+01,1.655136E-02,5.599885E-03,3.246484E+02,1.999709E+02,1.304471E-02,1.542993E-02,4.535782E+02,2.953111E+02,1.822496E-02,2.278660E-02,4.958006E+02,2.554476E+02,1.992076E-02,1.971114E-02,4.356733E+02,1.656941E+02,1.750395E-02,1.278586E-02,7.369567E+02,1.755240E+02,2.960458E-02,1.354527E-02,4.226469E+02,3.242189E+02,1.698305E-02,2.501650E-02,8.756774E+01,9.103268E+01,3.518798E-03,7.023863E-03,2.056984E+02,1.686859E+02,8.265438E-03,1.301569E-02,3.953809E+02,2.965905E+02,1.588697E-02,2.288505E-02
02:10:00,8.603349E+01,1.252021E+02,3.457271E-03,9.660084E-03,4.136290E+02,7.116022E+01,1.661367E-02,5.491822E-03,3.293388E+02,2.000742E+02,1.323317E-02,1.543789E-02,4.586250E+02,2.941696E+02,1.842776E-02,2.269852E-02,5.006641E+02,2.547783E+02,2.011620E-02,1.965948E-02,4.392630E+02,1.647833E+02,1.764819E-02,1.271557E-02,7.404873E+02,1.735906E+02,2.974642E-02,1.339606E-02,4.297339E+02,3.248703E+02,1.726781E-02,2.506675E-02,9.045845E+01,9.196155E+01,3.634955E-03,7.095526E-03,2.097654E+02,1.686535E+02,8.428864E-03,1.301318E-02,4.011686E+02,2.959705E+02,1.611953E-02,2.283720E-02
02:20:00,8.921467E+01,1.260092E+02,3.585100E-03,9.722349E-03,4.150593E+02,6.976367E+01,1.667113E-02,5.384031E-03,3.337256E+02,2.001099E+02,1.340942E-02,1.544064E-02,4.634461E+02,2.929842E+02,1.862150E-02,2.260705E-02,5.053022E+02,2.540635E+02,2.030257E-02,1.960432E-02,4.426501E+02,1.638405E+02,1.778429E-02,1.264281E-02,7.438240E+02,1.716577E+02,2.988048E-02,1.324688E-02,4.364337E+02,3.254239E+02,1.753702E-02,2.510946E-02,9.329267E+01,9.281627E+01,3.748845E-03,7.161468E-03,2.136162E+02,1.685608E+02,8.583604E-03,1.300602E-02,4.065129E+02,2.952885E+02,1.633426E-02,2.278457E-02
02:30:00,9.231124E+01,1.267475E+02,3.709529E-03,9.779305E-03,4.163863E+02,6.837627E+01,1.672443E-02,5.276947E-03,3.378346E+02,2.000897E+02,1.357451E-02,1.543908E-02,4.680671E+02,2.917671E+02,1.880720E-02,2.251312E-02,5.097390E+02,2.533141E+02,2.048086E-02,1.954649E-02,4.458589E+02,1.628751E+02,1.791322E-02,1.256832E-02,7.469907E+02,1.697332E+02,3.000770E-02,1.309835E-02,4.427542E+02,3.258980E+02,1.779099E-02,2.514603E-02,9.606504E+01,9.360747E+01,3.860253E-03,7.222510E-03,2.172538E+02,1.684186E+02,8.729773E-03,1.299505E-02,4.115218E+02,2.945583E+02,1.653550E-02,2.272822E-02
02:40:00,9.534199E+01,1.274260E+02,3.831316E-03,9.831655E-03,4.176241E+02,6.700268E+01,1.677416E-02,5.170928E-03,3.417086E+02,2.000233E+02,1.373017E-02,1.543394E-02,4.725060E+02,2.905282E+02,1.898558E-02,2.241753E-02,5.139950E+02,2.525394E+02,2.065188E-02,1.948670E-02,4.489101E+02,1.618951E+02,1.803582E-02,1.249269E-02,7.500070E+02,1.678235E+02,3.012888E-02,1.295097E-02,4.486700E+02,3.263068E+02,1.802869E-02,2.517757E-02,9.876784E+01,9.434343E+01,3.968866E-03,7.279289E-03,2.206902E+02,1.682361E+02,8.867861E-03,1.298096E-02,4.162277E+02,2.937911E+02,1.672458E-02,2.266902E-02
02:50:00,9.829505E+01,1.280526E+02,3.949984E-03,9.879992E-03,4.187844E+02,6.564670E+01,1.682077E-02,5.066269E-03,3.453842E+02,1.999187E+02,1.387786E-02,1.542587E-02,4.767799E+02,2.892759E+02,1.915733E-02,2.232089E-02,5.180874E+02,2.517467E+02,2.081632E-02,1.942554E-02,4.518210E+02,1.609068E+02,1.815278E-02,1.241642E-02,7.528888E+02,1.659340E+02,3.024466E-02,1.280515E-02,4.542005E+02,3.266562E+02,1.825090E-02,2.520452E-02,1.014016E+02,9.503101E+01,4.074708E-03,7.332337E-03,2.239364E+02,1.680207E+02,8.998301E-03,1.296434E-02,4.206807E+02,2.929965E+02,1.690350E-02,2.260771E-02
03:00:00,1.011711E+02,1.286337E+02,4.065559E-03,9.924820E-03,4.198769E+02,6.431145E+01,1.686466E-02,4.963211E-03,3.489029E+02,1.997828E+02,1.401924E-02,1.541539E-02,4.809035E+02,2.880169E+02,1.932303E-02,2.222375E-02,5.220310E+02,2.509425E+02,2.097479E-02,1.936347E-02,4.546060E+02,1.599156E+02,1.826469E-02,1.233993E-02,7.556495E+02,1.640691E+02,3.035556E-02,1.266122E-02,4.594274E+02,3.269564E+02,1.846091E-02,2.522769E-02,1.039729E+02,9.567607E+01,4.178039E-03,7.382104E-03,2.269993E+02,1.677789E+02,9.121378E-03,1.294568E-02,4.249238E+02,2.921822E+02,1.707399E-02,2.254487E-02
03:10:00,1.039791E+02,1.291701E+02,4.178400E-03,9.966210E-03,4.209094E+02,6.298427E+01,1.690614E-02,4.860776E-03,3.523494E+02,1.996054E+02,1.415773E-02,1.540170E-02,4.848891E+02,2.867358E+02,1.948319E-02,2.212489E-02,5.258383E+02,2.501082E+02,2.112778E-02,1.929910E-02,4.572773E+02,1.589073E+02,1.837202E-02,1.226212E-02,7.582999E+02,1.622033E+02,3.046204E-02,1.251723E-02,4.643953E+02,3.271997E+02,1.866053E-02,2.524645E-02,1.064380E+02,9.627893E+01,4.277100E-03,7.428616E-03,2.298770E+02,1.675051E+02,9.237012E-03,1.292455E-02,4.290060E+02,2.913344E+02,1.723802E-02,2.247945E-02
03:20:00,1.067345E+02,1.296663E+02,4.289127E-03,1.000449E-02,4.218888E+02,6.166636E+01,1.694548E-02,4.759056E-03,3.556816E+02,1.993908E+02,1.429165E-02,1.538513E-02,4.887476E+02,2.854363E+02,1.963824E-02,2.202462E-02,5.295201E+02,2.492475E+02,2.127572E-02,1.923268E-02,4.598452E+02,1.578849E+02,1.847520E-02,1.218322E-02,7.608494E+02,1.603382E+02,3.056447E-02,1.237329E-02,4.691504E+02,3.273875E+02,1.885159E-02,2.526094E-02,1.088051E+02,9.684322E+01,4.372226E-03,7.472152E-03,2.325608E+02,1.672035E+02,9.344852E-03,1.290128E-02,4.330269E+02,2.904578E+02,1.739960E-02,2.241181E-02
03:30:00,1.094072E+02,1.301253E+02,4.396536E-03,1.003990E-02,4.228205E+02,6.035871E+01,1.698291E-02,4.658129E-03,3.589177E+02,1.991424E+02,1.442170E-02,1.536596E-02,4.924879E+02,2.841214E+02,1.978854E-02,2.192315E-02,5.330856E+02,2.483629E+02,2.141899E-02,1.916442E-02,4.623184E+02,1.568506E+02,1.857457E-02,1.210341E-02,7.633057E+02,1.584750E+02,3.066315E-02,1.222949E-02,4.737416E+02,3.275226E+02,1.903608E-02,2.527136E-02,1.110756E+02,9.737185E+01,4.463468E-03,7.512937E-03,2.350952E+02,1.668775E+02,9.446682E-03,1.287612E-02,4.369334E+02,2.895563E+02,1.755659E-02,2.234225E-02
03:40:00,1.119872E+02,1.305504E+02,4.500214E-03,1.007270E-02,4.237092E+02,5.906224E+01,1.701860E-02,4.558064E-03,3.620576E+02,1.988634E+02,1.454788E-02,1.534443E-02,4.961180E+02,2.827936E+02,1.993441E-02,2.182070E-02,5.365427E+02,2.474572E+02,2.155790E-02,1.909453E-02,4.647044E+02,1.558065E+02,1.867044E-02,1.202284E-02,7.656754E+02,1.566148E+02,3.075835E-02,1.208593E-02,4.782477E+02,3.276067E+02,1.921715E-02,2.527785E-02,1.132533E+02,9.786759E+01,4.550979E-03,7.551184E-03,2.374988E+02,1.665298E+02,9.543258E-03,1.284929E-02,4.407438E+02,2.886331E+02,1.770972E-02,2.227101E-02
03:50:00,1.144751E+02,1.309442E+02,4.600194E-03,1.010308E-02,4.245588E+02,5.777770E+01,1.705273E-02,4.458921E-03,3.651069E+02,1.985564E+02,1.467041E-02,1.532075E-02,4.996447E+02,2.814552E+02,2.007613E-02,2.171742E-02,5.398981E+02,2.465322E+02,2.169272E-02,1.902315E-02,4.670096E+02,1.547542E+02,1.876306E-02,1.194163E-02,7.679643E+02,1.547587E+02,3.085030E-02,1.194269E-02,4.826987E+02,3.276468E+02,1.939602E-02,2.528094E-02,1.153420E+02,9.833287E+01,4.634915E-03,7.587081E-03,2.397926E+02,1.661628E+02,9.635428E-03,1.282098E-02,4.444565E+02,2.876909E+02,1.785892E-02,2.219831E-02
04:00:00,1.168736E+02,1.313090E+02,4.696580E-03,1.013123E-02,4.253727E+02,5.650576E+01,1.708543E-02,4.360750E-03,3.680699E+02,1.982239E+02,1.478948E-02,1.529509E-02,5.030739E+02,2.801079E+02,2.021392E-02,2.161347E-02,5.431579E+02,2.455900E+02,2.182371E-02,1.895045E-02,4.692394E+02,1.536953E+02,1.885266E-02,1.185992E-02,7.701772E+02,1.529075E+02,3.093920E-02,1.179982E-02,4.870597E+02,3.276442E+02,1.957127E-02,2.528073E-02,1.173456E+02,9.876981E+01,4.715435E-03,7.620793E-03,2.419977E+02,1.657787E+02,9.724033E-03,1.279134E-02,4.480761E+02,2.867321E+02,1.800437E-02,2.212432E-02
04:10:00,1.191855E+02,1.316528E+02,4.789489E-03,1.015775E-02,4.261537E+02,5.526147E+01,1.711680E-02,4.264714E-03,3.709507E+02,1.978824E+02,1.490525E-02,1.526873E-02,5.064108E+02,2.787737E+02,2.034801E-02,2.151051E-02,5.463272E+02,2.446545E+02,2.195106E-02,1.887826E-02,4.713986E+02,1.526486E+02,1.893941E-02,1.177915E-02,7.723184E+02,1.510905E+02,3.102522E-02,1.165959E-02,4.913316E+02,3.276177E+02,1.974295E-02,2.527869E-02,1.192682E+02,9.918648E+01,4.792695E-03,7.652940E-03,2.441418E+02,1.653890E+02,9.810193E-03,1.276127E-02,4.516060E+02,2.857777E+02,1.814622E-02,2.205068E-02
04:20:00,1.214140E+02,1.319777E+02,4.879044E-03,1.018281E-02,4.269043E+02,5.404619E+01,1.714695E-02,4.170917E-03,3.737533E+02,1.975340E+02,1.501787E-02,1.524185E-02,5.096598E+02,2.774528E+02,2.047856E-02,2.140859E-02,5.494106E+02,2.437264E+02,2.207495E-02,1.880664E-02,4.734914E+02,1.516143E+02,1.902350E-02,1.169933E-02,7.743919E+02,1.493097E+02,3.110852E-02,1.152215E-02,4.955141E+02,3.275741E+02,1.991102E-02,2.527532E-02,1.211133E+02,9.958485E+01,4.866843E-03,7.683675E-03,2.462577E+02,1.649953E+02,9.895219E-03,1.273089E-02,4.550495E+02,2.848291E+02,1.828460E-02,2.197748E-02
04:30:00,1.235592E+02,1.322853E+02,4.965250E-03,1.020655E-02,4.276261E+02,5.286104E+01,1.717594E-02,4.079446E-03,3.764776E+02,1.971819E+02,1.512734E-02,1.521468E-02,5.128209E+02,2.761487E+02,2.060559E-02,2.130796E-02,5.524086E+02,2.428094E+02,2.219541E-02,1.873588E-02,4.755192E+02,1.505955E+02,1.910497E-02,1.162072E-02,7.763992E+02,1.475670E+02,3.118916E-02,1.138766E-02,4.996029E+02,3.275156E+02,2.007534E-02,2.527080E-02,1.228820E+02,9.996647E+01,4.937920E-03,7.713119E-03,2.483203E+02,1.646001E+02,9.978110E-03,1.270039E-02,4.584053E+02,2.838898E+02,1.841945E-02,2.190501E-02
04:40:00,1.256241E+02,1.331805E+02,5.048232E-03,1.027562E-02,4.283209E+02,5.248066E+01,1.720386E-02,4.050082E-03,3.791272E+02,1.978904E+02,1.523381E-02,1.526935E-02,5.158982E+02,2.761436E+02,2.072924E-02,2.130757E-02,5.553251E+02,2.421332E+02,2.231260E-02,1.868370E-02,4.774854E+02,1.501234E+02,1.918398E-02,1.158428E-02,7.783437E+02,1.467060E+02,3.126728E-02,1.132121E-02,5.036004E+02,3.295040E+02,2.023598E-02,2.542423E-02,1.245774E+02,1.003415E+02,5.006050E-03,7.742057E-03,2.503325E+02,1.644433E+02,1.005898E-02,1.268830E-02,4.616767E+02,2.835966E+02,1.855091E-02,2.188239E-02
04:50:00,1.276123E+02,1.354560E+02,5.128132E-03,1.045119E-02,4.289906E+02,5.386779E+01,1.723076E-02,4.157137E-03,3.817063E+02,2.008166E+02,1.533745E-02,1.549514E-02,5.188961E+02,2.787695E+02,2.084971E-02,2.151020E-02,5.581645E+02,2.417521E+02,2.242669E-02,1.865429E-02,4.793937E+02,1.505867E+02,1.926065E-02,1.162003E-02,7.802285E+02,1.474891E+02,3.134300E-02,1.138165E-02,5.075102E+02,3.359402E+02,2.039309E-02,2.592086E-02,1.262025E+02,1.007270E+02,5.071357E-03,7.771794E-03,2.522952E+02,1.645843E+02,1.013785E-02,1.269918E-02,4.648679E+02,2.843360E+02,1.867914E-02,2.193944E-02
05:00:00,1.295267E+02,1.400973E+02,5.205064E-03,1.080930E-02,4.296367E+02,5.818679E+01,1.725671E-02,4.490504E-03,3.842181E+02,2.073763E+02,1.543838E-02,1.600133E-02,5.218183E+02,2.856022E+02,2.096713E-02,2.203747E-02,5.609304E+02,2.417442E+02,2.253783E-02,1.865369E-02,4.812469E+02,1.524735E+02,1.933511E-02,1.176565E-02,7.820567E+02,1.508221E+02,3.141644E-02,1.163889E-02,5.113350E+02,3.496531E+02,2.054679E-02,2.697901E-02,1.277596E+02,1.011532E+02,5.133926E-03,7.804681E-03,2.542100E+02,1.651113E+02,1.021480E-02,1.273985E-02,4.679822E+02,2.865331E+02,1.880429E-02,2.210899E-02
05:10:00,1.671151E+02,1.661205E+02,6.813761E-03,1.296047E-02,4.540652E+02,7.509234E+01,1.849192E-02,5.882054E-03,4.424907E+02,2.450328E+02,1.802631E-02,1.911424E-02,5.934747E+02,3.300789E+02,2.417171E-02,2.573910E-02,6.297270E+02,2.722705E+02,2.564659E-02,2.120606E-02,5.297164E+02,1.763161E+02,2.157947E-02,1.374875E-02,8.377445E+02,1.786110E+02,3.411508E-02,1.393881E-02,6.021559E+02,4.149001E+02,2.452196E-02,3.236421E-02,1.587494E+02,1.163487E+02,6.474355E-03,9.065590E-03,2.984980E+02,1.869449E+02,1.216462E-02,1.456483E-02,5.414470E+02,3.246918E+02,2.205629E-02,2.529769E-02
05:20:00,1.790739E+02,1.845044E+02,7.413150E-03,1.464585E-02,4.696717E+02,9.301447E+01,1.943234E-02,7.439472E-03,4.616179E+02,2.701261E+02,1.909160E-02,2.143180E-02,6.159896E+02,3.579961E+02,2.546739E-02,2.837827E-02,6.520877E+02,2.826438E+02,2.695917E-02,2.233999E-02,5.502667E+02,1.901573E+02,2.276593E-02,1.507173E-02,8.627675E+02,1.973690E+02,3.567807E-02,1.566922E-02,6.227191E+02,4.585594E+02,2.572506E-02,3.638022E-02,1.706365E+02,1.231771E+02,7.069873E-03,9.747890E-03,3.141128E+02,1.963578E+02,1.299875E-02,1.553328E-02,5.635456E+02,3.416088E+02,2.330130E-02,2.702470E-02
05:30:00,2.087219E+02,2.132301E+02,8.787871E-03,1.719792E-02,4.884794E+02,1.170515E+02,2.051218E-02,9.508578E-03,5.051875E+02,3.110385E+02,2.122770E-02,2.507447E-02,6.679771E+02,4.047092E+02,2.805410E-02,3.259106E-02,7.016315E+02,3.066068E+02,2.946230E-02,2.461158E-02,5.862344E+02,2.136605E+02,2.462739E-02,1.720336E-02,9.027089E+02,2.273103E+02,3.789328E-02,1.833525E-02,6.889972E+02,5.302766E+02,2.893087E-02,4.274700E-02,1.958061E+02,1.358532E+02,8.247571E-03,1.092044E-02,3.484197E+02,2.147064E+02,1.465187E-02,1.724993E-02,6.180627E+02,3.747106E+02,2.596651E-02,3.010675E-02
05:40:00,2.313952E+02,2.419488E+02,9.858260E-03,1.975376E-02,5.042443E+02,1.435210E+02,2.145900E-02,1.178560E-02,5.392609E+02,3.518802E+02,2.294933E-02,2.871809E-02,7.085841E+02,4.507416E+02,3.014405E-02,3.675422E-02,7.405719E+02,3.266483E+02,3.150257E-02,2.655548E-02,6.150800E+02,2.359501E+02,2.617795E-02,1.923597E-02,9.350927E+02,2.569698E+02,3.977834E-02,2.098177E-02,7.390648E+02,6.022962E+02,3.142891E-02,4.915300E-02,2.154386E+02,1.465390E+02,9.183690E-03,1.192678E-02,3.752153E+02,2.304641E+02,1.597714E-02,1.875083E-02,6.603068E+02,4.039171E+02,2.809599E-02,3.286598E-02
05:50:00,2.523652E+02,2.716809E+02,1.085526E-02,2.240386E-02,5.186238E+02,1.721378E+02,2.234557E-02,1.425266E-02,5.708533E+02,3.942192E+02,2.456398E-02,3.250120E-02,7.461858E+02,4.980264E+02,3.210431E-02,4.103799E-02,7.766907E+02,3.458998E+02,3.342112E-02,2.843397E-02,6.416526E+02,2.586177E+02,2.763023E-02,2.130511E-02,9.649993E+02,2.876011E+02,4.155615E-02,2.371835E-02,7.858532E+02,6.766002E+02,3.378584E-02,5.577938E-02,2.335464E+02,1.566946E+02,1.005402E-02,1.288916E-02,3.999851E+02,2.456879E+02,1.721496E-02,2.020846E-02,6.995428E+02,4.323043E+02,3.009579E-02,3.556219E-02
06:00:00,2.718958E+02,3.016385E+02,1.179034E-02,2.508872E-02,5.319421E+02,2.018529E+02,2.318603E-02,1.682962E-02,6.005486E+02,4.369006E+02,2.609707E-02,3.633640E-02,7.815444E+02,5.452657E+02,3.396813E-02,4.534404E-02,8.107294E+02,3.646178E+02,3.525026E-02,3.026910E-02,6.664952E+02,2.814148E+02,2.900787E-02,2.339324E-02,9.930694E+02,3.184936E+02,4.325463E-02,2.649150E-02,8.300531E+02,7.505345E+02,3.603175E-02,6.242244E-02,2.503906E+02,1.664758E+02,1.086992E-02,1.382086E-02,4.231432E+02,2.605486E+02,1.838337E-02,2.163772E-02,7.364669E+02,4.597260E+02,3.199625E-02,3.818596E-02
06:10:00,2.870738E+02,3.314274E+02,1.273921E-02,2.790340E-02,5.243423E+02,2.322055E+02,2.322053E-02,1.955987E-02,6.121977E+02,4.794737E+02,2.712946E-02,4.037022E-02,7.927563E+02,5.914772E+02,3.512688E-02,4.979433E-02,8.170363E+02,3.806686E+02,3.619489E-02,3.203656E-02,6.680101E+02,3.034018E+02,2.959688E-02,2.554508E-02,9.829200E+02,3.490446E+02,4.353036E-02,2.939526E-02,8.510390E+02,8.235905E+02,3.771461E-02,6.933776E-02,2.625473E+02,1.748396E+02,1.164806E-02,1.471444E-02,4.354579E+02,2.735571E+02,1.930478E-02,2.302297E-02,7.514515E+02,4.838691E+02,3.329886E-02,4.072329E-02
06:20:00,3.016435E+02,3.646991E+02,1.358160E-02,3.107351E-02,5.158854E+02,2.627482E+02,2.318824E-02,2.240490E-02,6.215621E+02,5.277572E+02,2.793400E-02,4.496633E-02,8.011753E+02,6.447460E+02,3.599855E-02,5.491597E-02,8.207615E+02,4.042867E+02,3.686844E-02,3.440537E-02,6.676651E+02,3.296994E+02,3.001102E-02,2.808755E-02,9.711552E+02,3.837503E+02,4.363029E-02,3.270676E-02,8.692212E+02,9.052526E+02,3.903872E-02,7.711176E-02,2.736786E+02,1.861912E+02,1.232397E-02,1.584912E-02,4.459479E+02,2.912652E+02,2.005594E-02,2.479226E-02,7.640268E+02,5.155203E+02,3.432979E-02,4.387623E-02
06:30:00,3.129157E+02,3.940372E+02,1.434282E-02,3.395616E-02,5.065210E+02,2.908411E+02,2.312726E-02,2.507453E-02,6.277113E+02,5.701972E+02,2.869094E-02,4.913654E-02,8.064828E+02,6.907816E+02,3.684959E-02,5.950500E-02,8.217826E+02,4.224139E+02,3.753111E-02,3.636104E-02,6.653670E+02,3.524378E+02,3.039925E-02,3.036892E-02,9.575475E+02,4.144599E+02,4.370803E-02,3.572777E-02,8.817478E+02,9.752681E+02,4.029015E-02,8.401655E-02,2.820619E+02,1.950232E+02,1.292598E-02,1.679277E-02,4.533970E+02,3.053564E+02,2.074268E-02,2.629011E-02,7.721372E+02,5.399935E+02,3.528775E-02,4.648176E-02
06:40:00,3.232676E+02,4.237535E+02,1.503129E-02,3.687759E-02,4.965499E+02,3.177997E+02,2.302482E-02,2.766238E-02,6.325403E+02,6.133899E+02,2.934563E-02,5.338098E-02,8.101731E+02,7.376703E+02,3.757635E-02,6.417474E-02,8.212721E+02,4.419631E+02,3.807687E-02,3.842347E-02,6.618971E+02,3.760384E+02,3.070214E-02,3.272344E-02,9.428487E+02,4.459247E+02,4.370266E-02,3.881876E-02,8.927602E+02,1.045120E+03,4.140219E-02,9.092344E-02,2.896197E+02,2.044419E+02,1.346570E-02,1.777869E-02,4.598250E+02,3.204155E+02,2.134957E-02,2.786180E-02,7.788409E+02,5.652498E+02,3.612785E-02,4.913989E-02
06:50:00,3.323909E+02,4.530721E+02,1.565469E-02,3.977707E-02,4.860733E+02,3.432377E+02,2.289267E-02,3.013547E-02,6.359891E+02,6.562727E+02,2.992513E-02,5.761777E-02,8.123953E+02,7.841365E+02,3.822176E-02,6.882690E-02,8.194287E+02,4.616114E+02,3.854848E-02,4.049130E-02,6.574155E+02,3.997291E+02,3.094804E-02,3.509209E-02,9.272063E+02,4.774930E+02,4.364282E-02,4.193132E-02,9.017500E+02,1.113002E+03,4.240566E-02,9.769165E-02,2.961166E+02,2.137998E+02,1.394895E-02,1.875684E-02,4.650416E+02,3.356131E+02,2.189089E-02,2.944432E-02,7.838309E+02,5.898717E+02,3.687490E-02,5.174195E-02
07:00:00,3.405599E+02,4.817989E+02,1.622730E-02,4.263802E-02,4.751873E+02,3.667294E+02,2.273669E-02,3.245587E-02,6.382998E+02,6.985262E+02,3.044350E-02,6.181945E-02,8.133779E+02,8.298931E+02,3.880000E-02,7.343692E-02,8.164454E+02,4.813231E+02,3.895831E-02,4.256302E-02,6.520993E+02,4.233299E+02,3.114769E-02,3.746005E-02,9.107889E+02,5.089538E+02,4.353914E-02,4.504758E-02,9.091185E+02,1.178537E+03,4.332275E-02,1.042878E-01,3.017867E+02,2.231090E+02,1.438803E-02,1.972922E-02,4.693011E+02,3.509080E+02,2.238061E-02,3.103526E-02,7.874380E+02,6.138477E+02,3.754771E-02,5.428825E-02
07:10:00,3.451241E+02,5.154689E+02,1.675670E-02,4.642185E-02,4.771122E+02,3.916391E+02,2.315968E-02,3.523697E-02,6.443456E+02,7.472588E+02,3.128139E-02,6.729595E-02,8.199025E+02,8.828265E+02,3.980251E-02,7.949402E-02,8.227913E+02,5.066873E+02,3.994286E-02,4.561836E-02,6.563437E+02,4.515959E+02,3.186386E-02,4.067649E-02,9.153047E+02,5.452843E+02,4.443233E-02,4.911870E-02,9.180571E+02,1.252864E+03,4.456614E-02,1.128015E-01,3.057657E+02,2.358658E+02,1.484640E-02,2.124051E-02,4.741259E+02,3.708853E+02,2.301865E-02,3.339804E-02,7.950547E+02,6.442311E+02,3.859720E-02,5.799770E-02
07:20:00,3.565083E+02,5.433938E+02,1.751313E-02,4.981991E-02,4.813476E+02,4.134922E+02,2.365674E-02,3.788699E-02,6.612093E+02,7.872856E+02,3.247748E-02,7.216999E-02,8.403201E+02,9.251456E+02,4.127158E-02,8.477951E-02,8.423274E+02,5.235654E+02,4.137250E-02,4.793707E-02,6.683650E+02,4.743265E+02,3.283855E-02,4.348606E-02,9.284992E+02,5.756655E+02,4.562063E-02,5.279089E-02,9.476261E+02,1.311588E+03,4.652823E-02,1.201710E-01,3.145798E+02,2.449843E+02,1.545701E-02,2.244686E-02,4.866663E+02,3.854423E+02,2.390688E-02,3.531237E-02,8.168509E+02,6.646433E+02,4.011872E-02,6.085549E-02
07:30:00,3.617742E+02,5.718996E+02,1.800602E-02,5.332855E-02,4.842500E+02,4.343847E+02,2.409361E-02,4.047173E-02,6.699802E+02,8.287300E+02,3.333283E-02,7.726574E-02,8.508618E+02,9.696444E+02,4.232641E-02,9.037252E-02,8.526721E+02,5.442028E+02,4.241648E-02,5.069182E-02,6.750075E+02,4.985411E+02,3.358471E-02,4.649084E-02,9.363857E+02,6.073404E+02,4.658274E-02,5.664767E-02,9.615708E+02,1.373093E+03,4.782844E-02,1.279485E-01,3.189911E+02,2.555469E+02,1.587875E-02,2.382350E-02,4.931084E+02,4.022462E+02,2.453712E-02,3.749126E-02,8.281336E+02,6.889444E+02,4.119882E-02,6.416849E-02
07:40:00,3.687436E+02,5.982214E+02,1.855997E-02,5.663157E-02,4.879161E+02,4.539477E+02,2.455718E-02,4.294338E-02,6.809875E+02,8.675513E+02,3.426673E-02,8.211864E-02,8.642071E+02,1.010993E+03,4.348155E-02,9.566680E-02,8.656581E+02,5.631658E+02,4.355535E-02,5.326057E-02,6.834084E+02,5.212234E+02,3.439321E-02,4.934527E-02,9.462173E+02,6.375476E+02,4.761544E-02,6.036971E-02,9.797947E+02,1.430210E+03,4.928897E-02,1.353134E-01,3.246205E+02,2.651311E+02,1.634170E-02,2.509213E-02,5.012531E+02,4.179036E+02,2.522611E-02,3.954456E-02,8.422906E+02,7.111796E+02,4.238058E-02,6.725494E-02
07:50:00,3.757632E+02,6.225995E+02,1.910711E-02,5.976224E-02,4.918113E+02,4.721464E+02,2.502611E-02,4.530131E-02,6.921764E+02,9.042089E+02,3.519754E-02,8.678923E-02,8.778124E+02,1.049633E+03,4.463565E-02,1.007243E-01,8.788906E+02,5.813950E+02,4.469349E-02,5.575242E-02,6.920641E+02,5.427356E+02,3.520402E-02,5.209602E-02,9.563795E+02,6.666511E+02,4.865373E-02,6.400535E-02,9.981110E+02,1.483644E+03,5.073741E-02,1.423594E-01,3.303363E+02,2.742573E+02,1.680072E-02,2.631123E-02,5.095544E+02,4.331333E+02,2.591266E-02,4.155438E-02,8.566712E+02,7.324833E+02,4.355869E-02,7.024476E-02
08:00:00,3.828068E+02,6.452715E+02,1.964798E-02,6.274398E-02,4.958609E+02,4.893344E+02,2.549817E-02,4.757710E-02,7.034124E+02,9.392803E+02,3.612131E-02,9.133367E-02,8.915033E+02,1.085994E+03,4.578331E-02,1.055871E-01,8.922015E+02,5.990867E+02,4.582566E-02,5.818929E-02,7.008484E+02,5.633285E+02,3.601329E-02,5.476820E-02,9.667160E+02,6.951894E+02,4.969264E-02,6.760713E-02,1.016424E+03,1.534123E+03,5.217274E-02,1.491563E-01,3.360862E+02,2.830014E+02,1.725488E-02,2.749002E-02,5.179106E+02,4.482107E+02,2.659393E-02,4.354971E-02,8.711042E+02,7.531878E+02,4.472801E-02,7.317301E-02
08:10:00,3.600372E+02,6.420978E+02,1.858232E-02,6.291149E-02,4.831249E+02,4.929019E+02,2.493201E-02,4.827712E-02,6.705791E+02,9.388198E+02,3.460920E-02,9.198654E-02,8.520948E+02,1.079657E+03,4.397727E-02,1.057874E-01,8.551351E+02,5.828767E+02,4.413374E-02,5.711680E-02,6.746708E+02,5.587650E+02,3.481952E-02,5.475148E-02,9.383826E+02,6.971046E+02,4.842779E-02,6.830642E-02,9.656859E+02,1.526702E+03,4.984020E-02,1.495880E-01,3.169619E+02,2.743292E+02,1.635902E-02,2.688087E-02,4.919797E+02,4.394023E+02,2.539175E-02,4.305619E-02,8.299301E+02,7.343437E+02,4.283351E-02,7.195737E-02
08:20:00,3.548646E+02,6.491081E+02,1.831530E-02,6.360384E-02,4.768245E+02,4.992426E+02,2.460649E-02,4.891423E-02,6.660745E+02,9.559506E+02,3.437651E-02,9.367296E-02,8.481424E+02,1.094428E+03,4.377300E-02,1.072432E-01,8.515011E+02,5.875399E+02,4.394585E-02,5.757553E-02,6.686727E+02,5.661443E+02,3.450964E-02,5.547795E-02,9.318918E+02,7.123795E+02,4.809215E-02,6.980910E-02,9.641391E+02,1.549254E+03,4.976012E-02,1.518103E-01,3.115529E+02,2.741765E+02,1.607980E-02,2.686665E-02,4.869270E+02,4.442236E+02,2.513085E-02,4.353015E-02,8.255749E+02,7.389592E+02,4.260849E-02,7.241233E-02
08:30:00,3.398235E+02,6.493498E+02,1.753901E-02,6.362893E-02,4.687911E+02,5.036737E+02,2.419182E-02,4.935444E-02,6.464440E+02,9.637546E+02,3.336336E-02,9.443974E-02,8.254515E+02,1.096313E+03,4.260189E-02,1.074301E-01,8.304937E+02,5.802826E+02,4.286162E-02,5.686456E-02,6.530224E+02,5.666759E+02,3.370188E-02,5.553077E-02,9.160693E+02,7.218311E+02,4.727545E-02,7.073680E-02,9.353113E+02,1.553774E+03,4.827231E-02,1.522565E-01,2.986338E+02,2.688500E+02,1.541303E-02,2.634477E-02,4.706507E+02,4.421646E+02,2.429081E-02,4.332860E-02,8.013560E+02,7.305897E+02,4.135853E-02,7.159260E-02
08:40:00,3.295685E+02,6.509322E+02,1.700977E-02,6.378428E-02,4.629618E+02,5.080089E+02,2.389096E-02,4.978153E-02,6.335955E+02,9.744853E+02,3.270029E-02,9.549167E-02,8.109178E+02,1.100591E+03,4.185186E-02,1.078496E-01,8.170883E+02,5.770171E+02,4.216983E-02,5.654440E-02,6.425001E+02,5.692977E+02,3.315884E-02,5.578774E-02,9.055661E+02,7.341686E+02,4.673338E-02,7.194613E-02,9.173441E+02,1.561362E+03,4.734513E-02,1.530008E-01,2.896422E+02,2.655731E+02,1.494899E-02,2.602360E-02,4.597333E+02,4.434846E+02,2.372739E-02,4.345788E-02,7.857527E+02,7.267911E+02,4.055331E-02,7.122025E-02
08:50:00,3.209317E+02,6.524695E+02,1.656402E-02,6.393499E-02,4.582003E+02,5.118305E+02,2.364520E-02,5.015689E-02,6.228017E+02,9.859665E+02,3.214323E-02,9.661684E-02,7.987535E+02,1.104646E+03,4.122407E-02,1.082471E-01,8.058762E+02,5.750273E+02,4.159118E-02,5.634935E-02,6.337460E+02,5.724163E+02,3.270704E-02,5.609334E-02,8.969153E+02,7.477005E+02,4.628690E-02,7.327229E-02,9.022333E+02,1.568420E+03,4.656530E-02,1.536925E-01,2.820733E+02,2.630606E+02,1.455835E-02,2.577737E-02,4.505638E+02,4.463120E+02,2.325416E-02,4.373492E-02,7.726656E+02,7.244727E+02,3.987790E-02,7.099302E-02
09:00:00,3.135253E+02,6.535949E+02,1.618177E-02,6.404529E-02,4.542333E+02,5.149227E+02,2.344046E-02,5.046023E-02,6.135156E+02,9.975606E+02,3.166397E-02,9.775300E-02,7.883024E+02,1.107860E+03,4.068468E-02,1.085621E-01,7.962377E+02,5.738881E+02,4.109372E-02,5.623771E-02,6.262874E+02,5.756099E+02,3.232209E-02,5.640631E-02,8.895828E+02,7.619007E+02,4.590845E-02,7.466390E-02,8.891754E+02,1.574074E+03,4.589138E-02,1.542466E-01,2.755884E+02,2.610901E+02,1.422365E-02,2.558429E-02,4.426998E+02,4.502599E+02,2.284829E-02,4.412181E-02,7.614116E+02,7.230989E+02,3.929707E-02,7.085842E-02
09:10:00,3.071092E+02,6.541377E+02,1.585062E-02,6.409848E-02,4.508917E+02,5.171494E+02,2.326800E-02,5.067854E-02,6.054251E+02,1.008921E+03,3.124640E-02,9.886620E-02,7.791974E+02,1.110000E+03,4.021476E-02,1.087717E-01,7.878320E+02,5.733808E+02,4.065989E-02,5.618803E-02,6.198488E+02,5.785086E+02,3.198978E-02,5.669037E-02,8.832715E+02,7.764252E+02,4.558271E-02,7.608725E-02,8.777330E+02,1.577946E+03,4.530083E-02,1.546260E-01,2.699785E+02,2.595509E+02,1.393411E-02,2.543349E-02,4.358777E+02,4.551202E+02,2.249618E-02,4.459812E-02,7.516045E+02,7.224296E+02,3.879091E-02,7.079286E-02
09:20:00,3.014983E+02,6.539742E+02,1.556102E-02,6.408245E-02,4.480478E+02,5.184192E+02,2.312123E-02,5.080300E-02,5.982974E+02,1.019773E+03,3.087853E-02,9.992965E-02,7.711678E+02,1.110921E+03,3.980033E-02,1.088619E-01,7.804096E+02,5.734127E+02,4.027681E-02,5.619118E-02,6.142252E+02,5.809064E+02,3.169953E-02,5.692532E-02,8.777264E+02,7.910038E+02,4.529653E-02,7.751588E-02,8.675853E+02,1.579791E+03,4.477708E-02,1.548068E-01,2.650823E+02,2.583614E+02,1.368141E-02,2.531694E-02,4.298976E+02,4.607240E+02,2.218753E-02,4.514727E-02,7.429575E+02,7.223033E+02,3.834462E-02,7.078052E-02
09:30:00,2.965467E+02,6.528318E+02,1.530546E-02,6.397050E-02,4.455825E+02,5.186261E+02,2.299399E-02,5.082325E-02,5.919320E+02,1.029604E+03,3.055000E-02,1.008929E-01,7.639811E+02,1.110425E+03,3.942941E-02,1.088133E-01,7.737535E+02,5.740871E+02,3.993327E-02,5.625729E-02,6.092352E+02,5.827659E+02,3.144199E-02,5.710753E-02,8.728244E+02,8.053119E+02,4.504353E-02,7.891799E-02,8.584602E+02,1.579147E+03,4.430612E-02,1.547436E-01,2.607719E+02,2.574607E+02,1.345894E-02,2.522869E-02,4.246041E+02,4.669857E+02,2.191432E-02,4.576087E-02,7.352253E+02,7.228791E+02,3.794554E-02,7.083695E-02
09:40:00,2.921306E+02,6.507271E+02,1.507753E-02,6.376423E-02,4.434391E+02,5.177417E+02,2.288338E-02,5.073657E-02,5.862104E+02,1.038325E+03,3.025469E-02,1.017475E-01,7.575030E+02,1.108471E+03,3.909506E-02,1.086218E-01,7.677450E+02,5.753005E+02,3.962317E-02,5.637621E-02,6.047802E+02,5.839179E+02,3.121206E-02,5.722040E-02,8.684438E+02,8.191459E+02,4.481745E-02,8.027362E-02,8.501958E+02,1.576042E+03,4.387958E-02,1.544393E-01,2.569452E+02,2.567913E+02,1.326142E-02,2.516311E-02,4.198611E+02,4.737249E+02,2.166953E-02,4.642126E-02,7.282624E+02,7.239126E+02,3.758617E-02,7.093825E-02
09:50:00,2.881689E+02,6.476159E+02,1.487305E-02,6.345936E-02,4.415596E+02,5.157391E+02,2.278638E-02,5.054029E-02,5.810281E+02,1.045772E+03,2.998722E-02,1.024772E-01,7.516152E+02,1.104999E+03,3.879118E-02,1.082815E-01,7.622765E+02,5.770163E+02,3.934093E-02,5.654437E-02,6.007688E+02,5.842494E+02,3.100503E-02,5.725286E-02,8.644908E+02,8.323180E+02,4.461344E-02,8.156438E-02,8.426527E+02,1.570404E+03,4.349026E-02,1.538867E-01,2.535164E+02,2.563071E+02,1.308446E-02,2.511567E-02,4.155887E+02,4.808026E+02,2.144901E-02,4.711483E-02,7.219421E+02,7.252683E+02,3.725997E-02,7.107111E-02
10:00:00,2.845865E+02,6.434429E+02,1.468816E-02,6.305043E-02,4.398958E+02,5.125957E+02,2.270051E-02,5.023222E-02,5.762957E+02,1.051779E+03,2.974297E-02,1.030657E-01,7.462177E+02,1.099948E+03,3.851260E-02,1.077865E-01,7.572568E+02,5.792246E+02,3.908185E-02,5.676079E-02,5.971245E+02,5.837552E+02,3.081694E-02,5.720440E-02,8.608892E+02,8.446231E+02,4.442756E-02,8.277018E-02,8.357116E+02,1.562113E+03,4.313201E-02,1.530742E-01,2.504256E+02,2.559704E+02,1.292493E-02,2.508269E-02,4.117088E+02,4.881042E+02,2.124876E-02,4.783032E-02,7.161565E+02,7.268669E+02,3.696136E-02,7.122777E-02
10:10:00,2.813216E+02,6.381510E+02,1.451964E-02,6.253187E-02,4.384090E+02,5.082391E+02,2.262378E-02,4.980527E-02,5.719407E+02,1.056165E+03,2.951820E-02,1.034955E-01,7.412297E+02,1.093446E+03,3.825516E-02,1.071493E-01,7.526126E+02,5.818929E+02,3.884215E-02,5.702228E-02,5.937854E+02,5.825636E+02,3.064460E-02,5.708761E-02,8.575787E+02,8.559207E+02,4.425671E-02,8.387724E-02,8.292759E+02,1.551085E+03,4.279985E-02,1.519935E-01,2.476185E+02,2.557405E+02,1.278005E-02,2.506016E-02,4.081573E+02,4.955049E+02,2.106546E-02,4.855553E-02,7.108183E+02,7.285903E+02,3.668585E-02,7.139667E-02
10:20:00,2.783243E+02,6.316883E+02,1.436495E-02,6.189858E-02,4.370686E+02,5.026287E+02,2.255460E-02,4.925545E-02,5.679053E+02,1.058752E+03,2.930993E-02,1.037490E-01,7.365878E+02,1.085536E+03,3.801559E-02,1.063742E-01,7.482860E+02,5.849524E+02,3.861885E-02,5.732211E-02,5.907025E+02,5.807218E+02,3.048549E-02,5.690710E-02,8.545122E+02,8.660487E+02,4.409845E-02,8.486968E-02,8.232695E+02,1.537220E+03,4.248985E-02,1.506348E-01,2.450505E+02,2.555807E+02,1.264751E-02,2.504451E-02,4.048832E+02,5.028980E+02,2.089647E-02,4.927998E-02,7.058586E+02,7.303587E+02,3.642986E-02,7.156996E-02
10:30:00,2.755546E+02,6.241738E+02,1.422199E-02,6.116222E-02,4.358500E+02,4.958025E+02,2.249172E-02,4.858649E-02,5.641431E+02,1.059651E+03,2.911575E-02,1.038370E-01,7.322412E+02,1.076334E+03,3.779125E-02,1.054725E-01,7.442309E+02,5.881586E+02,3.840957E-02,5.763631E-02,5.878369E+02,5.781738E+02,3.033760E-02,5.665740E-02,8.516523E+02,8.749513E+02,4.395085E-02,8.574203E-02,8.176313E+02,1.520692E+03,4.219885E-02,1.490151E-01,2.426857E+02,2.554565E+02,1.252545E-02,2.503234E-02,4.018449E+02,5.101292E+02,2.073966E-02,4.998856E-02,7.012219E+02,7.318440E+02,3.619056E-02,7.171550E-02
10:40:00,2.729795E+02,6.154728E+02,1.408908E-02,6.030961E-02,4.347337E+02,4.877625E+02,2.243411E-02,4.779858E-02,5.606163E+02,1.058599E+03,2.893373E-02,1.037339E-01,7.281495E+02,1.065842E+03,3.758007E-02,1.044443E-01,7.404106E+02,5.914669E+02,3.821239E-02,5.796051E-02,5.851573E+02,5.750228E+02,3.019930E-02,5.634860E-02,8.489696E+02,8.824786E+02,4.381241E-02,8.647962E-02,8.123124E+02,1.501257E+03,4.192433E-02,1.471107E-01,2.404946E+02,2.553472E+02,1.241236E-02,2.502163E-02,3.990090E+02,5.171670E+02,2.059330E-02,5.067819E-02,6.968639E+02,7.331474E+02,3.596563E-02,7.184322E-02
10:50:00,2.705681E+02,6.055523E+02,1.396462E-02,5.933749E-02,4.337030E+02,4.785703E+02,2.238091E-02,4.689777E-02,5.572894E+02,1.055470E+03,2.876202E-02,1.034272E-01,7.242744E+02,1.054164E+03,3.738007E-02,1.032999E-01,7.367903E+02,5.947410E+02,3.802555E-02,5.828135E-02,5.826353E+02,5.713760E+02,3.006914E-02,5.599122E-02,8.464381E+02,8.885283E+02,4.368176E-02,8.707240E-02,8.072652E+02,1.478873E+03,4.166383E-02,1.449171E-01,2.384496E+02,2.552334E+02,1.230681E-02,2.501049E-02,3.963441E+02,5.239623E+02,2.045575E-02,5.134405E-02,6.927423E+02,7.343066E+02,3.575291E-02,7.195680E-02
11:00:00,2.682991E+02,5.944409E+02,1.384751E-02,5.824870E-02,4.327454E+02,4.683493E+02,2.233149E-02,4.589615E-02,5.541383E+02,1.050248E+03,2.859938E-02,1.029154E-01,7.205904E+02,1.041519E+03,3.718993E-02,1.020608E-01,7.333468E+02,5.977746E+02,3.784782E-02,5.857862E-02,5.802509E+02,5.673336E+02,2.994608E-02,5.559508E-02,8.440392E+02,8.930661E+02,4.355795E-02,8.751702E-02,8.024589E+02,1.453658E+03,4.141577E-02,1.424462E-01,2.365313E+02,2.550986E+02,1.220781E-02,2.499728E-02,3.938285E+02,5.304645E+02,2.032592E-02,5.198118E-02,6.888290E+02,7.353127E+02,3.555093E-02,7.205539E-02
11:10:00,2.661558E+02,5.822358E+02,1.373689E-02,5.705272E-02,4.318509E+02,4.573578E+02,2.228533E-02,4.481902E-02,5.511440E+02,1.043006E+03,2.844484E-02,1.022057E-01,7.170778E+02,1.027956E+03,3.700864E-02,1.007317E-01,7.300621E+02,6.001912E+02,3.767830E-02,5.881543E-02,5.779887E+02,5.629704E+02,2.982932E-02,5.516751E-02,8.417585E+02,8.960406E+02,4.344025E-02,8.780845E-02,7.978695E+02,1.425884E+03,4.117890E-02,1.397246E-01,2.347245E+02,2.548924E+02,1.211455E-02,2.497707E-02,3.914454E+02,5.365985E+02,2.020292E-02,5.258225E-02,6.851020E+02,7.361116E+02,3.535858E-02,7.213367E-02
11:20:00,2.641238E+02,5.691349E+02,1.363201E-02,5.576897E-02,4.310115E+02,4.459890E+02,2.224201E-02,4.370493E-02,5.482902E+02,1.033990E+03,2.829755E-02,1.013223E-01,7.137197E+02,1.013699E+03,3.683533E-02,9.933462E-02,7.269207E+02,6.017821E+02,3.751617E-02,5.897131E-02,5.758355E+02,5.584631E+02,2.971820E-02,5.472581E-02,8.395840E+02,8.975628E+02,4.332803E-02,8.795756E-02,7.934762E+02,1.396080E+03,4.095216E-02,1.368040E-01,2.330161E+02,2.545975E+02,1.202638E-02,2.494817E-02,3.891802E+02,5.423180E+02,2.008601E-02,5.314269E-02,6.815426E+02,7.366908E+02,3.517487E-02,7.219042E-02
11:30:00,2.621912E+02,5.554584E+02,1.353226E-02,5.442881E-02,4.302203E+02,4.346858E+02,2.220118E-02,4.259726E-02,5.455633E+02,1.023623E+03,2.815681E-02,1.003063E-01,7.105018E+02,9.990781E+02,3.666925E-02,9.790189E-02,7.239096E+02,6.026146E+02,3.736076E-02,5.905286E-02,5.737804E+02,5.540839E+02,2.961214E-02,5.429668E-02,8.375056E+02,8.978508E+02,4.322076E-02,8.798573E-02,7.892615E+02,1.365057E+03,4.073463E-02,1.337640E-01,2.313953E+02,2.542000E+02,1.194272E-02,2.490922E-02,3.870208E+02,5.476548E+02,1.997456E-02,5.366562E-02,6.781348E+02,7.370395E+02,3.499899E-02,7.222459E-02
11:40:00,2.603478E+02,5.416568E+02,1.343712E-02,5.307640E-02,4.294720E+02,4.238781E+02,2.216256E-02,4.153817E-02,5.429517E+02,1.012523E+03,2.802203E-02,9.921863E-02,7.074123E+02,9.844757E+02,3.650979E-02,9.647096E-02,7.210179E+02,6.029496E+02,3.721152E-02,5.908566E-02,5.718143E+02,5.500692E+02,2.951067E-02,5.390327E-02,8.355150E+02,8.972655E+02,4.311803E-02,8.792833E-02,7.852105E+02,1.333930E+03,4.052555E-02,1.307138E-01,2.298527E+02,2.536925E+02,1.186311E-02,2.485949E-02,3.849569E+02,5.529367E+02,1.986804E-02,5.418318E-02,6.748653E+02,7.372961E+02,3.483024E-02,7.224972E-02
11:50:00,2.585851E+02,5.283112E+02,1.334614E-02,5.176868E-02,4.287619E+02,4.138727E+02,2.212591E-02,4.055771E-02,5.404456E+02,1.001513E+03,2.789268E-02,9.813968E-02,7.044409E+02,9.704737E+02,3.635644E-02,9.509889E-02,7.182363E+02,6.029369E+02,3.706796E-02,5.908439E-02,5.699296E+02,5.465308E+02,2.941339E-02,5.355654E-02,8.336051E+02,8.962844E+02,4.301947E-02,8.783215E-02,7.813104E+02,1.304123E+03,4.032426E-02,1.277930E-01,2.283807E+02,2.530754E+02,1.178713E-02,2.479901E-02,3.829801E+02,5.585152E+02,1.976601E-02,5.472980E-02,6.717229E+02,7.380821E+02,3.466806E-02,7.232673E-02
12:00:00,2.568960E+02,5.160682E+02,1.325897E-02,5.056902E-02,4.280862E+02,4.052108E+02,2.209105E-02,3.970891E-02,5.380367E+02,9.915103E+02,2.776836E-02,9.715952E-02,7.015791E+02,9.580874E+02,3.620874E-02,9.388514E-02,7.155569E+02,6.032166E+02,3.692968E-02,5.911179E-02,5.681197E+02,5.438280E+02,2.931999E-02,5.329170E-02,8.317700E+02,8.957533E+02,4.292476E-02,8.778008E-02,7.775506E+02,1.277206E+03,4.013020E-02,1.251554E-01,2.269728E+02,2.526036E+02,1.171447E-02,2.475278E-02,3.810829E+02,5.647000E+02,1.966809E-02,5.533585E-02,6.686979E+02,7.400303E+02,3.451194E-02,7.251764E-02
12:10:00,2.552743E+02,5.051943E+02,1.317527E-02,4.950352E-02,4.274419E+02,3.982126E+02,2.205779E-02,3.902316E-02,5.357178E+02,9.828900E+02,2.764868E-02,9.631483E-02,6.988195E+02,9.480379E+02,3.606631E-02,9.290041E-02,7.129729E+02,6.047371E+02,3.679631E-02,5.926078E-02,5.663791E+02,5.424019E+02,2.923015E-02,5.315197E-02,8.300046E+02,8.963253E+02,4.283365E-02,8.783613E-02,7.739215E+02,1.253759E+03,3.994290E-02,1.228578E-01,2.256233E+02,2.525675E+02,1.164482E-02,2.474924E-02,3.792591E+02,5.718085E+02,1.957396E-02,5.603242E-02,6.657821E+02,7.436586E+02,3.436145E-02,7.287321E-02
12:20:00,2.537148E+02,4.958268E+02,1.309478E-02,4.858564E-02,4.268261E+02,3.931119E+02,2.202602E-02,3.852336E-02,5.334828E+02,9.758165E+02,2.753333E-02,9.562172E-02,6.961555E+02,9.408950E+02,3.592882E-02,9.220052E-02,7.104783E+02,6.082537E+02,3.666756E-02,5.960540E-02,5.647030E+02,5.425647E+02,2.914365E-02,5.316795E-02,8.283043E+02,8.984664E+02,4.274590E-02,8.804596E-02,7.704152E+02,1.234027E+03,3.976194E-02,1.209244E-01,2.243276E+02,2.530230E+02,1.157794E-02,2.479389E-02,3.775034E+02,5.800962E+02,1.948335E-02,5.684455E-02,6.629683E+02,7.495378E+02,3.421622E-02,7.344936E-02
12:30:00,2.522130E+02,4.879680E+02,1.301726E-02,4.781560E-02,4.262366E+02,3.901142E+02,2.199559E-02,3.822965E-02,5.313263E+02,9.702504E+02,2.742202E-02,9.507633E-02,6.935816E+02,9.370936E+02,3.579598E-02,9.182808E-02,7.080678E+02,6.142003E+02,3.654316E-02,6.018817E-02,5.630873E+02,5.444580E+02,2.906026E-02,5.335352E-02,8.266653E+02,9.024650E+02,4.266131E-02,8.843783E-02,7.670243E+02,1.217941E+03,3.958693E-02,1.193482E-01,2.230815E+02,2.538727E+02,1.151363E-02,2.487716E-02,3.758111E+02,5.896938E+02,1.939601E-02,5.778503E-02,6.602502E+02,7.583030E+02,3.407594E-02,7.430833E-02
12:40:00,2.507649E+02,4.814580E+02,1.294252E-02,4.717772E-02,4.256714E+02,3.893778E+02,2.196643E-02,3.815754E-02,5.292434E+02,9.659204E+02,2.731452E-02,9.465207E-02,6.910927E+02,9.370036E+02,3.566752E-02,9.181935E-02,7.057369E+02,6.227788E+02,3.642286E-02,6.102887E-02,5.615282E+02,5.482102E+02,2.897980E-02,5.372126E-02,8.250841E+02,9.084112E+02,4.257971E-02,8.902057E-02,7.637426E+02,1.205056E+03,3.941755E-02,1.180856E-01,2.218814E+02,2.550247E+02,1.145169E-02,2.499005E-02,3.741782E+02,6.003983E+02,1.931173E-02,5.883399E-02,6.576223E+02,7.703685E+02,3.394031E-02,7.549072E-02
12:50:00,2.493670E+02,4.759680E+02,1.287037E-02,4.663980E-02,4.251289E+02,3.910735E+02,2.193843E-02,3.832377E-02,5.272299E+02,9.623082E+02,2.721061E-02,9.429813E-02,6.886844E+02,9.406526E+02,3.554322E-02,9.217701E-02,7.034813E+02,6.342730E+02,3.630645E-02,6.215531E-02,5.600227E+02,5.539860E+02,2.890210E-02,5.428730E-02,8.235576E+02,9.161740E+02,4.250093E-02,8.978133E-02,7.605644E+02,1.194533E+03,3.925352E-02,1.170546E-01,2.207244E+02,2.563988E+02,1.139197E-02,2.512471E-02,3.726010E+02,6.119369E+02,1.923032E-02,5.996469E-02,6.550797E+02,7.855429E+02,3.380908E-02,7.697778E-02
13:00:00,2.480164E+02,4.710539E+02,1.280066E-02,4.615830E-02,4.246074E+02,3.950164E+02,2.191152E-02,3.871022E-02,5.252822E+02,9.587289E+02,2.711008E-02,9.394742E-02,6.863525E+02,9.474461E+02,3.542288E-02,9.284282E-02,7.012975E+02,6.484670E+02,3.619374E-02,6.354632E-02,5.585678E+02,5.616458E+02,2.882701E-02,5.503796E-02,8.220831E+02,9.251899E+02,4.242484E-02,9.066488E-02,7.574844E+02,1.185275E+03,3.909456E-02,1.161475E-01,2.196076E+02,2.576814E+02,1.133433E-02,2.525040E-02,3.710763E+02,6.240384E+02,1.915163E-02,6.115053E-02,6.526179E+02,8.035488E+02,3.368203E-02,7.874230E-02
13:10:00,2.467103E+02,4.665771E+02,1.273325E-02,4.571965E-02,4.241058E+02,4.010998E+02,2.188563E-02,3.930642E-02,5.233968E+02,9.549462E+02,2.701277E-02,9.357677E-02,6.840936E+02,9.569935E+02,3.530629E-02,9.377849E-02,6.991819E+02,6.649039E+02,3.608455E-02,6.515712E-02,5.571609E+02,5.708998E+02,2.875440E-02,5.594484E-02,8.206580E+02,9.350005E+02,4.235129E-02,9.162630E-02,7.544982E+02,1.177009E+03,3.894043E-02,1.153375E-01,2.185287E+02,2.585772E+02,1.127865E-02,2.533819E-02,3.696014E+02,6.364219E+02,1.907551E-02,6.236401E-02,6.502331E+02,8.241633E+02,3.355894E-02,8.076244E-02
13:20:00,2.454463E+02,4.624151E+02,1.266802E-02,4.531183E-02,4.236228E+02,4.091033E+02,2.186070E-02,4.009078E-02,5.215707E+02,9.507793E+02,2.691852E-02,9.316845E-02,6.819043E+02,9.688920E+02,3.519330E-02,9.494453E-02,6.971315E+02,6.831384E+02,3.597873E-02,6.694405E-02,5.557997E+02,5.814686E+02,2.868415E-02,5.698055E-02,8.192800E+02,9.451933E+02,4.228018E-02,9.262516E-02,7.516014E+02,1.169527E+03,3.879092E-02,1.146044E-01,2.174855E+02,2.590186E+02,1.122481E-02,2.538144E-02,3.681737E+02,6.488236E+02,1.900183E-02,6.357925E-02,6.479215E+02,8.470069E+02,3.343964E-02,8.300100E-02
13:30:00,2.442223E+02,4.584936E+02,1.260484E-02,4.492759E-02,4.231574E+02,4.186937E+02,2.183669E-02,4.103064E-02,5.198011E+02,9.461191E+02,2.682719E-02,9.271180E-02,6.797815E+02,9.827061E+02,3.508373E-02,9.629826E-02,6.951435E+02,7.027399E+02,3.587613E-02,6.886493E-02,5.544820E+02,5.930639E+02,2.861614E-02,5.811685E-02,8.179471E+02,9.553800E+02,4.221138E-02,9.362341E-02,7.487901E+02,1.162678E+03,3.864583E-02,1.139333E-01,2.164761E+02,2.591015E+02,1.117271E-02,2.538954E-02,3.667909E+02,6.610042E+02,1.893046E-02,6.477282E-02,6.456799E+02,8.715443E+02,3.332395E-02,8.540552E-02
13:40:00,2.430363E+02,4.547308E+02,1.254363E-02,4.455889E-02,4.227086E+02,4.295283E+02,2.181353E-02,4.209243E-02,5.180854E+02,9.408438E+02,2.673864E-02,9.219485E-02,6.777223E+02,9.979423E+02,3.497746E-02,9.779134E-02,6.932152E+02,7.233054E+02,3.577661E-02,7.088024E-02,5.532059E+02,6.054091E+02,2.855028E-02,5.932662E-02,8.166571E+02,9.652103E+02,4.214481E-02,9.458672E-02,7.460609E+02,1.156336E+03,3.850497E-02,1.133118E-01,2.154989E+02,2.589241E+02,1.112227E-02,2.537215E-02,3.654508E+02,6.727489E+02,1.886129E-02,6.592366E-02,6.435053E+02,8.972643E+02,3.321171E-02,8.792591E-02
13:50:00,2.418866E+02,4.510865E+02,1.248429E-02,4.420179E-02,4.222757E+02,4.412894E+02,2.179118E-02,4.324498E-02,5.164212E+02,9.348827E+02,2.665275E-02,9.161071E-02,6.757243E+02,1.014137E+03,3.487434E-02,9.937834E-02,6.913441E+02,7.444677E+02,3.568004E-02,7.295403E-02,5.519695E+02,6.182462E+02,2.848648E-02,6.058457E-02,8.154083E+02,9.743884E+02,4.208036E-02,9.548610E-02,7.434102E+02,1.150393E+03,3.836816E-02,1.127295E-01,2.145521E+02,2.585788E+02,1.107341E-02,2.533831E-02,3.641516E+02,6.838814E+02,1.879424E-02,6.701452E-02,6.413948E+02,9.237121E+02,3.310278E-02,9.051758E-02
14:00:00,2.407714E+02,4.475079E+02,1.242673E-02,4.385113E-02,4.218578E+02,4.536912E+02,2.176962E-02,4.446031E-02,5.148065E+02,9.281758E+02,2.656942E-02,9.095349E-02,6.737849E+02,1.030883E+03,3.477425E-02,1.010193E-01,6.895280E+02,7.658982E+02,3.558631E-02,7.505407E-02,5.507713E+02,6.313365E+02,2.842464E-02,6.186734E-02,8.141990E+02,9.826522E+02,4.201795E-02,9.629588E-02,7.408351E+02,1.144758E+03,3.823526E-02,1.121774E-01,2.136345E+02,2.581480E+02,1.102604E-02,2.529609E-02,3.628915E+02,6.942602E+02,1.872920E-02,6.803151E-02,6.393458E+02,9.504801E+02,3.299703E-02,9.314063E-02
14:10:00,2.396893E+02,4.439823E+02,1.237088E-02,4.350567E-02,4.214541E+02,4.664103E+02,2.174879E-02,4.570672E-02,5.132392E+02,9.206909E+02,2.648853E-02,9.022002E-02,6.719019E+02,1.047843E+03,3.467706E-02,1.026812E-01,6.877648E+02,7.872936E+02,3.549531E-02,7.715065E-02,5.496095E+02,6.444675E+02,2.836468E-02,6.315407E-02,8.130276E+02,9.897739E+02,4.195750E-02,9.699373E-02,7.383326E+02,1.139296E+03,3.810610E-02,1.116421E-01,2.127446E+02,2.576951E+02,1.098012E-02,2.525170E-02,3.616687E+02,7.037367E+02,1.866609E-02,6.896008E-02,6.373559E+02,9.771349E+02,3.289433E-02,9.575254E-02
14:20:00,2.386390E+02,4.404056E+02,1.231667E-02,4.315519E-02,4.210642E+02,4.792432E+02,2.172866E-02,4.696428E-02,5.117174E+02,9.122873E+02,2.640998E-02,8.939653E-02,6.700731E+02,1.064842E+03,3.458268E-02,1.043470E-01,6.860524E+02,8.086838E+02,3.540693E-02,7.924671E-02,5.484829E+02,6.574657E+02,2.830653E-02,6.442778E-02,8.118925E+02,9.956845E+02,4.189892E-02,9.757290E-02,7.358999E+02,1.133548E+03,3.798055E-02,1.110789E-01,2.118813E+02,2.572779E+02,1.093556E-02,2.521082E-02,3.604819E+02,7.124215E+02,1.860484E-02,6.981107E-02,6.354227E+02,1.003644E+03,3.279456E-02,9.835014E-02
14:30:00,2.376190E+02,4.368021E+02,1.226403E-02,4.280210E-02,4.206873E+02,4.919674E+02,2.170921E-02,4.821117E-02,5.102393E+02,9.029976E+02,2.633370E-02,8.848621E-02,6.682965E+02,1.081629E+03,3.449099E-02,1.059920E-01,6.843889E+02,8.297677E+02,3.532108E-02,8.131275E-02,5.473899E+02,6.701974E+02,2.825012E-02,6.567538E-02,8.107924E+02,1.000227E+03,4.184215E-02,9.801798E-02,7.335346E+02,1.127668E+03,3.785847E-02,1.105027E-01,2.110435E+02,2.569533E+02,1.089232E-02,2.517900E-02,3.593296E+02,7.201478E+02,1.854536E-02,7.056814E-02,6.335443E+02,1.029637E+03,3.269761E-02,1.008972E-01
14:40:00,2.366283E+02,4.331891E+02,1.221289E-02,4.244806E-02,4.203228E+02,5.043912E+02,2.169040E-02,4.942861E-02,5.088034E+02,8.928725E+02,2.625959E-02,8.749404E-02,6.665702E+02,1.098008E+03,3.440189E-02,1.075969E-01,6.827726E+02,8.503568E+02,3.523766E-02,8.333030E-02,5.463293E+02,6.825456E+02,2.819538E-02,6.688538E-02,8.097259E+02,1.003318E+03,4.178711E-02,9.832087E-02,7.312341E+02,1.121672E+03,3.773974E-02,1.099152E-01,2.102302E+02,2.567428E+02,1.085034E-02,2.515838E-02,3.582104E+02,7.268346E+02,1.848760E-02,7.122334E-02,6.317184E+02,1.054858E+03,3.260337E-02,1.033686E-01
14:50:00,2.356656E+02,4.295523E+02,1.216321E-02,4.209170E-02,4.199703E+02,5.163663E+02,2.167221E-02,5.060208E-02,5.074079E+02,8.819381E+02,2.618757E-02,8.642255E-02,6.648924E+02,1.113848E+03,3.431530E-02,1.091491E-01,6.812018E+02,8.703232E+02,3.515659E-02,8.528680E-02,5.452998E+02,6.944352E+02,2.814225E-02,6.805044E-02,8.086918E+02,1.004929E+03,4.173374E-02,9.847863E-02,7.289963E+02,1.115539E+03,3.762424E-02,1.093142E-01,2.094403E+02,2.566463E+02,1.080957E-02,2.514893E-02,3.571231E+02,7.324461E+02,1.843148E-02,7.177318E-02,6.299433E+02,1.079127E+03,3.251176E-02,1.057467E-01
15:00:00,2.347300E+02,4.259034E+02,1.211492E-02,4.173415E-02,4.196292E+02,5.277636E+02,2.165461E-02,5.171892E-02,5.060515E+02,8.702468E+02,2.611756E-02,8.527690E-02,6.632614E+02,1.129010E+03,3.423112E-02,1.106349E-01,6.796748E+02,8.895500E+02,3.507778E-02,8.717084E-02,5.443004E+02,7.057685E+02,2.809068E-02,6.916099E-02,8.076887E+02,1.005071E+03,4.168197E-02,9.849256E-02,7.268188E+02,1.109245E+03,3.751186E-02,1.086975E-01,2.086730E+02,2.566479E+02,1.076997E-02,2.514909E-02,3.560664E+02,7.369705E+02,1.837695E-02,7.221649E-02,6.282171E+02,1.102302E+03,3.242267E-02,1.080176E-01
15:10:00,2.338204E+02,4.222314E+02,1.206797E-02,4.137434E-02,4.192991E+02,5.384847E+02,2.163758E-02,5.276950E-02,5.047328E+02,8.578477E+02,2.604950E-02,8.406188E-02,6.616755E+02,1.143393E+03,3.414927E-02,1.120442E-01,6.781901E+02,9.079455E+02,3.500116E-02,8.897340E-02,5.433299E+02,7.164586E+02,2.804059E-02,7.020851E-02,8.067157E+02,1.003753E+03,4.163176E-02,9.836331E-02,7.246997E+02,1.102779E+03,3.740249E-02,1.080638E-01,2.079274E+02,2.567169E+02,1.073149E-02,2.515585E-02,3.550394E+02,7.404152E+02,1.832394E-02,7.255400E-02,6.265382E+02,1.124272E+03,3.233601E-02,1.101704E-01
15:20:00,2.329359E+02,4.186407E+02,1.202232E-02,4.102249E-02,4.189796E+02,5.484044E+02,2.162108E-02,5.374154E-02,5.034504E+02,8.449780E+02,2.598331E-02,8.280075E-02,6.601332E+02,1.156798E+03,3.406967E-02,1.133578E-01,6.767463E+02,9.251707E+02,3.492664E-02,9.066128E-02,5.423874E+02,7.264091E+02,2.799194E-02,7.118355E-02,8.057716E+02,1.000966E+03,4.158303E-02,9.809018E-02,7.226370E+02,1.096526E+03,3.729603E-02,1.074510E-01,2.072027E+02,2.568221E+02,1.069409E-02,2.516616E-02,3.540409E+02,7.426117E+02,1.827241E-02,7.276920E-02,6.249048E+02,1.144646E+03,3.225171E-02,1.121668E-01
15:30:00,2.320756E+02,4.150801E+02,1.197792E-02,4.067360E-02,4.186701E+02,5.574613E+02,2.160511E-02,5.462902E-02,5.022030E+02,8.317018E+02,2.591894E-02,8.149980E-02,6.586330E+02,1.169158E+03,3.399224E-02,1.145689E-01,6.753420E+02,9.412527E+02,3.485416E-02,9.223714E-02,5.414717E+02,7.355410E+02,2.794468E-02,7.207837E-02,8.048553E+02,9.968723E+02,4.153574E-02,9.768899E-02,7.206288E+02,1.090251E+03,3.719238E-02,1.068361E-01,2.064981E+02,2.569172E+02,1.065772E-02,2.517548E-02,3.530700E+02,7.437072E+02,1.822230E-02,7.287652E-02,6.233154E+02,1.163466E+03,3.216969E-02,1.140109E-01
15:40:00,2.312386E+02,4.115345E+02,1.193472E-02,4.032617E-02,4.183704E+02,5.655907E+02,2.158965E-02,5.542562E-02,5.009896E+02,8.181471E+02,2.585631E-02,8.017156E-02,6.571735E+02,1.180380E+03,3.391691E-02,1.156685E-01,6.739759E+02,9.561297E+02,3.478366E-02,9.369491E-02,5.405820E+02,7.437844E+02,2.789877E-02,7.288613E-02,8.039659E+02,9.916199E+02,4.148984E-02,9.717425E-02,7.186733E+02,1.083865E+03,3.709145E-02,1.062104E-01,2.058130E+02,2.569764E+02,1.062236E-02,2.518128E-02,3.521256E+02,7.438054E+02,1.817356E-02,7.288611E-02,6.217687E+02,1.180670E+03,3.208985E-02,1.156967E-01
15:50:00,2.304242E+02,4.079959E+02,1.189269E-02,3.997943E-02,4.180800E+02,5.727320E+02,2.157466E-02,5.612539E-02,4.998089E+02,8.044797E+02,2.579537E-02,7.883228E-02,6.557534E+02,1.190346E+03,3.384362E-02,1.166450E-01,6.726467E+02,9.697223E+02,3.471506E-02,9.502682E-02,5.397173E+02,7.510512E+02,2.785414E-02,7.359818E-02,8.031024E+02,9.853878E+02,4.144528E-02,9.656350E-02,7.167688E+02,1.077326E+03,3.699316E-02,1.055696E-01,2.051467E+02,2.569835E+02,1.058797E-02,2.518198E-02,3.512069E+02,7.430008E+02,1.812614E-02,7.280725E-02,6.202631E+02,1.196159E+03,3.201215E-02,1.172144E-01
16:00:00,2.296317E+02,4.044583E+02,1.185178E-02,3.963279E-02,4.177987E+02,5.788066E+02,2.156014E-02,5.672063E-02,4.986598E+02,7.908922E+02,2.573607E-02,7.750083E-02,6.543714E+02,1.198957E+03,3.377229E-02,1.174888E-01,6.713532E+02,9.819348E+02,3.464830E-02,9.622349E-02,5.388769E+02,7.572848E+02,2.781077E-02,7.420899E-02,8.022640E+02,9.783709E+02,4.140201E-02,9.587587E-02,7.149137E+02,1.070599E+03,3.689742E-02,1.049104E-01,2.044985E+02,2.569275E+02,1.055452E-02,2.517650E-02,3.503130E+02,7.413980E+02,1.808001E-02,7.265017E-02,6.187973E+02,1.209830E+03,3.193650E-02,1.185539E-01
16:10:00,2.288602E+02,4.009134E+02,1.181196E-02,3.928543E-02,4.175260E+02,5.837679E+02,2.154607E-02,5.720677E-02,4.975414E+02,7.776015E+02,2.567834E-02,7.619846E-02,6.530262E+02,1.206097E+03,3.370287E-02,1.181884E-01,6.700942E+02,9.927145E+02,3.458332E-02,9.727976E-02,5.380599E+02,7.624217E+02,2.776860E-02,7.471232E-02,8.014498E+02,9.708394E+02,4.135999E-02,9.513781E-02,7.131065E+02,1.063653E+03,3.680414E-02,1.042298E-01,2.038678E+02,2.568156E+02,1.052196E-02,2.516552E-02,3.494432E+02,7.391531E+02,1.803511E-02,7.243017E-02,6.173700E+02,1.221729E+03,3.186283E-02,1.197199E-01
16:20:00,2.281090E+02,3.973513E+02,1.177319E-02,3.893639E-02,4.172616E+02,5.875674E+02,2.153243E-02,5.757906E-02,4.964526E+02,7.648498E+02,2.562215E-02,7.494893E-02,6.517167E+02,1.211632E+03,3.363528E-02,1.187307E-01,6.688686E+02,1.001947E+03,3.452007E-02,9.818438E-02,5.372655E+02,7.664927E+02,2.772761E-02,7.511121E-02,8.006588E+02,9.630533E+02,4.131917E-02,9.437480E-02,7.113455E+02,1.056558E+03,3.671325E-02,1.035346E-01,2.032540E+02,2.566428E+02,1.049029E-02,2.514859E-02,3.485965E+02,7.364132E+02,1.799141E-02,7.216167E-02,6.159801E+02,1.231794E+03,3.179110E-02,1.207061E-01
16:30:00,2.273777E+02,3.937687E+02,1.173545E-02,3.858533E-02,4.170053E+02,5.902037E+02,2.151920E-02,5.783736E-02,4.953925E+02,7.527526E+02,2.556744E-02,7.376352E-02,6.504417E+02,1.215448E+03,3.356948E-02,1.191046E-01,6.676755E+02,1.009516E+03,3.445849E-02,9.892606E-02,5.364930E+02,7.696082E+02,2.768774E-02,7.541647E-02,7.998905E+02,9.551084E+02,4.127952E-02,9.359624E-02,7.096295E+02,1.049481E+03,3.662469E-02,1.028411E-01,2.026566E+02,2.564067E+02,1.045945E-02,2.512545E-02,3.477723E+02,7.332260E+02,1.794887E-02,7.184935E-02,6.146263E+02,1.239879E+03,3.172123E-02,1.214983E-01
16:40:00,2.266654E+02,3.901656E+02,1.169868E-02,3.823227E-02,4.167567E+02,5.916684E+02,2.150637E-02,5.798086E-02,4.943602E+02,7.413288E+02,2.551416E-02,7.264412E-02,6.492002E+02,1.217423E+03,3.350541E-02,1.192981E-01,6.665137E+02,1.015316E+03,3.439853E-02,9.949440E-02,5.357417E+02,7.718495E+02,2.764896E-02,7.563607E-02,7.991439E+02,9.469846E+02,4.124099E-02,9.280016E-02,7.079570E+02,1.042542E+03,3.653836E-02,1.021611E-01,2.020750E+02,2.561058E+02,1.042943E-02,2.509597E-02,3.469698E+02,7.295710E+02,1.790746E-02,7.149118E-02,6.133074E+02,1.245852E+03,3.165316E-02,1.220835E-01
16:50:00,2.259716E+02,3.865438E+02,1.166287E-02,3.787737E-02,4.165156E+02,5.919270E+02,2.149393E-02,5.800617E-02,4.933548E+02,7.305357E+02,2.546227E-02,7.158652E-02,6.479911E+02,1.217438E+03,3.344300E-02,1.192995E-01,6.653823E+02,1.019219E+03,3.434014E-02,9.987680E-02,5.350108E+02,7.732712E+02,2.761124E-02,7.577536E-02,7.984185E+02,9.385690E+02,4.120355E-02,9.197547E-02,7.063266E+02,1.035801E+03,3.645422E-02,1.015005E-01,2.015087E+02,2.557387E+02,1.040021E-02,2.505999E-02,3.461884E+02,7.253815E+02,1.786713E-02,7.108065E-02,6.120226E+02,1.249569E+03,3.158685E-02,1.224477E-01
17:00:00,2.252957E+02,3.828103E+02,1.162799E-02,3.751153E-02,4.162817E+02,5.905902E+02,2.148186E-02,5.787514E-02,4.923754E+02,7.200048E+02,2.541172E-02,7.055460E-02,6.468135E+02,1.214780E+03,3.338222E-02,1.190390E-01,6.642803E+02,1.020687E+03,3.428326E-02,1.000205E-01,5.342998E+02,7.734829E+02,2.757454E-02,7.579608E-02,7.977134E+02,9.291805E+02,4.116717E-02,9.105546E-02,7.047372E+02,1.028855E+03,3.637219E-02,1.008199E-01,2.009573E+02,2.553027E+02,1.037175E-02,2.501727E-02,3.454274E+02,7.202358E+02,1.782785E-02,7.057641E-02,6.107706E+02,1.250210E+03,3.152223E-02,1.225105E-01
17:10:00,2.246371E+02,3.790139E+02,1.159400E-02,3.713953E-02,4.160548E+02,5.878692E+02,2.147015E-02,5.760846E-02,4.914213E+02,7.097135E+02,2.536248E-02,6.954616E-02,6.456663E+02,1.209730E+03,3.332302E-02,1.185441E-01,6.632069E+02,1.019873E+03,3.422786E-02,9.994072E-02,5.336079E+02,7.727472E+02,2.753884E-02,7.572396E-02,7.970280E+02,9.188656E+02,4.113180E-02,9.004465E-02,7.031876E+02,1.021866E+03,3.629221E-02,1.001350E-01,2.004202E+02,2.547873E+02,1.034403E-02,2.496676E-02,3.446861E+02,7.139545E+02,1.778959E-02,6.996090E-02,6.095504E+02,1.247930E+03,3.145926E-02,1.222870E-01
17:20:00,2.239954E+02,3.751720E+02,1.156088E-02,3.676306E-02,4.158345E+02,5.837851E+02,2.145878E-02,5.720822E-02,4.904918E+02,6.995046E+02,2.531450E-02,6.854579E-02,6.445487E+02,1.202336E+03,3.326533E-02,1.178195E-01,6.621612E+02,1.016771E+03,3.417390E-02,9.963666E-02,5.329347E+02,7.710344E+02,2.750409E-02,7.555609E-02,7.963618E+02,9.074202E+02,4.109741E-02,8.892305E-02,7.016765E+02,1.014680E+03,3.621422E-02,9.943087E-02,1.998971E+02,2.541810E+02,1.031703E-02,2.490735E-02,3.439641E+02,7.059198E+02,1.775232E-02,6.917356E-02,6.083612E+02,1.242677E+03,3.139788E-02,1.217721E-01
17:30:00,2.233700E+02,3.712865E+02,1.152860E-02,3.638233E-02,4.156208E+02,5.782356E+02,2.144775E-02,5.666437E-02,4.895859E+02,6.892591E+02,2.526775E-02,6.754184E-02,6.434597E+02,1.192536E+03,3.320913E-02,1.168591E-01,6.611424E+02,1.011314E+03,3.412131E-02,9.910192E-02,5.322794E+02,7.681306E+02,2.747027E-02,7.527151E-02,7.957140E+02,8.946773E+02,4.106398E-02,8.767430E-02,7.002028E+02,1.006985E+03,3.613816E-02,9.867682E-02,1.993874E+02,2.534715E+02,1.029072E-02,2.483782E-02,3.432605E+02,6.956921E+02,1.771601E-02,6.817132E-02,6.072021E+02,1.234350E+03,3.133805E-02,1.209561E-01
17:40:00,2.227604E+02,3.673547E+02,1.149714E-02,3.599706E-02,4.154133E+02,5.710975E+02,2.143704E-02,5.596484E-02,4.887032E+02,6.789285E+02,2.522219E-02,6.652954E-02,6.423985E+02,1.180264E+03,3.315436E-02,1.156565E-01,6.601496E+02,1.003424E+03,3.407007E-02,9.832866E-02,5.316416E+02,7.637992E+02,2.743736E-02,7.484705E-02,7.950841E+02,8.805334E+02,4.103147E-02,8.628825E-02,6.987654E+02,9.984823E+02,3.606397E-02,9.784366E-02,1.988908E+02,2.526452E+02,1.026509E-02,2.475685E-02,3.425750E+02,6.829957E+02,1.768063E-02,6.692717E-02,6.060720E+02,1.222842E+03,3.127973E-02,1.198284E-01
17:50:00,2.221662E+02,3.633719E+02,1.146647E-02,3.560679E-02,4.152118E+02,5.622431E+02,2.142664E-02,5.509714E-02,4.878428E+02,6.684638E+02,2.517779E-02,6.550410E-02,6.413643E+02,1.165463E+03,3.310099E-02,1.142061E-01,6.591821E+02,9.930373E+02,3.402014E-02,9.731077E-02,5.310207E+02,7.577963E+02,2.740531E-02,7.425878E-02,7.944715E+02,8.649198E+02,4.099986E-02,8.475819E-02,6.973633E+02,9.889429E+02,3.599161E-02,9.690887E-02,1.984069E+02,2.516880E+02,1.024012E-02,2.466306E-02,3.419070E+02,6.677182E+02,1.764616E-02,6.543009E-02,6.049702E+02,1.208069E+03,3.122287E-02,1.183806E-01
18:00:00,2.215869E+02,3.594222E+02,1.143657E-02,3.521977E-02,4.150162E+02,5.518778E+02,2.141655E-02,5.408137E-02,4.870041E+02,6.581004E+02,2.513450E-02,6.448858E-02,6.403563E+02,1.148633E+03,3.304896E-02,1.125569E-01,6.582392E+02,9.804944E+02,3.397148E-02,9.608160E-02,5.304162E+02,7.502639E+02,2.737412E-02,7.352063E-02,7.938757E+02,8.482583E+02,4.096911E-02,8.312543E-02,6.959956E+02,9.785961E+02,3.592102E-02,9.589496E-02,1.979354E+02,2.505861E+02,1.021578E-02,2.455508E-02,3.412559E+02,6.502251E+02,1.761255E-02,6.371590E-02,6.038959E+02,1.190558E+03,3.116742E-02,1.166647E-01
18:10:00,2.294494E+02,3.554498E+02,1.184237E-02,3.483051E-02,4.366928E+02,5.397407E+02,2.253515E-02,5.289198E-02,5.092670E+02,6.477045E+02,2.628350E-02,6.346988E-02,6.686771E+02,1.129300E+03,3.451061E-02,1.106623E-01,6.897382E+02,9.654213E+02,3.559713E-02,9.460451E-02,5.559692E+02,7.407476E+02,2.869287E-02,7.258807E-02,8.340038E+02,8.301887E+02,4.303998E-02,8.135469E-02,7.262771E+02,9.671550E+02,3.748388E-02,9.477380E-02,2.059030E+02,2.493228E+02,1.062700E-02,2.443128E-02,3.558368E+02,6.307343E+02,1.836508E-02,6.180595E-02,6.311273E+02,1.169791E+03,3.257284E-02,1.146296E-01
18:20:00,2.373287E+02,3.514208E+02,1.224902E-02,3.443572E-02,4.583809E+02,5.256065E+02,2.365417E-02,5.150689E-02,5.315598E+02,6.371797E+02,2.743395E-02,6.243855E-02,6.970343E+02,1.107248E+03,3.597401E-02,1.085015E-01,7.212739E+02,9.476708E+02,3.722452E-02,9.286505E-02,5.815472E+02,7.288927E+02,3.001278E-02,7.142635E-02,8.741621E+02,8.105309E+02,4.511213E-02,7.942830E-02,7.566045E+02,9.545833E+02,3.904900E-02,9.354187E-02,2.138853E+02,2.478936E+02,1.103896E-02,2.429124E-02,3.704393E+02,6.099880E+02,1.911869E-02,5.977298E-02,6.583962E+02,1.145550E+03,3.398010E-02,1.122541E-01
18:30:00,2.452264E+02,3.472848E+02,1.265658E-02,3.403044E-02,4.800950E+02,5.086857E+02,2.477363E-02,4.984871E-02,5.538901E+02,6.264088E+02,2.858613E-02,6.138310E-02,7.254398E+02,1.081600E+03,3.743961E-02,1.059881E-01,7.528602E+02,9.264612E+02,3.885415E-02,9.078661E-02,6.071647E+02,7.136991E+02,3.133430E-02,6.993745E-02,9.143798E+02,7.887094E+02,4.718626E-02,7.728989E-02,7.869859E+02,9.409217E+02,4.061668E-02,9.220312E-02,2.218837E+02,2.462957E+02,1.145170E-02,2.413466E-02,3.850682E+02,5.885963E+02,1.987353E-02,5.767679E-02,6.857117E+02,1.116741E+03,3.538952E-02,1.094311E-01
18:40:00,2.531432E+02,3.430429E+02,1.306507E-02,3.361477E-02,5.018279E+02,4.892306E+02,2.589324E-02,4.794219E-02,5.762590E+02,6.154082E+02,2.974002E-02,6.030514E-02,7.538942E+02,1.052954E+03,3.890735E-02,1.031809E-01,7.844971E+02,9.023966E+02,4.048590E-02,8.842840E-02,6.328192E+02,6.954197E+02,3.265721E-02,6.814616E-02,9.546471E+02,7.650974E+02,4.926178E-02,7.497601E-02,8.174244E+02,9.264943E+02,4.218700E-02,9.078933E-02,2.298989E+02,2.445237E+02,1.186524E-02,2.396101E-02,3.997242E+02,5.673383E+02,2.062961E-02,5.559370E-02,7.130753E+02,1.084192E+03,3.680110E-02,1.062415E-01
18:50:00,2.610774E+02,3.386718E+02,1.347442E-02,3.318646E-02,5.235737E+02,4.665118E+02,2.701320E-02,4.571584E-02,5.986595E+02,6.041492E+02,3.089535E-02,5.920185E-02,7.823884E+02,1.020524E+03,4.037686E-02,1.000031E-01,8.161733E+02,8.747535E+02,4.211933E-02,8.571953E-02,6.585008E+02,6.730883E+02,3.398120E-02,6.595779E-02,9.949466E+02,7.392470E+02,5.133833E-02,7.244277E-02,8.479111E+02,9.114449E+02,4.375958E-02,8.931460E-02,2.379292E+02,2.425775E+02,1.227951E-02,2.377030E-02,4.144033E+02,5.468083E+02,2.138676E-02,5.358196E-02,7.404787E+02,1.046918E+03,3.821450E-02,1.025889E-01
19:00:00,2.690279E+02,3.341847E+02,1.388457E-02,3.274677E-02,5.453307E+02,4.411299E+02,2.813372E-02,4.322851E-02,6.210866E+02,5.926883E+02,3.205192E-02,5.807879E-02,8.109155E+02,9.852345E+02,4.184791E-02,9.654491E-02,8.478809E+02,8.444526E+02,4.375422E-02,8.275020E-02,6.842039E+02,6.473417E+02,3.530616E-02,6.343476E-02,1.035270E+03,7.117429E+02,5.341594E-02,6.974747E-02,8.784395E+02,8.959930E+02,4.533415E-02,8.780043E-02,2.459732E+02,2.404589E+02,1.269446E-02,2.356270E-02,4.291025E+02,5.276501E+02,2.214488E-02,5.170466E-02,7.679157E+02,1.006200E+03,3.962948E-02,9.859882E-02
19:10:00,2.685690E+02,3.296217E+02,1.386067E-02,3.229964E-02,5.452322E+02,4.139305E+02,2.812643E-02,4.056308E-02,6.204602E+02,5.811556E+02,3.201865E-02,5.694868E-02,8.101724E+02,9.483056E+02,4.180826E-02,9.292615E-02,8.472014E+02,8.127393E+02,4.371755E-02,7.964248E-02,6.837864E+02,6.191664E+02,3.528306E-02,6.067373E-02,1.034908E+03,6.834475E+02,5.339398E-02,6.697464E-02,8.773951E+02,8.804359E+02,4.527914E-02,8.627595E-02,2.456047E+02,2.382110E+02,1.267520E-02,2.334243E-02,4.286074E+02,5.101674E+02,2.211878E-02,4.999155E-02,7.671083E+02,9.636884E+02,3.958669E-02,9.443304E-02
19:20:00,2.681243E+02,3.250154E+02,1.383752E-02,3.184828E-02,5.451374E+02,3.864177E+02,2.811951E-02,3.786694E-02,6.198493E+02,5.696459E+02,3.198625E-02,5.582083E-02,8.094481E+02,9.115041E+02,4.176966E-02,8.931987E-02,8.465367E+02,7.813325E+02,4.368178E-02,7.656481E-02,6.833788E+02,5.902693E+02,3.526060E-02,5.784198E-02,1.034554E+03,6.554848E+02,5.337270E-02,6.423442E-02,8.763768E+02,8.649316E+02,4.522554E-02,8.475666E-02,2.452474E+02,2.358530E+02,1.265653E-02,2.311136E-02,4.281260E+02,4.944271E+02,2.209341E-02,4.844920E-02,7.663207E+02,9.217271E+02,3.954500E-02,9.032116E-02
19:30:00,2.676903E+02,3.205128E+02,1.381495E-02,3.140708E-02,5.450302E+02,3.605174E+02,2.811284E-02,3.532885E-02,6.192433E+02,5.585965E+02,3.195430E-02,5.473809E-02,8.087269E+02,8.771321E+02,4.173152E-02,8.595170E-02,8.458695E+02,7.522749E+02,4.364627E-02,7.371737E-02,6.829645E+02,5.628408E+02,3.523824E-02,5.515418E-02,1.034175E+03,6.294455E+02,5.335123E-02,6.168270E-02,8.753715E+02,8.500096E+02,4.517283E-02,8.329443E-02,2.448980E+02,2.334198E+02,1.263831E-02,2.287293E-02,4.276516E+02,4.806349E+02,2.206852E-02,4.709774E-02,7.655404E+02,8.831556E+02,3.950392E-02,8.654149E-02
19:40:00,2.672648E+02,3.161733E+02,1.379287E-02,3.098185E-02,5.449167E+02,3.367708E+02,2.810666E-02,3.300184E-02,6.186388E+02,5.481472E+02,3.192270E-02,5.371415E-02,8.080053E+02,8.455818E+02,4.169374E-02,8.286007E-02,8.451973E+02,7.258574E+02,4.361097E-02,7.112869E-02,6.825442E+02,5.374476E+02,3.521608E-02,5.266585E-02,1.033779E+03,6.056236E+02,5.333003E-02,5.934831E-02,8.743727E+02,8.357759E+02,4.512073E-02,8.189966E-02,2.445546E+02,2.309606E+02,1.262047E-02,2.263195E-02,4.271817E+02,4.686083E+02,2.204401E-02,4.591930E-02,7.647628E+02,8.483493E+02,3.946329E-02,8.313083E-02
19:50:00,2.668483E+02,3.120647E+02,1.377129E-02,3.057926E-02,5.448019E+02,3.165682E+02,2.810073E-02,3.102214E-02,6.180412E+02,5.384515E+02,3.189165E-02,5.276407E-02,8.072905E+02,8.184487E+02,4.165659E-02,8.020132E-02,8.445293E+02,7.035443E+02,4.357624E-02,6.894224E-02,6.821261E+02,5.157538E+02,3.519436E-02,5.054006E-02,1.033381E+03,5.849849E+02,5.330937E-02,5.732588E-02,8.733862E+02,8.224456E+02,4.506951E-02,8.059342E-02,2.442180E+02,2.285249E+02,1.260302E-02,2.239328E-02,4.267186E+02,4.581590E+02,2.201998E-02,4.489541E-02,7.639940E+02,8.192705E+02,3.942336E-02,8.028145E-02
20:00:00,2.664410E+02,3.082184E+02,1.375022E-02,3.020236E-02,5.446868E+02,2.999451E+02,2.809481E-02,2.939323E-02,6.174537E+02,5.295540E+02,3.186124E-02,5.189222E-02,8.065871E+02,7.955845E+02,4.162018E-02,7.796091E-02,8.438715E+02,6.851189E+02,4.354220E-02,6.713677E-02,6.817148E+02,4.978131E+02,3.517311E-02,4.878208E-02,1.032988E+03,5.674285E+02,5.328914E-02,5.560552E-02,8.724162E+02,8.101346E+02,4.501928E-02,7.938708E-02,2.438887E+02,2.261621E+02,1.258598E-02,2.216175E-02,4.262643E+02,4.488759E+02,2.199647E-02,4.398580E-02,7.632381E+02,7.955666E+02,3.938423E-02,7.795878E-02
20:10:00,2.660400E+02,3.046546E+02,1.372950E-02,2.985316E-02,5.445710E+02,2.865561E+02,2.808882E-02,2.808126E-02,6.168743E+02,5.214663E+02,3.183131E-02,5.109972E-02,8.058932E+02,7.765616E+02,4.158433E-02,7.609693E-02,8.432226E+02,6.700819E+02,4.350869E-02,6.566337E-02,6.813092E+02,4.833012E+02,3.515218E-02,4.736011E-02,1.032600E+03,5.526462E+02,5.326912E-02,5.415702E-02,8.714587E+02,7.989145E+02,4.496978E-02,7.828763E-02,2.435645E+02,2.239054E+02,1.256923E-02,2.194062E-02,4.258164E+02,4.405802E+02,2.197332E-02,4.317294E-02,7.624924E+02,7.765210E+02,3.934569E-02,7.609260E-02
20:20:00,2.656455E+02,3.013870E+02,1.370912E-02,2.953298E-02,5.444551E+02,2.754529E+02,2.808283E-02,2.699328E-02,6.163041E+02,5.141936E+02,3.180186E-02,5.038708E-02,8.052099E+02,7.602890E+02,4.154904E-02,7.450246E-02,8.425839E+02,6.573212E+02,4.347571E-02,6.441301E-02,6.809098E+02,4.711797E+02,3.513157E-02,4.617239E-02,1.032217E+03,5.399402E+02,5.324933E-02,5.291198E-02,8.705156E+02,7.888488E+02,4.492105E-02,7.730132E-02,2.432456E+02,2.217836E+02,1.255275E-02,2.173271E-02,4.253756E+02,4.331571E+02,2.195056E-02,4.244558E-02,7.617581E+02,7.605873E+02,3.930777E-02,7.453136E-02
20:30:00,2.652582E+02,2.983414E+02,1.368911E-02,2.923455E-02,5.443401E+02,2.658887E+02,2.807689E-02,2.605610E-02,6.157441E+02,5.074693E+02,3.177295E-02,4.972819E-02,8.045388E+02,7.458750E+02,4.151440E-02,7.309009E-02,8.419566E+02,6.460822E+02,4.344333E-02,6.331177E-02,6.805174E+02,4.606428E+02,3.511131E-02,4.513992E-02,1.031839E+03,5.286057E+02,5.322984E-02,5.180133E-02,8.695889E+02,7.796107E+02,4.487320E-02,7.639610E-02,2.429325E+02,2.198062E+02,1.253659E-02,2.153895E-02,4.249428E+02,4.263812E+02,2.192821E-02,4.178164E-02,7.610369E+02,7.466642E+02,3.927053E-02,7.316713E-02
20:40:00,2.648781E+02,2.954796E+02,1.366949E-02,2.895413E-02,5.442265E+02,2.574823E+02,2.807103E-02,2.523236E-02,6.151949E+02,5.011732E+02,3.174460E-02,4.911124E-02,8.038806E+02,7.328691E+02,4.148042E-02,7.181570E-02,8.413415E+02,6.359823E+02,4.341158E-02,6.232212E-02,6.801324E+02,4.512943E+02,3.509144E-02,4.422390E-02,1.031469E+03,5.182943E+02,5.321073E-02,5.079091E-02,8.686798E+02,7.710367E+02,4.482626E-02,7.555595E-02,2.426254E+02,2.179701E+02,1.252073E-02,2.135904E-02,4.245182E+02,4.201188E+02,2.190629E-02,4.116800E-02,7.603294E+02,7.342109E+02,3.923401E-02,7.194689E-02
20:50:00,2.645056E+02,2.927775E+02,1.365026E-02,2.868936E-02,5.441146E+02,2.499900E+02,2.806526E-02,2.449819E-02,6.146568E+02,4.952329E+02,3.171683E-02,4.852917E-02,8.032357E+02,7.209823E+02,4.144714E-02,7.065095E-02,8.407388E+02,6.267774E+02,4.338047E-02,6.142015E-02,6.797552E+02,4.428815E+02,3.507197E-02,4.339955E-02,1.031106E+03,5.087940E+02,5.319200E-02,4.985998E-02,8.677885E+02,7.630211E+02,4.478026E-02,7.477052E-02,2.423244E+02,2.162650E+02,1.250520E-02,2.119196E-02,4.241020E+02,4.142795E+02,2.188481E-02,4.059583E-02,7.596359E+02,7.228917E+02,3.919822E-02,7.083778E-02
21:00:00,2.641406E+02,2.902154E+02,1.363142E-02,2.843831E-02,5.440046E+02,2.432326E+02,2.805959E-02,2.383603E-02,6.141299E+02,4.895951E+02,3.168963E-02,4.797673E-02,8.026043E+02,7.100008E+02,4.141455E-02,6.957489E-02,8.401487E+02,6.182897E+02,4.335002E-02,6.058846E-02,6.793860E+02,4.352186E+02,3.505292E-02,4.264868E-02,1.030751E+03,4.999524E+02,5.317368E-02,4.899357E-02,8.669154E+02,7.554787E+02,4.473519E-02,7.403145E-02,2.420296E+02,2.146775E+02,1.248998E-02,2.103641E-02,4.236945E+02,4.087940E+02,2.186377E-02,4.005832E-02,7.589567E+02,7.124697E+02,3.916316E-02,6.981655E-02
21:10:00,2.637832E+02,2.877696E+02,1.361297E-02,2.819866E-02,5.438967E+02,2.370540E+02,2.805402E-02,2.323058E-02,6.136143E+02,4.841981E+02,3.166302E-02,4.744788E-02,8.019864E+02,6.997347E+02,4.138267E-02,6.856893E-02,8.395714E+02,6.103559E+02,4.332023E-02,5.981104E-02,6.790247E+02,4.281411E+02,3.503428E-02,4.195517E-02,1.030404E+03,4.916183E+02,5.315576E-02,4.817690E-02,8.660606E+02,7.483123E+02,4.469107E-02,7.332922E-02,2.417409E+02,2.131866E+02,1.247508E-02,2.089032E-02,4.232956E+02,4.035945E+02,2.184319E-02,3.954883E-02,7.582919E+02,7.027446E+02,3.912885E-02,6.886361E-02
21:20:00,2.634333E+02,2.854259E+02,1.359491E-02,2.796901E-02,5.437910E+02,2.313460E+02,2.804857E-02,2.267124E-02,6.131098E+02,4.790080E+02,3.163699E-02,4.693930E-02,8.013821E+02,6.900562E+02,4.135148E-02,6.762055E-02,8.390068E+02,6.028715E+02,4.329110E-02,5.907764E-02,6.786716E+02,4.215382E+02,3.501606E-02,4.130815E-02,1.030064E+03,4.837003E+02,5.313826E-02,4.740100E-02,8.652239E+02,7.414640E+02,4.464790E-02,7.265817E-02,2.414583E+02,2.117790E+02,1.246050E-02,2.075239E-02,4.229053E+02,3.986371E+02,2.182304E-02,3.906306E-02,7.576413E+02,6.935839E+02,3.909528E-02,6.796598E-02
21:30:00,2.630909E+02,2.831719E+02,1.357724E-02,2.774815E-02,5.436875E+02,2.260237E+02,2.804323E-02,2.214970E-02,6.126164E+02,4.739975E+02,3.161153E-02,4.644833E-02,8.007911E+02,6.808654E+02,4.132099E-02,6.671996E-02,8.384547E+02,5.957551E+02,4.326261E-02,5.838032E-02,6.783264E+02,4.153233E+02,3.499825E-02,4.069916E-02,1.029733E+03,4.761279E+02,5.312116E-02,4.665895E-02,8.644053E+02,7.348866E+02,4.460565E-02,7.201366E-02,2.411819E+02,2.104428E+02,1.244623E-02,2.062146E-02,4.225235E+02,3.938866E+02,2.180334E-02,3.859757E-02,7.570049E+02,6.848863E+02,3.906244E-02,6.711371E-02
21:40:00,2.627560E+02,2.809974E+02,1.355995E-02,2.753507E-02,5.435863E+02,2.210207E+02,2.803801E-02,2.165943E-02,6.121340E+02,4.691447E+02,3.158664E-02,4.597280E-02,8.002135E+02,6.720842E+02,4.129118E-02,6.585949E-02,8.379151E+02,5.889439E+02,4.323477E-02,5.771288E-02,6.779891E+02,4.094286E+02,3.498085E-02,4.012154E-02,1.029409E+03,4.688459E+02,5.310446E-02,4.594537E-02,8.636044E+02,7.285418E+02,4.456432E-02,7.139193E-02,2.409115E+02,2.091674E+02,1.243228E-02,2.049649E-02,4.221502E+02,3.893150E+02,2.178408E-02,3.814961E-02,7.563825E+02,6.765739E+02,3.903032E-02,6.629918E-02
21:50:00,2.624283E+02,2.788935E+02,1.354304E-02,2.732891E-02,5.434875E+02,2.162841E+02,2.803292E-02,2.119528E-02,6.116624E+02,4.644319E+02,3.156230E-02,4.551100E-02,7.996489E+02,6.636510E+02,4.126204E-02,6.503312E-02,8.373878E+02,5.823886E+02,4.320756E-02,5.707053E-02,6.776597E+02,4.038008E+02,3.496385E-02,3.957007E-02,1.029093E+03,4.618115E+02,5.308817E-02,4.525604E-02,8.628211E+02,7.223986E+02,4.452390E-02,7.078997E-02,2.406471E+02,2.079438E+02,1.241863E-02,2.037659E-02,4.217853E+02,3.848998E+02,2.176525E-02,3.771697E-02,7.557739E+02,6.685865E+02,3.899891E-02,6.551651E-02
22:00:00,2.621079E+02,2.768527E+02,1.352651E-02,2.712894E-02,5.433911E+02,2.117720E+02,2.802794E-02,2.075312E-02,6.112015E+02,4.598448E+02,3.153852E-02,4.506151E-02,7.990972E+02,6.555174E+02,4.123357E-02,6.423612E-02,8.368724E+02,5.760510E+02,4.318097E-02,5.644951E-02,6.773380E+02,3.983981E+02,3.494725E-02,3.904065E-02,1.028785E+03,4.549910E+02,5.307227E-02,4.458767E-02,8.620551E+02,7.164322E+02,4.448437E-02,7.020531E-02,2.403886E+02,2.067644E+02,1.240529E-02,2.026103E-02,4.214285E+02,3.806230E+02,2.174684E-02,3.729789E-02,7.551788E+02,6.608776E+02,3.896821E-02,6.476112E-02
22:10:00,2.182893E+02,2.308699E+02,1.126517E-02,2.260226E-02,4.844403E+02,1.828729E+02,2.463518E-02,1.774935E-02,5.091418E+02,3.885690E+02,2.627215E-02,3.792666E-02,6.656836E+02,5.625883E+02,3.434941E-02,5.471931E-02,6.971782E+02,4.920532E+02,3.597302E-02,4.791614E-02,5.724612E+02,3.402552E+02,2.944336E-02,3.312494E-02,9.013569E+02,3.915668E+02,4.599577E-02,3.805771E-02,7.180590E+02,6.049741E+02,3.705378E-02,5.906769E-02,2.002157E+02,1.718113E+02,1.033216E-02,1.683594E-02,3.510412E+02,3.226697E+02,1.811467E-02,3.146876E-02,6.290669E+02,5.645041E+02,3.246067E-02,5.496665E-02
22:20:00,1.745258E+02,1.888158E+02,9.006691E-03,1.838736E-02,4.346916E+02,1.558692E+02,2.160521E-02,1.490794E-02,4.095763E+02,3.232788E+02,2.110714E-02,3.127118E-02,5.430369E+02,4.790818E+02,2.789963E-02,4.598007E-02,5.791214E+02,4.162945E+02,2.963709E-02,4.005311E-02,4.873157E+02,2.872159E+02,2.473464E-02,2.763276E-02,7.982883E+02,3.340046E+02,3.990488E-02,3.201441E-02,5.741948E+02,5.041142E+02,2.963000E-02,4.877631E-02,1.600874E+02,1.392269E+02,8.261332E-03,1.359912E-02,2.807155E+02,2.693655E+02,1.448567E-02,2.601614E-02,5.031396E+02,4.773164E+02,2.596174E-02,4.592279E-02
22:30:00,1.308164E+02,1.495460E+02,6.750993E-03,1.439705E-02,3.915117E+02,1.314985E+02,1.883785E-02,1.228526E-02,3.196955E+02,2.654932E+02,1.633357E-02,2.521212E-02,4.365557E+02,4.052804E+02,2.210220E-02,3.800424E-02,4.782424E+02,3.494370E+02,2.399417E-02,3.289065E-02,4.141581E+02,2.398116E+02,2.050796E-02,2.258724E-02,7.110105E+02,2.825391E+02,3.444363E-02,2.645632E-02,4.380283E+02,4.154879E+02,2.251749E-02,3.944612E-02,1.200026E+02,1.079160E+02,6.192752E-03,1.046820E-02,2.104498E+02,2.219953E+02,1.085977E-02,2.103618E-02,3.901437E+02,4.002248E+02,1.998466E-02,3.767503E-02
22:40:00,8.715969E+01,1.152323E+02,4.498019E-03,1.079213E-02,3.516907E+02,1.092078E+02,1.620538E-02,9.838310E-03,2.386197E+02,2.144634E+02,1.191436E-02,1.968620E-02,3.410583E+02,3.394446E+02,1.674708E-02,3.066303E-02,3.863736E+02,2.898997E+02,1.871226E-02,2.630795E-02,3.459282E+02,1.973509E+02,1.647849E-02,1.793749E-02,6.301162E+02,2.360655E+02,2.923794E-02,2.130273E-02,3.117799E+02,3.383897E+02,1.581177E-02,3.102026E-02,7.996044E+01,8.028705E+01,4.126370E-03,7.620830E-03,1.442720E+02,1.798157E+02,7.401163E-03,1.646780E-02,2.890011E+02,3.315521E+02,1.448496E-02,3.009554E-02
22:50:00,4.355462E+01,8.230273E+01,2.247707E-03,7.300536E-03,3.148867E+02,8.840784E+01,1.369403E-02,7.521094E-03,1.633803E+02,1.651471E+02,7.729387E-03,1.430786E-02,2.521360E+02,2.770266E+02,1.165516E-02,2.361241E-02,3.006114E+02,2.330907E+02,1.367559E-02,1.995680E-02,2.821778E+02,1.570854E+02,1.262948E-02,1.347487E-02,5.550474E+02,1.921382E+02,2.426649E-02,1.636841E-02,2.015563E+02,2.628883E+02,9.748079E-03,2.273751E-02,3.995988E+01,5.463674E+01,2.062135E-03,4.929799E-03,8.699112E+01,1.395157E+02,4.300668E-03,1.205865E-02,1.949604E+02,2.661512E+02,9.270865E-03,2.279400E-02
23:00:00,0.000000E+00,5.081813E+01,0.000000E+00,3.927034E-03,2.804689E+02,6.868968E+01,1.127866E-02,5.301477E-03,9.343416E+01,1.184160E+02,3.757930E-03,9.143949E-03,1.685520E+02,2.177241E+02,6.778668E-03,1.682829E-02,2.191020E+02,1.790558E+02,8.810669E-03,1.384020E-02,2.215074E+02,1.188659E+02,8.904750E-03,9.187338E-03,4.841315E+02,1.502258E+02,1.946235E-02,1.161176E-02,9.693950E+01,1.914112E+02,3.907339E-03,1.478470E-02,0.000000E+00,2.952792E+01,0.000000E+00,2.284327E-03,3.230607E+01,1.013705E+02,1.302928E-03,7.829574E-03,1.079550E+02,2.040542E+02,4.340537E-03,1.577216E-02
23:10:00,0.000000E+00,6.472789E+01,0.000000E+00,4.999949E-03,3.068663E+02,7.447405E+01,1.233005E-02,5.747207E-03,1.279551E+02,1.402912E+02,5.145234E-03,1.083043E-02,2.207921E+02,2.458453E+02,8.878011E-03,1.899767E-02,2.798624E+02,2.048978E+02,1.125232E-02,1.583093E-02,2.679619E+02,1.351626E+02,1.077119E-02,1.044391E-02,5.436358E+02,1.666899E+02,2.185198E-02,1.287911E-02,1.390324E+02,2.281288E+02,5.598994E-03,1.761574E-02,0.000000E+00,3.940396E+01,0.000000E+00,3.046306E-03,4.980708E+01,1.186449E+02,2.006273E-03,9.161134E-03,1.500184E+02,2.333323E+02,6.030964E-03,1.802777E-02
23:20:00,0.000000E+00,7.593208E+01,0.000000E+00,5.862848E-03,3.257854E+02,7.932634E+01,1.308773E-02,6.121607E-03,1.625213E+02,1.578825E+02,6.534036E-03,1.218539E-02,2.646508E+02,2.668342E+02,1.063971E-02,2.059584E-02,3.216930E+02,2.244320E+02,1.293151E-02,1.732337E-02,2.971996E+02,1.479015E+02,1.194386E-02,1.141601E-02,5.817338E+02,1.788230E+02,2.337464E-02,1.380266E-02,1.853698E+02,2.566344E+02,7.461124E-03,1.980622E-02,1.366275E+00,4.784121E+01,5.520806E-05,3.696076E-03,6.992360E+01,1.328175E+02,2.814690E-03,1.025109E-02,1.950191E+02,2.558015E+02,7.839282E-03,1.974427E-02
23:30:00,0.000000E+00,8.545970E+01,0.000000E+00,6.593793E-03,3.395758E+02,8.238152E+01,1.364077E-02,6.357640E-03,1.895293E+02,1.694861E+02,7.617691E-03,1.307709E-02,2.950485E+02,2.801341E+02,1.185875E-02,2.161475E-02,3.488430E+02,2.367636E+02,1.401898E-02,1.826857E-02,3.166031E+02,1.563603E+02,1.272158E-02,1.206499E-02,6.064766E+02,1.861941E+02,2.436601E-02,1.436792E-02,2.271219E+02,2.750260E+02,9.138490E-03,2.122000E-02,5.479005E+00,5.585712E+01,2.205048E-04,4.309837E-03,9.189351E+01,1.424356E+02,3.697565E-03,1.098984E-02,2.296848E+02,2.702775E+02,9.231191E-03,2.085398E-02
23:40:00,2.948556E+00,9.103357E+01,1.187410E-04,7.023653E-03,3.512400E+02,8.408644E+01,1.410863E-02,6.489425E-03,2.095536E+02,1.756939E+02,8.421012E-03,1.355627E-02,3.169957E+02,2.872584E+02,1.273827E-02,2.216478E-02,3.693371E+02,2.432823E+02,1.484098E-02,1.877187E-02,3.329607E+02,1.610709E+02,1.337828E-02,1.242872E-02,6.269523E+02,1.897478E+02,2.518741E-02,1.464255E-02,2.616471E+02,2.837862E+02,1.051862E-02,2.189616E-02,1.061275E+01,6.096698E+01,4.268278E-04,4.703920E-03,1.114154E+02,1.480988E+02,4.479702E-03,1.142694E-02,2.546965E+02,2.782098E+02,1.023518E-02,2.146631E-02
23:50:00,7.105780E+00,9.613114E+01,2.858231E-04,7.416998E-03,3.609380E+02,8.494138E+01,1.449775E-02,6.555513E-03,2.251966E+02,1.814143E+02,9.049378E-03,1.399780E-02,3.346881E+02,2.925679E+02,1.344885E-02,2.257469E-02,3.858418E+02,2.484212E+02,1.550371E-02,1.916863E-02,3.465071E+02,1.646491E+02,1.392212E-02,1.270502E-02,6.434286E+02,1.917982E+02,2.584849E-02,1.480103E-02,2.824266E+02,2.926592E+02,1.134968E-02,2.258099E-02,1.742354E+01,6.480309E+01,7.005461E-04,4.999938E-03,1.234200E+02,1.529945E+02,4.959802E-03,1.180480E-02,2.743454E+02,2.845552E+02,1.102450E-02,2.195614E-02
24:00:00,1.282979E+01,1.006077E+02,5.158702E-04,7.762440E-03,3.691498E+02,8.528128E+01,1.482722E-02,6.581808E-03,2.370456E+02,1.856615E+02,9.525274E-03,1.432567E-02,3.491508E+02,2.962092E+02,1.402968E-02,2.285586E-02,3.999983E+02,2.520024E+02,1.607215E-02,1.944517E-02,3.584907E+02,1.671328E+02,1.440320E-02,1.289683E-02,6.573421E+02,1.927680E+02,2.640672E-02,1.487606E-02,2.995612E+02,2.990598E+02,1.203797E-02,2.307504E-02,2.549659E+01,6.873807E+01,1.024985E-03,5.303589E-03,1.339713E+02,1.567420E+02,5.383681E-03,1.209406E-02,2.887419E+02,2.891226E+02,1.160273E-02,2.230875E-02
Peak,3.828068E+02,6.541377E+02,1.964798E-02,6.409848E-02,5.453307E+02,5.919270E+02,2.813372E-02,5.800617E-02,7.034124E+02,1.059651E+03,3.612131E-02,1.038370E-01,8.915033E+02,1.217438E+03,4.578331E-02,1.192995E-01,8.922015E+02,1.020687E+03,4.582566E-02,1.000205E-01,7.008484E+02,7.734829E+02,3.601329E-02,7.579608E-02,1.035270E+03,1.005071E+03,5.341594E-02,9.849256E-02,1.016424E+03,1.579791E+03,5.217274E-02,1.548068E-01,3.360862E+02,2.830014E+02,1.725488E-02,2.749002E-02,5.179106E+02,7.438054E+02,2.659393E-02,7.288611E-02,8.711042E+02,1.250210E+03,4.472801E-02,1.225105E-01

Peak Vol Flow (m3/s),,,1.632635E-02,5.326217E-02,,,2.337751E-02,4.819981E-02,,,3.001474E-02,8.628262E-02,,,3.804331E-02,9.913105E-02,,,3.807850E-02,8.311133E-02,,,2.992498E-02,6.298220E-02,,,4.438559E-02,8.184168E-02,,,4.335256E-02,1.286356E-01,,,1.433782E-02,2.284263E-02,,,2.209804E-02,6.056419E-02,,,3.716642E-02,1.017992E-01
