Time,ROOM_03746E2B:BOSTON LOGAN INTL ARPT ANN HTG 99.6% CONDNS DB:Des Heat Load [W],ROOM_03746E2B:BOSTON LOGAN INTL ARPT ANN CLG .4% CONDNS DB=>MWB:Des Sens Cool Load [W],ROOM_03746E2B:BOSTON LOGAN INTL ARPT ANN HTG 99.6% CONDNS DB:Des Heat Mass Flow [kg/s],ROOM_03746E2B:BOSTON LOGAN INTL ARPT ANN CLG .4% CONDNS DB=>MWB:Des Cool Mass Flow [kg/s],ROOM_2158C36E:BOSTON LOGAN INTL ARPT ANN HTG 99.6% CONDNS DB:Des Heat Load [W],ROOM_2158C36E:BOSTON LOGAN INTL ARPT ANN CLG .4% CONDNS DB=>MWB:Des Sens Cool Load [W],ROOM_2158C36E:BOSTON LOGAN INTL ARPT ANN HTG 99.6% CONDNS DB:Des Heat Mass Flow [kg/s],ROOM_2158C36E:BOSTON LOGAN INTL ARPT ANN CLG .4% CONDNS DB=>MWB:Des Cool Mass Flow [kg/s],ROOM_2A73B7C2:BOSTON LOGAN INTL ARPT ANN HTG 99.6% CONDNS DB:Des Heat Load [W],ROOM_2A73B7C2:BOSTON LOGAN INTL ARPT ANN CLG .4% CONDNS DB=>MWB:Des Sens Cool Load [W],ROOM_2A73B7C2:BOSTON LOGAN INTL ARPT ANN HTG 99.6% CONDNS DB:Des Heat Mass Flow [kg/s],ROOM_2A73B7C2:BOSTON LOGAN INTL ARPT ANN CLG .4% CONDNS DB=>MWB:Des Cool Mass Flow [kg/s],ROOM_3B43E7C4:BOSTON LOGAN INTL ARPT ANN HTG 99.6% CONDNS DB:Des Heat Load [W],ROOM_3B43E7C4:BOSTON LOGAN INTL ARPT ANN CLG .4% CONDNS DB=>MWB:Des Sens Cool Load [W],ROOM_3B43E7C4:BOSTON LOGAN INTL ARPT ANN HTG 99.6% CONDNS DB:Des Heat Mass Flow [kg/s],ROOM_3B43E7C4:BOSTON LOGAN INTL ARPT ANN CLG .4% CONDNS DB=>MWB:Des Cool Mass Flow [kg/s],ROOM_4DD13587:BOSTON LOGAN INTL ARPT ANN HTG 99.6% CONDNS DB:Des Heat Load [W],ROOM_4DD13587:BOSTON LOGAN INTL ARPT ANN CLG .4% CONDNS DB=>MWB:Des Sens Cool Load [W],ROOM_4DD13587:BOSTON LOGAN INTL ARPT ANN HTG 99.6% CONDNS DB:Des Heat Mass Flow [kg/s],ROOM_4DD13587:BOSTON LOGAN INTL ARPT ANN CLG .4% CONDNS DB=>MWB:Des Cool Mass Flow [kg/s],ROOM_84DBB030:BOSTON LOGAN INTL ARPT ANN HTG 99.6% CONDNS DB:Des Heat Load [W],ROOM_84DBB030:BOSTON LOGAN INTL ARPT ANN CLG .4% CONDNS DB=>MWB:Des Sens Cool Load [W],ROOM_84DBB030:BOSTON LOGAN INTL ARPT ANN HTG 99.6% CONDNS DB:Des Heat Mass Flow [kg/s],ROOM_84DBB030:BOSTON LOGAN INTL ARPT ANN CLG .4% CONDNS DB=>MWB:Des Cool Mass Flow [kg/s],ROOM_88EC3072:BOSTON LOGAN INTL ARPT ANN HTG 99.6% CONDNS DB:Des Heat Load [W],ROOM_88EC3072:BOSTON LOGAN INTL ARPT ANN CLG .4% CONDNS DB=>MWB:Des Sens Cool Load [W],ROOM_88EC3072:BOSTON LOGAN INTL ARPT ANN HTG 99.6% CONDNS DB:Des Heat Mass Flow [kg/s],ROOM_88EC3072:BOSTON LOGAN INTL ARPT ANN CLG .4% CONDNS DB=>MWB:Des Cool Mass Flow [kg/s],ROOM_97CA74D7:BOSTON LOGAN INTL ARPT ANN HTG 99.6% CONDNS DB:Des Heat Load [W],ROOM_97CA74D7:BOSTON LOGAN INTL ARPT ANN CLG .4% CONDNS DB=>MWB:Des Sens Cool Load [W],ROOM_97CA74D7:BOSTON LOGAN INTL ARPT ANN HTG 99.6% CONDNS DB:Des Heat Mass Flow [kg/s],ROOM_97CA74D7:BOSTON LOGAN INTL ARPT ANN CLG .4% CONDNS DB=>MWB:Des Cool Mass Flow [kg/s],ROOM_AD6B393A:BOSTON LOGAN INTL ARPT ANN HTG 99.6% CONDNS DB:Des Heat Load [W],ROOM_AD6B393A:BOSTON LOGAN INTL ARPT ANN CLG .4% CONDNS DB=>MWB:Des Sens Cool Load [W],ROOM_AD6B393A:BOSTON LOGAN INTL ARPT ANN HTG 99.6% CONDNS DB:Des Heat Mass Flow [kg/s],ROOM_AD6B393A:BOSTON LOGAN INTL ARPT ANN CLG .4% CONDNS DB=>MWB:Des Cool Mass Flow [kg/s],ROOM_E96334C5:BOSTON LOGAN INTL ARPT ANN HTG 99.6% CONDNS DB:Des Heat Load [W],ROOM_E96334C5:BOSTON LOGAN INTL ARPT ANN CLG .4% CONDNS DB=>MWB:Des Sens Cool Load [W],ROOM_E96334C5:BOSTON LOGAN INTL ARPT ANN HTG 99.6% CONDNS DB:Des Heat Mass Flow [kg/s],ROOM_E96334C5:BOSTON LOGAN INTL ARPT ANN CLG .4% CONDNS DB=>MWB:Des Cool Mass Flow [kg/s],ROOM_F9A9F791:BOSTON LOGAN INTL ARPT ANN HTG 99.6% CONDNS DB:Des Heat Load [W],ROOM_F9A9F791:BOSTON LOGAN INTL ARPT ANN CLG .4% CONDNS DB=>MWB:Des Sens Cool Load [W],ROOM_F9A9F791:BOSTON LOGAN INTL ARPT ANN HTG 99.6% CONDNS DB:Des Heat Mass Flow [kg/s],ROOM_F9A9F791:BOSTON LOGAN INTL ARPT ANN CLG .4% CONDNS DB=>MWB:Des Cool Mass Flow [kg/s]
00:10:00,3.439419E+02,3.781984E+02,1.382088E-02,2.918190E-02,3.462120E+01,1.571931E+02,1.391742E-03,1.212842E-02,0.000000E+00,2.416628E+02,0.000000E+00,1.864544E-02,2.459041E+00,1.971457E+02,9.908107E-05,1.521083E-02,0.000000E+00,2.516022E+02,0.000000E+00,1.941231E-02,3.817369E+02,6.758080E+02,1.534106E-02,5.214367E-02,2.866161E+02,4.157380E+02,1.151792E-02,3.207790E-02,2.819568E+02,1.604088E+02,1.132886E-02,1.237776E-02,3.344895E+01,4.468578E+01,1.344189E-03,3.447934E-03,2.510189E+02,2.124683E+02,1.008688E-02,1.639412E-02,3.703863E+02,3.810423E+02,1.488404E-02,2.940081E-02
00:20:00,3.565820E+02,3.801803E+02,1.432852E-02,2.933490E-02,4.715317E+01,1.610893E+02,1.895382E-03,1.242909E-02,4.798886E-01,2.465444E+02,1.936541E-05,1.902211E-02,7.524295E+00,2.022974E+02,3.026594E-04,1.560835E-02,0.000000E+00,2.568165E+02,0.000000E+00,1.981466E-02,4.063321E+02,6.811935E+02,1.632925E-02,5.255932E-02,3.000694E+02,4.182805E+02,1.205832E-02,3.227415E-02,2.912983E+02,1.618778E+02,1.170394E-02,1.249115E-02,3.951001E+01,4.681249E+01,1.587720E-03,3.612051E-03,2.610153E+02,2.153375E+02,1.048834E-02,1.661558E-02,3.859239E+02,3.856080E+02,1.550812E-02,2.975320E-02
00:30:00,3.682821E+02,3.813657E+02,1.479853E-02,2.942640E-02,5.945762E+01,1.644530E+02,2.389546E-03,1.268864E-02,5.049914E+00,2.507064E+02,2.030409E-04,1.934324E-02,1.393689E+01,2.068302E+02,5.603839E-04,1.595812E-02,4.487290E+00,2.613153E+02,1.804350E-04,2.016179E-02,4.262307E+02,6.853976E+02,1.712873E-02,5.288376E-02,3.118160E+02,4.199881E+02,1.253021E-02,3.240594E-02,2.997755E+02,1.628509E+02,1.204450E-02,1.256627E-02,4.489697E+01,4.865023E+01,1.804153E-03,3.753862E-03,2.698168E+02,2.176124E+02,1.084186E-02,1.679115E-02,4.000375E+02,3.892510E+02,1.607509E-02,3.003436E-02
00:40:00,3.795752E+02,3.819110E+02,1.525223E-02,2.946848E-02,6.871943E+01,1.673560E+02,2.761730E-03,1.291264E-02,1.001750E+01,2.542655E+02,4.026907E-04,1.961784E-02,2.240022E+01,2.108332E+02,9.005251E-04,1.626698E-02,9.653115E+00,2.652089E+02,3.880528E-04,2.046220E-02,4.440218E+02,6.886507E+02,1.784353E-02,5.313478E-02,3.222604E+02,4.210259E+02,1.294978E-02,3.248602E-02,3.073975E+02,1.634162E+02,1.235071E-02,1.260989E-02,4.936688E+01,5.022673E+01,1.983728E-03,3.875509E-03,2.778950E+02,2.193933E+02,1.116635E-02,1.692859E-02,4.132466E+02,3.921328E+02,1.660575E-02,3.025674E-02
00:50:00,3.904850E+02,3.819423E+02,1.569055E-02,2.947087E-02,7.803685E+01,1.698630E+02,3.136146E-03,1.310608E-02,1.711943E+01,2.573211E+02,6.881196E-04,1.985359E-02,3.245027E+01,2.143849E+02,1.304431E-03,1.654102E-02,1.700439E+01,2.685922E+02,6.835035E-04,2.072323E-02,4.601076E+02,6.911358E+02,1.848979E-02,5.332651E-02,3.317699E+02,4.215267E+02,1.333179E-02,3.252464E-02,3.142488E+02,1.636473E+02,1.262595E-02,1.262771E-02,5.317713E+01,5.157071E+01,2.136794E-03,3.979209E-03,2.853895E+02,2.207647E+02,1.146741E-02,1.703441E-02,4.258616E+02,3.943865E+02,1.711256E-02,3.043064E-02
01:00:00,4.006492E+02,3.815615E+02,1.609894E-02,2.944146E-02,8.595582E+01,1.720304E+02,3.454352E-03,1.327330E-02,2.572987E+01,2.599562E+02,1.034172E-03,2.005688E-02,4.392895E+01,2.175524E+02,1.765749E-03,1.678541E-02,2.610181E+01,2.715453E+02,1.049128E-03,2.095106E-02,4.747181E+02,6.929987E+02,1.907678E-02,5.347022E-02,3.405506E+02,4.215971E+02,1.368454E-02,3.253004E-02,3.204287E+02,1.636058E+02,1.287422E-02,1.262449E-02,5.645833E+01,5.271026E+01,2.268606E-03,4.067130E-03,2.924953E+02,2.217968E+02,1.175289E-02,1.711404E-02,4.379934E+02,3.961215E+02,1.759998E-02,3.056449E-02
01:10:00,4.101279E+02,3.812508E+02,1.647978E-02,2.941744E-02,9.301164E+01,1.741505E+02,3.737868E-03,1.343687E-02,3.569442E+01,2.625777E+02,1.434642E-03,2.025912E-02,5.424999E+01,2.207221E+02,2.180283E-03,1.702995E-02,3.671184E+01,2.745120E+02,1.475541E-03,2.117993E-02,4.880814E+02,6.952204E+02,1.961366E-02,5.364158E-02,3.489014E+02,4.217799E+02,1.402004E-02,3.254411E-02,3.260344E+02,1.635243E+02,1.309945E-02,1.261819E-02,5.933312E+01,5.373090E+01,2.384091E-03,4.145875E-03,2.993908E+02,2.228354E+02,1.202993E-02,1.719416E-02,4.497201E+02,3.979472E+02,1.807115E-02,3.070534E-02
01:20:00,4.189495E+02,3.807136E+02,1.683422E-02,2.937596E-02,9.932278E+01,1.760383E+02,3.991454E-03,1.358251E-02,4.641441E+01,2.649252E+02,1.865390E-03,2.044021E-02,6.315710E+01,2.236358E+02,2.538231E-03,1.725475E-02,4.869724E+01,2.771939E+02,1.957224E-03,2.138683E-02,5.004177E+02,6.970922E+02,2.010928E-02,5.378595E-02,3.570110E+02,4.217247E+02,1.434586E-02,3.253981E-02,3.311445E+02,1.632847E+02,1.330477E-02,1.259968E-02,6.193523E+01,5.460314E+01,2.488630E-03,4.213169E-03,3.060718E+02,2.236678E+02,1.229838E-02,1.725838E-02,4.609540E+02,3.994600E+02,1.852254E-02,3.082204E-02
01:30:00,4.271650E+02,3.800012E+02,1.716431E-02,2.932096E-02,1.050077E+02,1.777318E+02,4.219871E-03,1.371316E-02,5.416616E+01,2.670475E+02,2.176911E-03,2.060393E-02,7.180450E+01,2.263357E+02,2.885737E-03,1.746304E-02,5.744212E+01,2.796402E+02,2.308575E-03,2.157555E-02,5.120802E+02,6.986848E+02,2.057783E-02,5.390878E-02,3.649583E+02,4.214841E+02,1.466519E-02,3.252121E-02,3.358422E+02,1.629216E+02,1.349352E-02,1.257164E-02,6.435300E+01,5.534992E+01,2.585770E-03,4.270781E-03,3.125730E+02,2.243345E+02,1.255961E-02,1.730980E-02,4.715543E+02,4.007201E+02,1.894846E-02,3.091924E-02
01:40:00,4.348228E+02,3.791553E+02,1.747200E-02,2.925567E-02,1.101625E+02,1.792603E+02,4.426991E-03,1.383108E-02,6.256234E+01,2.689818E+02,2.514331E-03,2.075315E-02,7.941781E+01,2.288537E+02,3.191679E-03,1.765730E-02,6.666491E+01,2.818878E+02,2.679214E-03,2.174894E-02,5.233774E+02,7.000541E+02,2.103173E-02,5.401439E-02,3.727537E+02,4.211006E+02,1.497842E-02,3.249159E-02,3.402500E+02,1.624630E+02,1.367064E-02,1.253625E-02,6.667533E+01,5.598983E+01,2.679083E-03,4.320149E-03,3.187224E+02,2.248674E+02,1.280672E-02,1.735091E-02,4.815620E+02,4.017745E+02,1.935058E-02,3.100057E-02
01:50:00,4.419713E+02,3.782102E+02,1.775922E-02,2.918272E-02,1.149091E+02,1.806484E+02,4.617707E-03,1.393817E-02,6.978677E+01,2.707579E+02,2.804652E-03,2.089016E-02,8.638911E+01,2.312159E+02,3.471816E-03,1.783954E-02,7.476948E+01,2.839668E+02,3.004907E-03,2.190933E-02,5.343592E+02,7.012451E+02,2.147298E-02,5.410625E-02,3.802881E+02,4.206087E+02,1.528117E-02,3.245362E-02,3.443792E+02,1.619324E+02,1.383658E-02,1.249529E-02,6.894606E+01,5.653873E+01,2.770331E-03,4.362495E-03,3.245654E+02,2.252927E+02,1.304150E-02,1.738371E-02,4.910100E+02,4.026620E+02,1.973020E-02,3.106903E-02
02:00:00,4.486319E+02,3.771938E+02,1.802684E-02,2.910429E-02,1.193167E+02,1.819171E+02,4.794798E-03,1.403605E-02,7.639183E+01,2.724009E+02,3.070078E-03,2.101691E-02,9.281047E+01,2.334448E+02,3.729850E-03,1.801150E-02,8.211190E+01,2.859030E+02,3.299966E-03,2.205869E-02,5.451682E+02,7.022954E+02,2.190729E-02,5.418727E-02,3.876004E+02,4.200365E+02,1.557499E-02,3.240946E-02,3.482569E+02,1.613488E+02,1.399241E-02,1.245025E-02,7.117630E+01,5.701052E+01,2.859957E-03,4.398892E-03,3.300999E+02,2.256324E+02,1.326389E-02,1.740991E-02,4.999619E+02,4.034152E+02,2.008990E-02,3.112713E-02
02:10:00,4.547687E+02,3.761052E+02,1.827341E-02,2.902028E-02,1.234517E+02,1.830741E+02,4.960942E-03,1.412531E-02,8.246141E+01,2.739209E+02,3.313982E-03,2.113418E-02,9.874768E+01,2.355500E+02,3.968425E-03,1.817392E-02,8.883088E+01,2.877056E+02,3.569967E-03,2.219776E-02,5.559109E+02,7.031951E+02,2.233895E-02,5.425666E-02,3.946166E+02,4.193840E+02,1.585692E-02,3.235910E-02,3.519075E+02,1.607126E+02,1.413911E-02,1.240116E-02,7.336029E+01,5.741250E+01,2.947729E-03,4.429904E-03,3.353579E+02,2.258845E+02,1.347516E-02,1.742936E-02,5.084171E+02,4.040305E+02,2.042964E-02,3.117459E-02
02:20:00,4.605048E+02,3.749619E+02,1.850388E-02,2.893206E-02,1.274036E+02,1.841346E+02,5.119729E-03,1.420712E-02,8.803442E+01,2.753353E+02,3.537928E-03,2.124329E-02,1.042500E+02,2.375426E+02,4.189521E-03,1.832764E-02,9.505990E+01,2.893929E+02,3.820274E-03,2.232793E-02,5.665805E+02,7.039679E+02,2.276769E-02,5.431628E-02,4.013400E+02,4.186688E+02,1.612708E-02,3.230391E-02,3.553575E+02,1.600361E+02,1.427774E-02,1.234895E-02,7.546077E+01,5.775492E+01,3.032144E-03,4.456321E-03,3.403283E+02,2.260669E+02,1.367487E-02,1.744342E-02,5.163959E+02,4.045309E+02,2.075023E-02,3.121319E-02
02:30:00,4.658931E+02,3.737781E+02,1.872037E-02,2.884071E-02,1.311829E+02,1.851119E+02,5.271586E-03,1.428252E-02,9.319959E+01,2.766585E+02,3.745482E-03,2.134537E-02,1.093541E+02,2.394378E+02,4.394617E-03,1.847386E-02,1.008849E+02,2.909801E+02,4.054345E-03,2.245038E-02,5.770446E+02,7.046432E+02,2.318817E-02,5.436837E-02,4.077774E+02,4.179050E+02,1.638575E-02,3.224497E-02,3.586293E+02,1.593293E+02,1.440922E-02,1.229441E-02,7.747942E+01,5.804668E+01,3.113270E-03,4.478829E-03,3.450088E+02,2.261889E+02,1.386294E-02,1.745283E-02,5.239072E+02,4.049388E+02,2.105204E-02,3.124466E-02
02:40:00,4.709938E+02,3.725652E+02,1.892532E-02,2.874712E-02,1.348825E+02,1.860167E+02,5.420242E-03,1.435233E-02,9.799692E+01,2.779022E+02,3.938252E-03,2.144132E-02,1.141017E+02,2.412471E+02,4.585382E-03,1.861344E-02,1.063580E+02,2.924794E+02,4.274274E-03,2.256605E-02,5.872161E+02,7.052299E+02,2.359690E-02,5.441363E-02,4.139369E+02,4.171042E+02,1.663325E-02,3.218318E-02,3.617425E+02,1.586007E+02,1.453432E-02,1.223818E-02,7.942747E+01,5.829622E+01,3.191558E-03,4.498081E-03,3.493704E+02,2.262632E+02,1.403819E-02,1.745856E-02,5.308836E+02,4.052657E+02,2.133236E-02,3.126987E-02
02:50:00,4.758631E+02,3.713329E+02,1.912097E-02,2.865203E-02,1.385046E+02,1.868584E+02,5.565792E-03,1.441726E-02,1.025169E+02,2.790761E+02,4.119876E-03,2.153189E-02,1.185241E+02,2.429797E+02,4.763079E-03,1.874711E-02,1.115289E+02,2.939012E+02,4.482057E-03,2.267574E-02,5.970877E+02,7.057457E+02,2.399357E-02,5.445342E-02,4.198240E+02,4.162757E+02,1.686980E-02,3.211925E-02,3.647137E+02,1.578570E+02,1.465371E-02,1.218080E-02,8.128616E+01,5.850911E+01,3.266256E-03,4.514505E-03,3.534897E+02,2.262981E+02,1.420369E-02,1.746125E-02,5.374436E+02,4.055267E+02,2.159593E-02,3.129001E-02
03:00:00,4.805685E+02,3.700889E+02,1.931005E-02,2.855604E-02,1.420842E+02,1.876445E+02,5.709634E-03,1.447791E-02,1.068053E+02,2.801883E+02,4.292196E-03,2.161769E-02,1.227005E+02,2.446434E+02,4.930891E-03,1.887547E-02,1.164417E+02,2.952540E+02,4.679467E-03,2.278011E-02,6.066536E+02,7.061969E+02,2.437795E-02,5.448822E-02,4.254389E+02,4.154275E+02,1.709542E-02,3.205380E-02,3.675574E+02,1.571041E+02,1.476798E-02,1.212270E-02,8.305312E+01,5.869108E+01,3.337265E-03,4.528543E-03,3.573939E+02,2.263000E+02,1.436056E-02,1.746140E-02,5.436373E+02,4.057292E+02,2.184479E-02,3.130562E-02
03:10:00,4.852078E+02,3.688164E+02,1.949647E-02,2.845785E-02,1.456534E+02,1.883748E+02,5.853060E-03,1.453425E-02,1.109069E+02,2.812381E+02,4.457010E-03,2.169868E-02,1.266591E+02,2.462370E+02,5.089953E-03,1.899842E-02,1.211506E+02,2.965372E+02,4.868684E-03,2.287910E-02,6.159118E+02,7.065672E+02,2.474997E-02,5.451679E-02,4.307662E+02,4.145433E+02,1.730948E-02,3.198557E-02,3.702857E+02,1.563318E+02,1.487761E-02,1.206310E-02,8.473177E+01,5.884340E+01,3.404725E-03,4.540295E-03,3.611174E+02,2.262599E+02,1.451016E-02,1.745830E-02,5.495270E+02,4.058625E+02,2.208143E-02,3.131590E-02
03:20:00,4.897267E+02,3.675197E+02,1.967807E-02,2.835780E-02,1.491839E+02,1.890539E+02,5.994937E-03,1.458664E-02,1.148686E+02,2.822304E+02,4.616204E-03,2.177524E-02,1.304292E+02,2.477648E+02,5.241442E-03,1.911629E-02,1.256131E+02,2.977558E+02,5.047999E-03,2.297312E-02,6.248600E+02,7.068593E+02,2.510954E-02,5.453932E-02,4.357577E+02,4.136278E+02,1.751003E-02,3.191493E-02,3.729092E+02,1.555433E+02,1.498303E-02,1.200226E-02,8.632671E+01,5.896966E+01,3.468819E-03,4.550036E-03,3.646922E+02,2.261786E+02,1.465381E-02,1.745202E-02,5.551673E+02,4.059316E+02,2.230807E-02,3.132123E-02
03:30:00,4.941370E+02,3.662027E+02,1.985531E-02,2.825617E-02,1.526952E+02,1.896857E+02,6.136043E-03,1.463539E-02,1.186871E+02,2.831689E+02,4.769644E-03,2.184765E-02,1.340945E+02,2.492303E+02,5.388719E-03,1.922936E-02,1.298067E+02,2.989140E+02,5.216508E-03,2.306248E-02,6.334933E+02,7.070726E+02,2.545644E-02,5.455577E-02,4.405065E+02,4.126846E+02,1.770083E-02,3.184215E-02,3.754368E+02,1.547416E+02,1.508459E-02,1.194039E-02,8.784274E+01,5.907273E+01,3.529743E-03,4.557987E-03,3.681586E+02,2.260620E+02,1.479309E-02,1.744302E-02,5.606214E+02,4.059361E+02,2.252723E-02,3.132157E-02
03:40:00,4.984395E+02,3.648682E+02,2.002821E-02,2.815320E-02,1.561289E+02,1.902738E+02,6.274034E-03,1.468077E-02,1.224124E+02,2.840572E+02,4.919336E-03,2.191618E-02,1.376656E+02,2.506372E+02,5.532220E-03,1.933790E-02,1.338218E+02,3.000155E+02,5.377842E-03,2.314746E-02,6.418014E+02,7.072164E+02,2.579028E-02,5.456687E-02,4.450405E+02,4.117167E+02,1.788301E-02,3.176747E-02,3.778762E+02,1.539292E+02,1.518261E-02,1.187771E-02,8.928464E+01,5.915427E+01,3.587687E-03,4.564278E-03,3.715829E+02,2.259106E+02,1.493069E-02,1.743134E-02,5.660228E+02,4.058840E+02,2.274428E-02,3.131755E-02
03:50:00,5.026390E+02,3.635188E+02,2.019696E-02,2.804908E-02,1.594721E+02,1.908214E+02,6.408382E-03,1.472301E-02,1.260156E+02,2.848982E+02,5.064126E-03,2.198106E-02,1.411614E+02,2.519883E+02,5.672692E-03,1.944215E-02,1.376783E+02,3.010639E+02,5.532809E-03,2.322834E-02,6.497621E+02,7.072928E+02,2.611016E-02,5.457276E-02,4.493991E+02,4.107270E+02,1.805814E-02,3.169111E-02,3.802340E+02,1.531091E+02,1.527735E-02,1.181443E-02,9.065704E+01,5.921740E+01,3.642838E-03,4.569148E-03,3.749244E+02,2.257271E+02,1.506498E-02,1.741718E-02,5.713146E+02,4.057762E+02,2.295695E-02,3.130923E-02
04:00:00,5.067393E+02,3.621568E+02,2.036174E-02,2.794398E-02,1.627194E+02,1.913313E+02,6.538878E-03,1.476235E-02,1.295035E+02,2.856948E+02,5.204282E-03,2.204252E-02,1.445934E+02,2.532867E+02,5.810603E-03,1.954232E-02,1.414030E+02,3.020620E+02,5.682479E-03,2.330535E-02,6.573067E+02,7.073103E+02,2.641332E-02,5.457411E-02,4.536204E+02,4.097178E+02,1.822776E-02,3.161323E-02,3.825157E+02,1.522820E+02,1.536903E-02,1.175061E-02,9.196432E+01,5.926379E+01,3.695371E-03,4.572728E-03,3.781903E+02,2.255145E+02,1.519622E-02,1.740077E-02,5.765049E+02,4.056196E+02,2.316553E-02,3.129715E-02
04:10:00,5.107443E+02,3.608063E+02,2.052267E-02,2.783978E-02,1.658700E+02,1.918150E+02,6.665487E-03,1.479967E-02,1.329059E+02,2.864587E+02,5.341004E-03,2.210145E-02,1.480150E+02,2.545453E+02,5.948097E-03,1.963942E-02,1.450099E+02,3.030230E+02,5.827414E-03,2.337949E-02,6.644247E+02,7.072989E+02,2.669932E-02,5.457322E-02,4.577561E+02,4.087121E+02,1.839394E-02,3.153563E-02,3.847264E+02,1.514618E+02,1.545786E-02,1.168731E-02,9.321059E+01,5.929852E+01,3.745453E-03,4.575407E-03,3.813796E+02,2.252907E+02,1.532438E-02,1.738350E-02,5.815875E+02,4.054382E+02,2.336978E-02,3.128315E-02
04:20:00,5.146571E+02,3.594681E+02,2.067991E-02,2.773652E-02,1.689237E+02,1.922752E+02,6.788201E-03,1.483518E-02,1.362917E+02,2.871926E+02,5.477060E-03,2.215808E-02,1.514506E+02,2.557671E+02,6.086158E-03,1.973368E-02,1.485849E+02,3.039498E+02,5.971072E-03,2.345099E-02,6.712287E+02,7.072662E+02,2.697270E-02,5.457070E-02,4.618891E+02,4.077113E+02,1.856003E-02,3.145841E-02,3.868703E+02,1.506482E+02,1.554401E-02,1.162453E-02,9.439965E+01,5.932313E+01,3.793235E-03,4.577305E-03,3.844948E+02,2.250580E+02,1.544957E-02,1.736554E-02,5.865646E+02,4.052355E+02,2.356979E-02,3.126750E-02
04:30:00,5.184811E+02,3.581459E+02,2.083357E-02,2.763450E-02,1.718810E+02,1.927141E+02,6.907043E-03,1.486904E-02,1.396801E+02,2.878985E+02,5.613224E-03,2.221254E-02,1.548757E+02,2.569540E+02,6.223801E-03,1.982526E-02,1.522056E+02,3.048447E+02,6.116571E-03,2.352004E-02,6.777682E+02,7.072143E+02,2.723547E-02,5.456669E-02,4.659593E+02,4.067193E+02,1.872360E-02,3.138187E-02,3.889512E+02,1.498442E+02,1.562762E-02,1.156249E-02,9.553493E+01,5.933936E+01,3.838855E-03,4.578557E-03,3.875383E+02,2.248199E+02,1.557187E-02,1.734717E-02,5.914380E+02,4.050174E+02,2.376563E-02,3.125067E-02
04:40:00,5.222190E+02,3.572228E+02,2.098378E-02,2.756327E-02,1.747430E+02,1.940711E+02,7.022054E-03,1.497374E-02,1.430537E+02,2.888052E+02,5.748798E-03,2.228250E-02,1.582986E+02,2.582099E+02,6.361354E-03,1.992216E-02,1.558149E+02,3.059618E+02,6.261616E-03,2.360623E-02,6.840996E+02,7.079797E+02,2.748988E-02,5.462575E-02,4.699711E+02,4.063059E+02,1.888482E-02,3.134997E-02,3.909724E+02,1.497075E+02,1.570883E-02,1.155194E-02,9.661948E+01,5.955891E+01,3.882437E-03,4.595496E-03,3.905121E+02,2.258344E+02,1.569137E-02,1.742545E-02,5.962096E+02,4.073114E+02,2.395738E-02,3.142768E-02
04:50:00,5.258735E+02,3.567743E+02,2.113063E-02,2.752868E-02,1.775109E+02,1.975398E+02,7.133283E-03,1.524137E-02,1.464202E+02,2.899634E+02,5.884086E-03,2.237186E-02,1.617297E+02,2.595644E+02,6.499238E-03,2.002666E-02,1.594230E+02,3.073662E+02,6.406612E-03,2.371458E-02,6.902862E+02,7.096691E+02,2.773847E-02,5.475610E-02,4.739186E+02,4.065660E+02,1.904346E-02,3.137005E-02,3.929368E+02,1.508598E+02,1.578777E-02,1.164086E-02,9.765596E+01,6.028052E+01,3.924087E-03,4.651177E-03,3.934181E+02,2.295049E+02,1.580815E-02,1.770868E-02,6.008814E+02,4.150829E+02,2.414512E-02,3.202733E-02
05:00:00,5.294473E+02,3.569362E+02,2.127424E-02,2.754117E-02,1.801858E+02,2.045839E+02,7.240777E-03,1.578489E-02,1.497896E+02,2.914456E+02,6.019490E-03,2.248621E-02,1.651320E+02,2.610707E+02,6.635967E-03,2.014288E-02,1.630316E+02,3.091630E+02,6.551629E-03,2.385322E-02,6.964370E+02,7.125495E+02,2.798564E-02,5.497836E-02,4.778013E+02,4.076316E+02,1.919949E-02,3.145228E-02,3.948471E+02,1.539217E+02,1.586452E-02,1.187715E-02,9.864653E+01,6.188333E+01,3.963891E-03,4.774853E-03,3.962583E+02,2.375475E+02,1.592228E-02,1.832929E-02,6.054559E+02,4.318451E+02,2.432894E-02,3.332077E-02
05:10:00,6.150975E+02,3.981635E+02,2.505238E-02,3.100760E-02,2.331006E+02,2.422568E+02,9.493213E-03,1.889577E-02,2.178393E+02,3.282911E+02,8.867236E-03,2.556227E-02,2.326752E+02,2.966813E+02,9.471995E-03,2.309922E-02,2.375336E+02,3.496205E+02,9.664871E-03,2.722093E-02,8.561973E+02,7.978497E+02,3.481134E-02,6.210610E-02,5.698601E+02,4.549170E+02,2.319811E-02,3.542351E-02,4.412707E+02,1.792705E+02,1.797975E-02,1.398293E-02,1.173484E+02,7.354614E+01,4.791332E-03,5.744107E-03,4.602703E+02,2.808449E+02,1.874931E-02,2.190816E-02,7.148436E+02,5.110767E+02,2.910912E-02,3.986476E-02
05:20:00,6.370491E+02,4.118779E+02,2.632735E-02,3.254729E-02,2.450883E+02,2.673964E+02,1.012353E-02,2.121351E-02,2.233844E+02,3.403879E+02,9.196615E-03,2.689270E-02,2.391072E+02,3.078011E+02,9.849401E-03,2.431466E-02,2.414915E+02,3.624030E+02,9.932428E-03,2.862773E-02,8.654457E+02,8.198948E+02,3.562773E-02,6.472894E-02,5.868329E+02,4.698448E+02,2.422385E-02,3.711870E-02,4.610627E+02,1.950764E+02,1.908110E-02,1.546996E-02,1.295389E+02,8.350112E+01,5.383184E-03,6.643019E-03,4.792831E+02,3.099865E+02,1.981649E-02,2.459528E-02,7.382305E+02,5.640421E+02,3.049152E-02,4.474497E-02
05:30:00,6.993412E+02,4.442855E+02,2.936954E-02,3.565172E-02,2.852963E+02,3.083361E+02,1.199059E-02,2.485533E-02,2.747681E+02,3.689123E+02,1.153457E-02,2.959987E-02,2.898861E+02,3.351651E+02,1.217004E-02,2.689196E-02,2.974725E+02,3.938775E+02,1.247947E-02,3.160109E-02,9.791817E+02,8.859837E+02,4.102115E-02,7.104114E-02,6.539176E+02,5.065080E+02,2.744494E-02,4.063375E-02,4.962803E+02,2.201940E+02,2.085808E-02,1.773648E-02,1.463836E+02,9.698608E+01,6.179184E-03,7.837754E-03,5.271285E+02,3.574228E+02,2.214686E-02,2.881507E-02,8.176128E+02,6.513038E+02,3.432702E-02,5.249845E-02
05:40:00,7.469429E+02,4.716036E+02,3.177039E-02,3.833126E-02,3.153203E+02,3.491871E+02,1.341320E-02,2.849649E-02,3.106112E+02,3.923993E+02,1.319387E-02,3.188744E-02,3.256528E+02,3.576614E+02,1.383516E-02,2.906357E-02,3.360709E+02,4.200051E+02,1.426733E-02,3.412933E-02,1.059745E+03,9.424319E+02,4.496525E-02,7.655178E-02,7.038850E+02,5.370431E+02,2.991857E-02,4.363850E-02,5.245052E+02,2.435248E+02,2.232989E-02,1.985700E-02,1.603161E+02,1.104728E+02,6.848257E-03,9.034048E-03,5.641991E+02,4.050377E+02,2.400697E-02,3.305812E-02,8.772771E+02,7.391317E+02,3.730157E-02,6.031622E-02
05:50:00,7.912877E+02,4.980647E+02,3.403096E-02,4.094050E-02,3.433190E+02,3.914705E+02,1.474879E-02,3.227193E-02,3.445738E+02,4.146534E+02,1.477302E-02,3.407416E-02,3.595107E+02,3.791798E+02,1.541887E-02,3.115521E-02,3.727683E+02,4.450441E+02,1.597433E-02,3.656924E-02,1.136361E+03,9.986229E+02,4.874054E-02,8.204669E-02,7.508174E+02,5.663137E+02,3.226183E-02,4.654053E-02,5.504978E+02,2.661191E+02,2.370523E-02,2.192328E-02,1.730026E+02,1.243602E+02,7.463403E-03,1.026719E-02,5.987187E+02,4.545074E+02,2.575723E-02,3.747360E-02,9.330520E+02,8.298736E+02,4.010878E-02,6.841367E-02
06:00:00,8.331172E+02,5.240071E+02,3.618355E-02,4.350873E-02,3.695981E+02,4.339778E+02,1.601064E-02,3.609007E-02,3.766294E+02,4.360229E+02,1.627070E-02,3.618966E-02,3.914905E+02,4.000836E+02,1.692237E-02,3.319763E-02,4.074713E+02,4.693508E+02,1.759622E-02,3.895133E-02,1.209481E+03,1.054857E+03,5.236663E-02,8.755285E-02,7.953137E+02,5.947148E+02,3.450078E-02,4.937381E-02,5.747748E+02,2.873323E+02,2.500661E-02,2.388547E-02,1.846739E+02,1.383933E+02,8.034667E-03,1.151832E-02,6.312680E+02,5.043989E+02,2.742293E-02,4.195279E-02,9.857430E+02,9.202429E+02,4.278372E-02,7.653864E-02
06:10:00,8.500821E+02,5.464615E+02,3.766819E-02,4.598628E-02,3.890066E+02,4.763373E+02,1.725361E-02,4.010250E-02,4.034660E+02,4.540998E+02,1.788961E-02,3.820858E-02,4.167829E+02,4.182573E+02,1.847760E-02,3.519423E-02,4.363540E+02,4.905167E+02,1.934305E-02,4.127381E-02,1.253837E+03,1.106170E+03,5.553833E-02,9.308235E-02,8.183882E+02,6.191442E+02,3.626548E-02,5.209949E-02,5.802415E+02,3.058699E+02,2.571419E-02,2.574706E-02,1.928916E+02,1.521225E+02,8.562728E-03,1.280934E-02,6.449290E+02,5.543064E+02,2.857852E-02,4.667050E-02,1.011261E+03,1.009818E+03,4.481535E-02,8.501526E-02
06:20:00,8.645291E+02,5.793990E+02,3.883194E-02,4.930210E-02,4.077257E+02,5.242616E+02,1.833100E-02,4.466398E-02,4.331229E+02,4.813196E+02,1.944254E-02,4.094861E-02,4.443442E+02,4.456338E+02,1.994460E-02,3.791700E-02,4.686242E+02,5.220855E+02,2.102393E-02,4.441982E-02,1.293526E+03,1.181428E+03,5.797749E-02,1.005169E-01,8.384036E+02,6.558303E+02,3.763820E-02,5.579845E-02,5.836636E+02,3.268839E+02,2.624422E-02,2.782940E-02,1.996264E+02,1.667670E+02,9.008372E-03,1.421476E-02,6.564020E+02,6.107119E+02,2.949217E-02,5.203364E-02,1.033505E+03,1.110220E+03,4.641337E-02,9.457081E-02
06:30:00,8.739350E+02,6.047775E+02,3.992937E-02,5.204981E-02,4.221192E+02,5.661891E+02,1.932357E-02,4.878640E-02,4.534465E+02,5.017988E+02,2.074594E-02,4.318142E-02,4.633640E+02,4.664256E+02,2.119374E-02,4.014519E-02,4.902527E+02,5.461299E+02,2.241911E-02,4.700137E-02,1.321487E+03,1.238589E+03,6.030587E-02,1.065873E-01,8.525347E+02,6.838489E+02,3.894612E-02,5.884776E-02,5.850383E+02,3.429337E+02,2.674377E-02,2.952332E-02,2.050334E+02,1.800598E+02,9.410976E-03,1.552242E-02,6.638522E+02,6.603657E+02,3.033848E-02,5.690536E-02,1.048971E+03,1.196791E+03,4.792944E-02,1.031003E-01
06:40:00,8.818825E+02,6.320031E+02,4.089643E-02,5.493687E-02,4.353645E+02,6.087318E+02,2.021924E-02,5.297082E-02,4.738989E+02,5.240055E+02,2.199147E-02,4.554389E-02,4.822422E+02,4.888198E+02,2.237427E-02,4.249239E-02,5.122520E+02,5.721048E+02,2.376038E-02,4.972937E-02,1.348035E+03,1.298889E+03,6.242883E-02,1.128924E-01,8.652114E+02,7.142230E+02,4.011369E-02,6.207760E-02,5.851697E+02,3.584764E+02,2.715508E-02,3.116610E-02,2.095357E+02,1.934796E+02,9.758324E-03,1.684330E-02,6.700577E+02,7.108191E+02,3.108093E-02,6.185847E-02,1.062670E+03,1.283566E+03,4.927952E-02,1.116695E-01
06:50:00,8.879737E+02,6.591347E+02,4.176284E-02,5.781249E-02,4.470514E+02,6.507386E+02,2.103314E-02,5.712741E-02,4.921966E+02,5.463610E+02,2.312775E-02,4.791528E-02,4.990320E+02,5.109548E+02,2.344860E-02,4.481310E-02,5.318979E+02,5.981985E+02,2.498298E-02,5.246476E-02,1.371255E+03,1.358428E+03,6.437938E-02,1.191337E-01,8.758614E+02,7.450111E+02,4.117360E-02,6.534053E-02,5.842311E+02,3.729745E+02,2.750678E-02,3.271814E-02,2.132748E+02,2.067239E+02,1.006431E-02,1.815355E-02,6.747232E+02,7.608539E+02,3.174045E-02,6.679873E-02,1.073971E+03,1.368409E+03,5.050090E-02,1.201124E-01
07:00:00,8.925648E+02,6.861065E+02,4.254885E-02,6.067315E-02,4.575021E+02,6.919285E+02,2.178202E-02,6.123201E-02,5.089916E+02,5.688520E+02,2.418599E-02,5.029646E-02,5.143299E+02,5.327497E+02,2.444552E-02,4.710215E-02,5.499227E+02,6.243748E+02,2.612168E-02,5.520658E-02,1.391963E+03,1.417063E+03,6.619864E-02,1.253012E-01,8.848872E+02,7.761082E+02,4.214770E-02,6.862977E-02,5.824061E+02,3.865467E+02,2.780982E-02,3.418980E-02,2.163855E+02,2.197155E+02,1.033636E-02,1.944681E-02,6.781418E+02,8.100974E+02,3.233354E-02,7.169394E-02,1.083344E+03,1.450845E+03,5.161953E-02,1.283869E-01
07:10:00,9.008707E+02,7.206058E+02,4.373237E-02,6.487053E-02,4.637022E+02,7.397094E+02,2.251190E-02,6.661243E-02,5.171508E+02,5.986741E+02,2.510432E-02,5.389245E-02,5.225106E+02,5.611863E+02,2.536478E-02,5.051609E-02,5.586754E+02,6.585510E+02,2.711901E-02,5.928379E-02,1.407163E+03,1.489315E+03,6.829919E-02,1.340479E-01,8.944424E+02,8.159821E+02,4.341902E-02,7.345505E-02,5.869174E+02,4.036744E+02,2.849455E-02,3.634179E-02,2.191458E+02,2.355245E+02,1.064270E-02,2.121566E-02,6.853002E+02,8.665293E+02,3.326952E-02,7.803359E-02,1.093669E+03,1.544155E+03,5.309010E-02,1.390287E-01
07:20:00,9.273837E+02,7.432463E+02,4.553932E-02,6.803924E-02,4.816549E+02,7.786644E+02,2.365140E-02,7.137414E-02,5.434770E+02,6.182117E+02,2.667328E-02,5.659077E-02,5.485041E+02,5.790139E+02,2.692137E-02,5.299403E-02,5.881112E+02,6.811181E+02,2.885966E-02,6.234965E-02,1.470857E+03,1.533780E+03,7.216579E-02,1.403334E-01,9.268032E+02,8.423132E+02,4.549909E-02,7.710316E-02,5.987665E+02,4.153943E+02,2.941993E-02,3.804294E-02,2.232788E+02,2.494535E+02,1.098049E-02,2.288951E-02,7.049392E+02,9.128840E+02,3.462272E-02,8.367859E-02,1.129457E+03,1.618431E+03,5.545251E-02,1.482894E-01
07:30:00,9.404912E+02,7.707906E+02,4.678193E-02,7.178087E-02,4.894559E+02,8.188499E+02,2.435335E-02,7.633880E-02,5.539012E+02,6.423050E+02,2.755301E-02,5.981914E-02,5.589521E+02,6.009943E+02,2.780463E-02,5.596345E-02,5.995202E+02,7.087445E+02,2.981884E-02,6.600819E-02,1.496556E+03,1.589619E+03,7.440406E-02,1.479551E-01,9.415576E+02,8.747109E+02,4.682975E-02,8.145536E-02,6.052430E+02,4.291042E+02,3.011679E-02,3.997310E-02,2.256262E+02,2.632583E+02,1.123858E-02,2.456896E-02,7.151390E+02,9.607570E+02,3.557861E-02,8.956830E-02,1.145981E+03,1.695925E+03,5.699812E-02,1.580345E-01
07:40:00,9.572800E+02,7.958128E+02,4.815941E-02,7.524727E-02,5.000358E+02,8.559613E+02,2.516017E-02,8.101484E-02,5.686943E+02,6.644081E+02,2.860573E-02,6.282533E-02,5.736462E+02,6.206036E+02,2.885547E-02,5.867344E-02,6.158567E+02,7.341361E+02,3.097437E-02,6.942007E-02,1.532676E+03,1.640120E+03,7.706155E-02,1.550014E-01,9.611252E+02,9.047189E+02,4.834538E-02,8.554258E-02,6.134097E+02,4.419144E+02,3.087276E-02,4.179886E-02,2.285749E+02,2.760546E+02,1.151472E-02,2.615242E-02,7.278766E+02,1.005518E+03,3.662455E-02,9.517152E-02,1.167797E+03,1.767843E+03,5.874343E-02,1.672598E-01
07:50:00,9.742589E+02,8.198263E+02,4.953036E-02,7.860837E-02,5.105641E+02,8.903485E+02,2.595301E-02,8.545117E-02,5.832322E+02,6.859624E+02,2.963283E-02,6.577112E-02,5.880901E+02,6.392841E+02,2.988105E-02,6.128382E-02,6.318653E+02,7.589067E+02,3.209992E-02,7.276610E-02,1.568271E+03,1.688163E+03,7.966948E-02,1.618054E-01,9.806603E+02,9.340242E+02,4.984339E-02,8.955760E-02,6.218033E+02,4.544513E+02,3.162959E-02,4.359221E-02,2.316317E+02,2.879407E+02,1.178979E-02,2.765321E-02,7.407637E+02,1.047618E+03,3.766512E-02,1.005500E-01,1.189700E+03,1.834894E+03,6.047328E-02,1.760649E-01
08:00:00,9.912794E+02,8.431711E+02,5.089108E-02,8.190123E-02,5.210682E+02,9.223486E+02,2.673551E-02,8.968074E-02,5.976734E+02,7.073790E+02,3.064472E-02,6.870055E-02,6.024304E+02,6.572960E+02,3.089119E-02,6.382320E-02,6.477423E+02,7.835132E+02,3.320790E-02,7.609492E-02,1.603614E+03,1.734562E+03,8.224652E-02,1.684507E-01,1.000146E+03,9.632249E+02,5.132654E-02,9.356289E-02,6.303103E+02,4.670310E+02,3.238402E-02,4.538498E-02,2.347585E+02,2.990123E+02,1.206315E-02,2.908113E-02,7.536707E+02,1.087675E+03,3.869678E-02,1.057637E-01,1.211600E+03,1.897916E+03,6.218767E-02,1.845301E-01
08:10:00,9.438939E+02,8.210880E+02,4.871533E-02,8.045808E-02,4.898044E+02,9.178529E+02,2.527974E-02,8.993091E-02,5.582579E+02,6.893012E+02,2.881276E-02,6.754341E-02,5.633809E+02,6.361817E+02,2.907710E-02,6.233869E-02,6.045989E+02,7.646753E+02,3.120445E-02,7.492940E-02,1.514218E+03,1.688773E+03,7.815072E-02,1.654828E-01,9.487525E+02,9.421267E+02,4.896627E-02,9.231860E-02,6.046162E+02,4.562984E+02,3.120440E-02,4.471160E-02,2.225992E+02,2.975142E+02,1.148873E-02,2.914844E-02,7.177529E+02,1.087367E+03,3.704391E-02,1.065406E-01,1.150507E+03,1.890454E+03,5.937907E-02,1.852278E-01
08:20:00,9.414771E+02,8.279276E+02,4.859032E-02,8.113098E-02,4.860887E+02,9.296496E+02,2.508790E-02,9.109412E-02,5.576607E+02,6.974166E+02,2.878189E-02,6.834052E-02,5.626744E+02,6.401141E+02,2.904057E-02,6.272561E-02,6.050559E+02,7.752109E+02,3.122798E-02,7.596385E-02,1.526704E+03,1.709209E+03,7.879486E-02,1.674905E-01,9.495710E+02,9.558780E+02,4.900829E-02,9.366910E-02,5.983932E+02,4.580501E+02,3.088298E-02,4.488533E-02,2.158773E+02,2.987128E+02,1.114176E-02,2.926911E-02,7.140950E+02,1.106938E+03,3.685491E-02,1.084677E-01,1.149363E+03,1.919297E+03,5.931975E-02,1.880701E-01
08:30:00,9.144986E+02,8.190742E+02,4.719795E-02,8.026379E-02,4.665828E+02,9.307893E+02,2.408120E-02,9.120769E-02,5.340722E+02,6.919255E+02,2.756452E-02,6.780268E-02,5.393292E+02,6.295844E+02,2.783576E-02,6.169395E-02,5.795905E+02,7.703616E+02,2.991376E-02,7.548893E-02,1.480065E+03,1.691629E+03,7.638788E-02,1.657685E-01,9.209553E+02,9.520951E+02,4.753144E-02,9.329885E-02,5.825524E+02,4.535872E+02,3.006541E-02,4.444838E-02,2.065900E+02,2.978810E+02,1.066242E-02,2.918844E-02,6.929233E+02,1.115571E+03,3.576223E-02,1.093163E-01,1.114864E+03,1.925970E+03,5.753928E-02,1.887283E-01
08:40:00,8.975683E+02,8.162186E+02,4.632426E-02,7.998380E-02,4.538140E+02,9.337616E+02,2.342225E-02,9.149930E-02,5.193671E+02,6.924230E+02,2.680570E-02,6.785128E-02,5.247396E+02,6.240990E+02,2.708290E-02,6.115625E-02,5.638787E+02,7.720450E+02,2.910300E-02,7.565371E-02,1.453607E+03,1.684513E+03,7.502268E-02,1.650707E-01,9.035578E+02,9.558354E+02,4.663368E-02,9.366520E-02,5.718119E+02,4.518694E+02,2.951111E-02,4.428004E-02,1.996251E+02,2.977256E+02,1.030296E-02,2.917342E-02,6.792932E+02,1.127136E+03,3.505884E-02,1.104501E-01,1.093467E+03,1.936059E+03,5.643507E-02,1.897179E-01
08:50:00,8.833637E+02,8.157163E+02,4.559119E-02,7.993451E-02,4.430349E+02,9.364745E+02,2.286597E-02,9.176522E-02,5.069898E+02,6.954244E+02,2.616696E-02,6.814534E-02,5.124414E+02,6.202883E+02,2.644824E-02,6.078276E-02,5.506249E+02,7.763769E+02,2.841904E-02,7.607813E-02,1.431278E+03,1.679525E+03,7.387045E-02,1.645817E-01,8.889372E+02,9.626667E+02,4.587916E-02,9.433456E-02,5.628523E+02,4.511996E+02,2.904870E-02,4.421442E-02,1.937818E+02,2.977237E+02,1.000137E-02,2.917330E-02,6.678475E+02,1.139212E+03,3.446814E-02,1.116335E-01,1.075453E+03,1.945262E+03,5.550546E-02,1.906199E-01
09:00:00,8.711193E+02,8.170233E+02,4.495926E-02,8.006261E-02,4.337415E+02,9.384185E+02,2.238633E-02,9.195573E-02,4.963204E+02,7.003022E+02,2.561633E-02,6.862335E-02,5.018242E+02,6.176624E+02,2.590031E-02,6.052546E-02,5.391668E+02,7.826702E+02,2.782772E-02,7.669484E-02,1.411793E+03,1.675541E+03,7.286491E-02,1.641913E-01,8.762921E+02,9.717901E+02,4.522656E-02,9.522862E-02,5.552116E+02,4.512139E+02,2.865435E-02,4.421585E-02,1.888179E+02,2.976927E+02,9.745171E-03,2.917028E-02,6.579938E+02,1.151089E+03,3.395959E-02,1.127974E-01,1.059868E+03,1.952536E+03,5.470112E-02,1.913327E-01
09:10:00,8.604143E+02,8.199534E+02,4.440675E-02,8.034980E-02,4.256390E+02,9.393747E+02,2.196815E-02,9.204943E-02,4.870076E+02,7.067197E+02,2.513570E-02,6.925226E-02,4.925442E+02,6.158580E+02,2.542138E-02,6.034868E-02,5.291370E+02,7.905587E+02,2.731009E-02,7.746790E-02,1.394522E+03,1.672345E+03,7.197358E-02,1.638781E-01,8.651946E+02,9.827623E+02,4.465382E-02,9.630388E-02,5.486149E+02,4.517012E+02,2.831388E-02,4.426363E-02,1.845698E+02,2.975355E+02,9.525914E-03,2.915488E-02,6.493984E+02,1.162404E+03,3.351596E-02,1.139063E-01,1.046195E+03,1.957446E+03,5.399541E-02,1.918139E-01
09:20:00,8.509395E+02,8.243505E+02,4.391774E-02,8.078073E-02,4.185039E+02,9.391902E+02,2.159989E-02,9.203133E-02,4.787869E+02,7.144005E+02,2.471143E-02,7.000495E-02,4.843430E+02,6.146502E+02,2.499811E-02,6.023035E-02,5.202599E+02,7.997402E+02,2.685194E-02,7.836764E-02,1.378974E+03,1.669812E+03,7.117116E-02,1.636300E-01,8.553032E+02,9.952447E+02,4.414331E-02,9.752712E-02,5.428554E+02,4.525250E+02,2.801662E-02,4.434437E-02,1.809081E+02,2.971775E+02,9.336924E-03,2.911980E-02,6.418139E+02,1.172876E+03,3.312451E-02,1.149324E-01,1.034054E+03,1.959718E+03,5.336882E-02,1.920364E-01
09:30:00,8.424322E+02,8.302374E+02,4.347866E-02,8.135765E-02,4.121618E+02,9.374765E+02,2.127256E-02,9.186338E-02,4.714421E+02,7.230689E+02,2.433235E-02,7.085440E-02,4.770078E+02,6.139546E+02,2.461953E-02,6.016221E-02,5.123098E+02,8.099079E+02,2.644163E-02,7.936402E-02,1.364855E+03,1.668354E+03,7.044246E-02,1.634871E-01,8.464111E+02,1.009074E+03,4.368437E-02,9.888235E-02,5.377522E+02,4.538257E+02,2.775323E-02,4.447184E-02,1.777287E+02,2.965117E+02,9.172827E-03,2.905456E-02,6.350282E+02,1.181930E+03,3.277429E-02,1.158196E-01,1.023127E+03,1.958716E+03,5.280484E-02,1.919382E-01
09:40:00,8.347376E+02,8.373599E+02,4.308153E-02,8.205564E-02,4.064633E+02,9.342882E+02,2.097845E-02,9.155092E-02,4.648242E+02,7.325126E+02,2.399079E-02,7.177982E-02,4.703947E+02,6.135967E+02,2.427821E-02,6.012717E-02,5.051324E+02,8.208196E+02,2.607119E-02,8.043329E-02,1.351911E+03,1.667582E+03,6.977441E-02,1.634115E-01,8.383377E+02,1.023899E+03,4.326769E-02,1.003351E-01,5.332016E+02,4.553969E+02,2.751836E-02,4.462582E-02,1.749475E+02,2.955104E+02,9.029282E-03,2.895644E-02,6.289159E+02,1.189505E+03,3.245882E-02,1.165618E-01,1.013221E+03,1.954539E+03,5.229359E-02,1.915288E-01
09:50:00,8.277220E+02,8.455316E+02,4.271944E-02,8.285645E-02,4.013149E+02,9.295803E+02,2.071273E-02,9.108957E-02,4.588143E+02,7.425397E+02,2.368061E-02,7.276240E-02,4.643871E+02,6.134557E+02,2.396815E-02,6.011336E-02,4.986038E+02,8.322558E+02,2.573423E-02,8.155394E-02,1.339956E+03,1.667322E+03,6.915738E-02,1.633860E-01,8.309479E+02,1.039452E+03,4.288629E-02,1.018591E-01,5.291097E+02,4.571101E+02,2.730717E-02,4.479371E-02,1.724932E+02,2.941350E+02,8.902610E-03,2.882166E-02,6.233671E+02,1.195441E+03,3.217243E-02,1.171434E-01,1.004174E+03,1.947114E+03,5.182663E-02,1.908012E-01
10:00:00,8.212713E+02,8.545917E+02,4.238650E-02,8.374431E-02,3.966275E+02,9.232832E+02,2.047079E-02,9.047249E-02,4.533100E+02,7.529765E+02,2.339652E-02,7.378512E-02,4.588846E+02,6.134389E+02,2.368415E-02,6.011173E-02,4.926167E+02,8.440202E+02,2.542522E-02,8.270675E-02,1.328829E+03,1.667433E+03,6.858310E-02,1.633969E-01,8.241276E+02,1.055511E+03,4.253427E-02,1.034328E-01,5.253976E+02,4.589047E+02,2.711559E-02,4.496957E-02,1.703157E+02,2.923506E+02,8.790223E-03,2.864681E-02,6.182881E+02,1.199576E+03,3.191029E-02,1.175486E-01,9.958432E+02,1.936322E+03,5.139667E-02,1.897436E-01
10:10:00,8.152937E+02,8.642450E+02,4.207799E-02,8.469028E-02,3.923274E+02,9.153215E+02,2.024885E-02,8.969230E-02,4.482283E+02,7.636660E+02,2.313424E-02,7.483259E-02,4.538053E+02,6.135473E+02,2.342199E-02,6.012236E-02,4.870838E+02,8.559374E+02,2.513966E-02,8.387453E-02,1.318402E+03,1.667863E+03,6.804492E-02,1.634390E-01,8.177846E+02,1.071868E+03,4.220690E-02,1.050357E-01,5.220015E+02,4.607696E+02,2.694031E-02,4.515231E-02,1.683695E+02,2.901286E+02,8.689773E-03,2.842908E-02,6.136028E+02,1.201726E+03,3.166848E-02,1.177592E-01,9.881155E+02,1.922037E+03,5.099782E-02,1.883437E-01
10:20:00,8.097167E+02,8.742506E+02,4.179015E-02,8.567077E-02,3.883557E+02,9.056262E+02,2.004386E-02,8.874223E-02,4.435037E+02,7.744678E+02,2.289039E-02,7.589106E-02,4.490844E+02,6.137411E+02,2.317833E-02,6.014135E-02,4.819358E+02,8.678517E+02,2.487396E-02,8.504201E-02,1.308573E+03,1.668537E+03,6.753762E-02,1.635051E-01,8.118469E+02,1.088323E+03,4.190044E-02,1.066482E-01,5.188708E+02,4.626880E+02,2.677873E-02,4.534031E-02,1.666173E+02,2.874437E+02,8.599339E-03,2.816598E-02,6.092511E+02,1.201697E+03,3.144388E-02,1.177563E-01,9.809006E+02,1.904137E+03,5.062544E-02,1.865895E-01
10:30:00,8.044828E+02,8.841982E+02,4.152001E-02,8.664556E-02,3.846646E+02,8.943896E+02,1.985336E-02,8.764113E-02,4.390835E+02,7.852883E+02,2.266225E-02,7.695136E-02,4.446697E+02,6.139240E+02,2.295048E-02,6.015928E-02,4.771172E+02,8.796618E+02,2.462526E-02,8.619927E-02,1.299262E+03,1.668878E+03,6.705707E-02,1.635386E-01,8.062569E+02,1.104601E+03,4.161193E-02,1.082433E-01,5.159650E+02,4.643989E+02,2.662876E-02,4.550796E-02,1.650288E+02,2.843160E+02,8.517348E-03,2.785950E-02,6.051844E+02,1.199664E+03,3.123399E-02,1.175571E-01,9.741261E+02,1.882905E+03,5.027580E-02,1.845089E-01
10:40:00,7.995456E+02,8.939517E+02,4.126520E-02,8.760132E-02,3.812151E+02,8.814096E+02,1.967532E-02,8.636920E-02,4.349253E+02,7.960114E+02,2.244763E-02,7.800211E-02,4.405191E+02,6.141021E+02,2.273626E-02,6.017673E-02,4.725827E+02,8.912458E+02,2.439122E-02,8.733438E-02,1.290405E+03,1.669133E+03,6.659995E-02,1.635635E-01,8.009687E+02,1.120639E+03,4.133899E-02,1.098148E-01,5.132515E+02,4.660142E+02,2.648871E-02,4.566624E-02,1.635788E+02,2.807053E+02,8.442511E-03,2.750569E-02,6.013637E+02,1.195329E+03,3.103679E-02,1.171322E-01,9.677339E+02,1.857992E+03,4.994588E-02,1.820676E-01
10:50:00,7.948609E+02,9.033612E+02,4.102341E-02,8.852337E-02,3.779697E+02,8.666360E+02,1.950781E-02,8.492152E-02,4.309878E+02,8.065394E+02,2.224441E-02,7.903374E-02,4.365914E+02,6.142829E+02,2.253353E-02,6.019445E-02,4.682881E+02,9.025003E+02,2.416956E-02,8.843718E-02,1.281937E+03,1.669356E+03,6.616288E-02,1.635853E-01,7.959373E+02,1.136366E+03,4.107931E-02,1.113560E-01,5.107005E+02,4.675891E+02,2.635705E-02,4.582056E-02,1.622447E+02,2.765993E+02,8.373654E-03,2.710335E-02,5.977518E+02,1.188560E+03,3.085038E-02,1.164688E-01,9.616675E+02,1.829322E+03,4.963278E-02,1.792581E-01
11:00:00,7.903997E+02,9.122991E+02,4.079316E-02,8.939919E-02,3.749032E+02,8.501269E+02,1.934954E-02,8.330378E-02,4.272445E+02,8.167841E+02,2.205120E-02,8.003760E-02,4.328598E+02,6.144419E+02,2.234093E-02,6.021003E-02,4.642050E+02,9.133291E+02,2.395882E-02,8.949828E-02,1.273818E+03,1.669592E+03,6.574383E-02,1.636085E-01,7.911340E+02,1.151675E+03,4.083140E-02,1.128560E-01,5.082911E+02,4.691281E+02,2.623270E-02,4.597137E-02,1.610098E+02,2.720074E+02,8.309918E-03,2.665339E-02,5.943239E+02,1.179363E+03,3.067345E-02,1.155675E-01,9.558902E+02,1.797032E+03,4.933460E-02,1.760940E-01
11:10:00,7.861396E+02,9.205642E+02,4.057329E-02,9.020908E-02,3.719957E+02,8.320389E+02,1.919948E-02,8.153132E-02,4.236747E+02,8.266550E+02,2.186695E-02,8.100482E-02,4.293036E+02,6.145260E+02,2.215739E-02,6.021827E-02,4.603113E+02,9.236326E+02,2.375786E-02,9.050790E-02,1.266018E+03,1.669766E+03,6.534127E-02,1.636255E-01,7.865370E+02,1.166413E+03,4.059414E-02,1.143002E-01,5.060072E+02,4.705562E+02,2.611482E-02,4.611131E-02,1.598608E+02,2.669534E+02,8.250618E-03,2.615816E-02,5.910604E+02,1.167852E+03,3.050502E-02,1.144396E-01,9.503735E+02,1.761477E+03,4.904988E-02,1.726098E-01
11:20:00,7.820612E+02,9.280479E+02,4.036280E-02,9.094240E-02,3.692301E+02,8.126785E+02,1.905674E-02,7.963418E-02,4.202606E+02,8.360753E+02,2.169074E-02,8.192789E-02,4.259049E+02,6.145218E+02,2.198197E-02,6.021786E-02,4.565878E+02,9.333274E+02,2.356567E-02,9.145786E-02,1.258510E+03,1.669898E+03,6.495379E-02,1.636384E-01,7.821269E+02,1.180489E+03,4.036652E-02,1.156795E-01,5.038348E+02,4.721333E+02,2.600271E-02,4.626585E-02,1.587866E+02,2.615017E+02,8.195177E-03,2.562397E-02,5.879446E+02,1.154356E+03,3.034421E-02,1.131170E-01,9.450927E+02,1.723323E+03,4.877732E-02,1.688709E-01
11:30:00,7.781483E+02,9.347080E+02,4.016084E-02,9.159500E-02,3.665920E+02,7.925353E+02,1.892057E-02,7.766034E-02,4.169873E+02,8.449800E+02,2.152180E-02,8.280044E-02,4.226485E+02,6.144016E+02,2.181390E-02,6.020608E-02,4.530182E+02,9.423462E+02,2.338144E-02,9.234159E-02,1.251272E+03,1.670015E+03,6.458021E-02,1.636499E-01,7.778875E+02,1.193801E+03,4.014772E-02,1.169840E-01,5.017628E+02,4.742449E+02,2.589577E-02,4.647276E-02,1.577778E+02,2.557648E+02,8.143110E-03,2.506182E-02,5.849625E+02,1.139391E+03,3.019030E-02,1.116505E-01,9.400267E+02,1.683616E+03,4.851586E-02,1.649800E-01
11:40:00,7.743870E+02,9.410346E+02,3.996672E-02,9.221492E-02,3.640690E+02,7.722924E+02,1.879036E-02,7.567674E-02,4.138422E+02,8.533095E+02,2.135947E-02,8.361662E-02,4.195215E+02,6.141721E+02,2.165251E-02,6.018358E-02,4.495889E+02,9.506326E+02,2.320444E-02,9.315354E-02,1.244284E+03,1.670163E+03,6.421952E-02,1.636644E-01,7.738052E+02,1.206290E+03,3.993703E-02,1.182077E-01,4.997813E+02,4.772384E+02,2.579350E-02,4.676611E-02,1.568267E+02,2.499063E+02,8.094017E-03,2.448776E-02,5.821022E+02,1.123730E+03,3.004267E-02,1.101159E-01,9.351577E+02,1.643807E+03,4.826456E-02,1.610791E-01
11:50:00,7.707658E+02,9.479998E+02,3.977982E-02,9.289743E-02,3.616509E+02,7.528312E+02,1.866555E-02,7.376975E-02,4.108146E+02,8.610094E+02,2.120321E-02,8.437110E-02,4.165132E+02,6.138202E+02,2.149724E-02,6.014910E-02,4.462883E+02,9.581416E+02,2.303408E-02,9.388932E-02,1.237528E+03,1.670406E+03,6.387086E-02,1.636883E-01,7.698683E+02,1.217873E+03,3.973384E-02,1.193427E-01,4.978825E+02,4.814272E+02,2.569550E-02,4.717660E-02,1.559265E+02,2.441434E+02,8.047560E-03,2.392306E-02,5.793537E+02,1.108382E+03,2.990082E-02,1.086119E-01,9.304705E+02,1.605762E+03,4.802264E-02,1.573509E-01
12:00:00,7.672746E+02,9.564638E+02,3.959963E-02,9.372683E-02,3.593289E+02,7.351125E+02,1.854571E-02,7.203352E-02,4.078956E+02,8.680346E+02,2.105255E-02,8.505948E-02,4.136144E+02,6.133674E+02,2.134763E-02,6.010473E-02,4.431065E+02,9.648441E+02,2.286986E-02,9.454607E-02,1.230991E+03,1.671393E+03,6.353347E-02,1.637849E-01,7.660670E+02,1.229054E+03,3.953764E-02,1.204383E-01,4.960596E+02,4.870908E+02,2.560142E-02,4.773161E-02,1.550720E+02,2.387632E+02,8.003455E-03,2.339588E-02,5.767083E+02,1.094460E+03,2.976429E-02,1.072476E-01,9.259521E+02,1.571514E+03,4.778944E-02,1.539950E-01
12:10:00,7.639048E+02,9.673407E+02,3.942572E-02,9.479269E-02,3.570954E+02,7.195051E+02,1.843043E-02,7.050419E-02,4.050774E+02,8.743606E+02,2.090709E-02,8.567934E-02,4.108172E+02,6.128233E+02,2.120325E-02,6.005140E-02,4.400350E+02,9.707352E+02,2.271133E-02,9.512330E-02,1.224660E+03,1.674026E+03,6.320670E-02,1.640430E-01,7.623924E+02,1.240551E+03,3.934799E-02,1.215649E-01,4.943067E+02,4.945099E+02,2.551095E-02,4.845865E-02,1.542584E+02,2.339382E+02,7.961464E-03,2.292310E-02,5.741588E+02,1.082393E+03,2.963270E-02,1.060653E-01,9.215913E+02,1.541828E+03,4.756437E-02,1.510861E-01
12:20:00,7.606490E+02,9.813507E+02,3.925768E-02,9.616560E-02,3.549438E+02,7.061763E+02,1.831938E-02,6.919815E-02,4.023534E+02,8.799758E+02,2.076650E-02,8.622954E-02,4.081148E+02,6.122115E+02,2.106377E-02,5.999145E-02,4.370666E+02,9.758197E+02,2.255812E-02,9.562150E-02,1.218523E+03,1.679019E+03,6.288996E-02,1.645323E-01,7.588371E+02,1.252995E+03,3.916449E-02,1.227843E-01,4.926189E+02,5.036146E+02,2.542385E-02,4.935088E-02,1.534818E+02,2.297991E+02,7.921384E-03,2.251753E-02,5.716987E+02,1.072360E+03,2.950573E-02,1.050822E-01,9.173782E+02,1.517024E+03,4.734692E-02,1.486556E-01
12:30:00,7.575005E+02,9.990658E+02,3.909518E-02,9.790161E-02,3.528687E+02,6.950872E+02,1.821228E-02,6.811159E-02,3.997177E+02,8.848562E+02,2.063046E-02,8.670774E-02,4.055012E+02,6.115547E+02,2.092888E-02,5.992709E-02,4.341948E+02,9.800755E+02,2.240990E-02,9.603849E-02,1.212571E+03,1.686962E+03,6.258274E-02,1.653107E-01,7.553944E+02,1.266926E+03,3.898681E-02,1.241494E-01,4.909919E+02,5.141816E+02,2.533988E-02,5.038641E-02,1.527390E+02,2.264234E+02,7.883043E-03,2.218677E-02,5.693224E+02,1.064289E+03,2.938309E-02,1.042913E-01,9.133042E+02,1.497001E+03,4.713666E-02,1.466936E-01
12:40:00,7.544535E+02,1.020442E+03,3.893792E-02,9.999639E-02,3.508650E+02,6.859635E+02,1.810886E-02,6.721761E-02,3.971652E+02,8.889991E+02,2.049872E-02,8.711367E-02,4.029711E+02,6.108737E+02,2.079830E-02,5.986036E-02,4.314140E+02,9.834962E+02,2.226638E-02,9.637366E-02,1.206794E+03,1.698314E+03,6.228458E-02,1.664232E-01,7.520585E+02,1.282788E+03,3.881464E-02,1.257037E-01,4.894219E+02,5.259878E+02,2.525885E-02,5.154337E-02,1.520269E+02,2.238240E+02,7.846292E-03,2.193207E-02,5.670251E+02,1.057828E+03,2.926452E-02,1.036582E-01,9.093616E+02,1.481166E+03,4.693317E-02,1.451422E-01
12:50:00,7.515028E+02,1.044830E+03,3.878563E-02,1.023863E-01,3.489284E+02,6.782852E+02,1.800891E-02,6.646527E-02,3.946915E+02,8.923998E+02,2.037104E-02,8.744688E-02,4.005201E+02,6.101852E+02,2.067179E-02,5.979289E-02,4.287192E+02,9.860636E+02,2.212729E-02,9.662521E-02,1.201184E+03,1.713405E+03,6.199506E-02,1.679021E-01,7.488240E+02,1.300919E+03,3.864770E-02,1.274804E-01,4.879056E+02,5.388090E+02,2.518059E-02,5.279977E-02,1.513432E+02,2.219453E+02,7.811004E-03,2.174800E-02,5.648023E+02,1.052333E+03,2.914980E-02,1.031198E-01,9.055435E+02,1.468408E+03,4.673612E-02,1.438921E-01
13:00:00,7.486436E+02,1.071567E+03,3.863806E-02,1.050064E-01,3.470550E+02,6.713719E+02,1.791222E-02,6.578789E-02,3.922924E+02,8.950538E+02,2.024722E-02,8.770692E-02,3.981438E+02,6.094987E+02,2.054914E-02,5.972562E-02,4.261059E+02,9.877519E+02,2.199241E-02,9.679062E-02,1.195735E+03,1.731878E+03,6.171380E-02,1.697124E-01,7.456862E+02,1.321006E+03,3.848575E-02,1.294489E-01,4.864400E+02,5.524233E+02,2.510495E-02,5.413389E-02,1.506857E+02,2.206382E+02,7.777071E-03,2.161993E-02,5.626502E+02,1.046968E+03,2.903873E-02,1.025941E-01,9.018438E+02,1.457274E+03,4.654517E-02,1.428011E-01
13:10:00,7.458717E+02,1.099964E+03,3.849500E-02,1.077891E-01,3.452414E+02,6.650167E+02,1.781862E-02,6.516518E-02,3.899643E+02,8.969460E+02,2.012706E-02,8.789231E-02,3.958387E+02,6.088445E+02,2.043017E-02,5.966152E-02,4.235703E+02,9.885207E+02,2.186154E-02,9.686593E-02,1.190438E+03,1.753073E+03,6.144045E-02,1.717894E-01,7.426406E+02,1.342490E+03,3.832856E-02,1.315541E-01,4.850225E+02,5.666478E+02,2.503179E-02,5.552778E-02,1.500526E+02,2.198361E+02,7.744396E-03,2.154135E-02,5.605652E+02,1.041456E+03,2.893112E-02,1.020540E-01,8.982569E+02,1.447371E+03,4.636004E-02,1.418308E-01
13:20:00,7.431832E+02,1.129390E+03,3.835624E-02,1.106727E-01,3.434845E+02,6.590925E+02,1.772794E-02,6.458469E-02,3.877040E+02,8.980541E+02,2.001040E-02,8.800087E-02,3.936013E+02,6.082298E+02,2.031469E-02,5.960128E-02,4.211086E+02,9.883263E+02,2.173449E-02,9.684685E-02,1.185289E+03,1.776387E+03,6.117468E-02,1.740741E-01,7.396833E+02,1.364802E+03,3.817593E-02,1.337405E-01,4.836506E+02,5.812984E+02,2.496099E-02,5.696342E-02,1.494423E+02,2.194771E+02,7.712895E-03,2.150618E-02,5.585441E+02,1.035632E+03,2.882681E-02,1.014833E-01,8.947776E+02,1.438407E+03,4.618047E-02,1.409525E-01
13:30:00,7.405744E+02,1.159267E+03,3.822160E-02,1.136004E-01,3.417816E+02,6.534754E+02,1.764005E-02,6.403430E-02,3.855084E+02,8.983649E+02,1.989708E-02,8.803130E-02,3.914285E+02,6.076499E+02,2.020255E-02,5.954446E-02,4.187175E+02,9.871478E+02,2.161107E-02,9.673134E-02,1.180281E+03,1.801247E+03,6.091620E-02,1.765103E-01,7.368106E+02,1.387385E+03,3.802767E-02,1.359535E-01,4.823223E+02,5.962246E+02,2.489243E-02,5.842607E-02,1.488533E+02,2.195098E+02,7.682495E-03,2.150940E-02,5.565841E+02,1.029336E+03,2.872565E-02,1.008664E-01,8.914013E+02,1.430170E+03,4.600621E-02,1.401453E-01
13:40:00,7.380421E+02,1.189085E+03,3.809090E-02,1.165223E-01,3.401300E+02,6.481076E+02,1.755480E-02,6.350832E-02,3.833748E+02,8.978476E+02,1.978695E-02,8.798059E-02,3.893177E+02,6.070946E+02,2.009360E-02,5.949004E-02,4.163940E+02,9.849520E+02,2.149115E-02,9.651615E-02,1.175409E+03,1.827121E+03,6.066473E-02,1.790458E-01,7.340190E+02,1.409717E+03,3.788359E-02,1.381418E-01,4.810354E+02,6.113140E+02,2.482602E-02,5.990470E-02,1.482843E+02,2.198940E+02,7.653130E-03,2.154706E-02,5.546824E+02,1.022480E+03,2.862750E-02,1.001945E-01,8.881236E+02,1.422486E+03,4.583705E-02,1.393924E-01
13:50:00,7.355832E+02,1.218412E+03,3.796399E-02,1.193961E-01,3.385274E+02,6.429055E+02,1.747209E-02,6.299858E-02,3.813006E+02,8.964728E+02,1.967990E-02,8.784585E-02,3.872662E+02,6.065497E+02,1.998772E-02,5.943665E-02,4.141353E+02,9.817149E+02,2.137458E-02,9.619892E-02,1.170667E+03,1.853543E+03,6.042000E-02,1.816350E-01,7.313055E+02,1.431343E+03,3.774354E-02,1.402609E-01,4.797883E+02,6.264117E+02,2.476165E-02,6.138413E-02,1.477343E+02,2.205980E+02,7.624742E-03,2.161604E-02,5.528365E+02,1.014985E+03,2.853223E-02,9.946013E-02,8.849405E+02,1.415212E+03,4.567276E-02,1.386797E-01
14:00:00,7.331947E+02,1.246898E+03,3.784072E-02,1.221874E-01,3.369718E+02,6.378404E+02,1.739180E-02,6.250226E-02,3.792835E+02,8.942131E+02,1.957579E-02,8.762440E-02,3.852715E+02,6.059995E+02,1.988477E-02,5.938274E-02,4.119389E+02,9.774203E+02,2.126121E-02,9.577806E-02,1.166051E+03,1.880110E+03,6.018176E-02,1.842383E-01,7.286669E+02,1.451884E+03,3.760736E-02,1.422737E-01,4.785791E+02,6.413247E+02,2.469924E-02,6.284546E-02,1.472022E+02,2.215986E+02,7.597278E-03,2.171410E-02,5.510442E+02,1.006795E+03,2.843973E-02,9.865759E-02,8.818482E+02,1.408228E+03,4.551316E-02,1.379953E-01
14:10:00,7.308740E+02,1.274242E+03,3.772094E-02,1.248668E-01,3.354611E+02,6.328815E+02,1.731383E-02,6.201635E-02,3.773212E+02,8.910415E+02,1.947451E-02,8.731359E-02,3.833315E+02,6.053944E+02,1.978464E-02,5.932344E-02,4.098022E+02,9.720555E+02,2.115093E-02,9.525234E-02,1.161557E+03,1.906394E+03,5.994980E-02,1.868140E-01,7.261006E+02,1.470995E+03,3.747490E-02,1.441464E-01,4.774064E+02,6.558498E+02,2.463872E-02,6.426877E-02,1.466870E+02,2.228788E+02,7.570691E-03,2.183954E-02,5.493034E+02,9.978766E+02,2.834988E-02,9.778362E-02,8.788432E+02,1.401412E+03,4.535807E-02,1.373274E-01
14:20:00,7.286185E+02,1.300726E+03,3.760454E-02,1.274619E-01,3.339936E+02,6.278522E+02,1.723809E-02,6.152354E-02,3.754118E+02,8.869558E+02,1.937596E-02,8.691321E-02,3.814441E+02,6.046260E+02,1.968723E-02,5.924815E-02,4.077231E+02,9.656364E+02,2.104362E-02,9.462331E-02,1.157179E+03,1.932013E+03,5.972388E-02,1.893244E-01,7.236038E+02,1.488757E+03,3.734604E-02,1.458869E-01,4.762685E+02,6.698980E+02,2.457999E-02,6.564535E-02,1.461881E+02,2.244434E+02,7.544939E-03,2.199286E-02,5.476119E+02,9.880214E+02,2.826258E-02,9.681789E-02,8.759223E+02,1.394256E+03,4.520731E-02,1.366261E-01
14:30:00,7.264258E+02,1.325940E+03,3.749137E-02,1.299326E-01,3.325674E+02,6.228396E+02,1.716448E-02,6.103236E-02,3.735532E+02,8.819275E+02,1.928004E-02,8.642047E-02,3.796074E+02,6.037175E+02,1.959243E-02,5.915912E-02,4.056994E+02,9.581452E+02,2.093917E-02,9.388922E-02,1.152915E+03,1.956774E+03,5.950380E-02,1.917507E-01,7.211742E+02,1.504807E+03,3.722064E-02,1.474595E-01,4.751643E+02,6.833060E+02,2.452300E-02,6.695918E-02,1.457045E+02,2.262884E+02,7.519982E-03,2.217366E-02,5.459681E+02,9.773263E+02,2.817774E-02,9.576985E-02,8.730823E+02,1.386954E+03,4.506074E-02,1.359106E-01
14:40:00,7.242938E+02,1.349683E+03,3.738133E-02,1.322591E-01,3.311810E+02,6.178321E+02,1.709293E-02,6.054167E-02,3.717437E+02,8.759588E+02,1.918664E-02,8.583557E-02,3.778194E+02,6.026630E+02,1.950015E-02,5.905579E-02,4.037291E+02,9.495970E+02,2.083748E-02,9.305156E-02,1.148761E+03,1.980537E+03,5.928937E-02,1.940792E-01,7.188093E+02,1.518967E+03,3.709859E-02,1.488470E-01,4.740924E+02,6.959032E+02,2.446768E-02,6.819356E-02,1.452357E+02,2.284131E+02,7.495784E-03,2.238185E-02,5.443699E+02,9.658142E+02,2.809526E-02,9.464175E-02,8.703203E+02,1.379538E+03,4.491818E-02,1.351840E-01
14:50:00,7.222201E+02,1.371821E+03,3.727431E-02,1.344284E-01,3.298330E+02,6.128496E+02,1.702335E-02,6.005344E-02,3.699816E+02,8.690745E+02,1.909569E-02,8.516097E-02,3.760786E+02,6.014520E+02,1.941030E-02,5.893712E-02,4.018104E+02,9.400342E+02,2.073845E-02,9.211449E-02,1.144712E+03,2.003164E+03,5.908040E-02,1.962965E-01,7.165069E+02,1.531161E+03,3.697976E-02,1.500419E-01,4.730515E+02,7.076177E+02,2.441396E-02,6.934145E-02,1.447809E+02,2.308216E+02,7.472312E-03,2.261787E-02,5.428160E+02,9.535229E+02,2.801506E-02,9.343731E-02,8.676335E+02,1.371994E+03,4.477952E-02,1.344448E-01
15:00:00,7.202029E+02,1.392267E+03,3.717020E-02,1.364319E-01,3.285219E+02,6.078700E+02,1.695568E-02,5.956550E-02,3.682652E+02,8.613221E+02,1.900710E-02,8.440129E-02,3.743832E+02,6.000751E+02,1.932279E-02,5.880219E-02,3.999415E+02,9.295241E+02,2.064199E-02,9.108458E-02,1.140765E+03,2.024520E+03,5.887670E-02,1.983891E-01,7.142649E+02,1.541354E+03,3.686405E-02,1.510406E-01,4.720405E+02,7.184316E+02,2.436178E-02,7.040107E-02,1.443396E+02,2.335196E+02,7.449535E-03,2.288224E-02,5.413045E+02,9.405072E+02,2.793705E-02,9.216188E-02,8.650194E+02,1.364302E+03,4.464460E-02,1.336910E-01
15:10:00,7.182402E+02,1.410936E+03,3.706890E-02,1.382612E-01,3.272463E+02,6.029074E+02,1.688985E-02,5.907922E-02,3.665929E+02,8.527635E+02,1.892079E-02,8.356261E-02,3.727316E+02,5.985198E+02,1.923755E-02,5.864978E-02,3.981207E+02,9.181483E+02,2.054802E-02,8.996984E-02,1.136917E+03,2.044501E+03,5.867812E-02,2.003470E-01,7.120814E+02,1.549540E+03,3.675135E-02,1.518428E-01,4.710584E+02,7.282886E+02,2.431110E-02,7.136693E-02,1.439112E+02,2.365063E+02,7.427426E-03,2.317490E-02,5.398342E+02,9.268408E+02,2.786116E-02,9.082269E-02,8.624754E+02,1.356460E+03,4.451330E-02,1.329225E-01
15:20:00,7.163301E+02,1.427291E+03,3.697031E-02,1.398638E-01,3.260051E+02,5.981115E+02,1.682578E-02,5.860928E-02,3.649634E+02,8.434842E+02,1.883669E-02,8.265332E-02,3.711226E+02,5.968657E+02,1.915450E-02,5.848769E-02,3.963464E+02,9.060142E+02,2.045644E-02,8.878081E-02,1.133166E+03,2.063082E+03,5.848448E-02,2.021678E-01,7.099543E+02,1.555452E+03,3.664157E-02,1.524220E-01,4.701041E+02,7.370884E+02,2.426184E-02,7.222919E-02,1.434952E+02,2.397630E+02,7.405957E-03,2.349402E-02,5.384034E+02,9.128033E+02,2.778732E-02,8.944713E-02,8.599991E+02,1.348916E+03,4.438549E-02,1.321833E-01
15:30:00,7.144708E+02,1.441537E+03,3.687436E-02,1.412597E-01,3.247971E+02,5.933994E+02,1.676343E-02,5.814754E-02,3.633752E+02,8.336384E+02,1.875472E-02,8.168851E-02,3.695545E+02,5.950672E+02,1.907357E-02,5.831145E-02,3.946171E+02,8.933084E+02,2.036718E-02,8.753575E-02,1.129507E+03,2.080101E+03,5.829564E-02,2.038354E-01,7.078818E+02,1.559373E+03,3.653460E-02,1.528062E-01,4.691765E+02,7.447895E+02,2.421397E-02,7.298379E-02,1.430912E+02,2.432585E+02,7.385103E-03,2.383653E-02,5.370110E+02,8.984406E+02,2.771545E-02,8.803971E-02,8.575884E+02,1.341394E+03,4.426107E-02,1.314462E-01
15:40:00,7.126608E+02,1.453765E+03,3.678094E-02,1.424578E-01,3.236210E+02,5.887442E+02,1.670273E-02,5.769139E-02,3.618269E+02,8.233945E+02,1.867481E-02,8.068471E-02,3.680261E+02,5.931125E+02,1.899469E-02,5.811991E-02,3.929313E+02,8.802306E+02,2.028018E-02,8.625425E-02,1.125938E+03,2.095416E+03,5.811144E-02,2.053361E-01,7.058623E+02,1.561506E+03,3.643037E-02,1.530151E-01,4.682749E+02,7.513565E+02,2.416744E-02,7.362726E-02,1.426986E+02,2.469051E+02,7.364842E-03,2.419386E-02,5.356555E+02,8.838711E+02,2.764550E-02,8.661203E-02,8.552410E+02,1.333786E+03,4.413992E-02,1.307007E-01
15:50:00,7.108984E+02,1.464034E+03,3.668998E-02,1.434640E-01,3.224759E+02,5.841317E+02,1.664363E-02,5.723942E-02,3.603174E+02,8.129473E+02,1.859690E-02,7.966099E-02,3.665362E+02,5.909992E+02,1.891779E-02,5.791283E-02,3.912877E+02,8.670057E+02,2.019534E-02,8.495833E-02,1.122456E+03,2.108883E+03,5.793175E-02,2.066556E-01,7.038940E+02,1.562035E+03,3.632878E-02,1.530669E-01,4.673983E+02,7.567261E+02,2.412220E-02,7.415340E-02,1.423171E+02,2.504772E+02,7.345151E-03,2.454389E-02,5.343359E+02,8.692508E+02,2.757739E-02,8.517937E-02,8.529550E+02,1.326037E+03,4.402193E-02,1.299413E-01
16:00:00,7.091821E+02,1.472409E+03,3.660140E-02,1.442847E-01,3.213607E+02,5.795478E+02,1.658607E-02,5.679024E-02,3.588455E+02,8.025188E+02,1.852093E-02,7.863909E-02,3.650835E+02,5.887284E+02,1.884281E-02,5.769030E-02,3.896849E+02,8.538863E+02,2.011262E-02,8.367277E-02,1.119059E+03,2.120378E+03,5.775643E-02,2.077820E-01,7.019753E+02,1.561184E+03,3.622976E-02,1.529834E-01,4.665459E+02,7.608446E+02,2.407820E-02,7.455693E-02,1.419462E+02,2.537520E+02,7.326010E-03,2.486477E-02,5.330508E+02,8.547596E+02,2.751107E-02,8.375937E-02,8.507283E+02,1.318099E+03,4.390701E-02,1.291635E-01
16:10:00,7.075104E+02,1.479122E+03,3.651512E-02,1.449423E-01,3.202744E+02,5.749743E+02,1.653001E-02,5.634209E-02,3.574098E+02,7.923515E+02,1.844683E-02,7.764281E-02,3.636668E+02,5.864541E+02,1.876969E-02,5.746744E-02,3.881217E+02,8.411461E+02,2.003194E-02,8.242436E-02,1.115744E+03,2.129769E+03,5.758534E-02,2.087022E-01,7.001047E+02,1.559240E+03,3.613321E-02,1.527929E-01,4.657168E+02,7.636955E+02,2.403541E-02,7.483626E-02,1.415856E+02,2.565890E+02,7.307398E-03,2.514275E-02,5.317993E+02,8.405888E+02,2.744647E-02,8.237076E-02,8.485590E+02,1.309917E+03,4.379505E-02,1.283618E-01
16:20:00,7.058819E+02,1.484350E+03,3.643107E-02,1.454546E-01,3.192162E+02,5.703880E+02,1.647539E-02,5.589269E-02,3.560094E+02,7.827265E+02,1.837455E-02,7.669966E-02,3.622851E+02,5.842944E+02,1.869838E-02,5.725581E-02,3.865968E+02,8.291017E+02,1.995324E-02,8.124413E-02,1.112509E+03,2.137213E+03,5.741836E-02,2.094315E-01,6.982807E+02,1.556497E+03,3.603907E-02,1.525240E-01,4.649102E+02,7.653551E+02,2.399379E-02,7.499885E-02,1.412350E+02,2.588588E+02,7.289299E-03,2.536516E-02,5.305802E+02,8.269577E+02,2.738355E-02,8.103505E-02,8.464454E+02,1.301531E+03,4.368596E-02,1.275400E-01
16:30:00,7.042953E+02,1.488157E+03,3.634919E-02,1.458276E-01,3.181851E+02,5.657737E+02,1.642217E-02,5.544054E-02,3.546432E+02,7.737793E+02,1.830403E-02,7.582294E-02,3.609373E+02,5.823700E+02,1.862881E-02,5.706724E-02,3.851092E+02,8.179066E+02,1.987645E-02,8.014714E-02,1.109351E+03,2.143143E+03,5.725538E-02,2.100126E-01,6.965019E+02,1.553041E+03,3.594727E-02,1.521854E-01,4.641255E+02,7.660318E+02,2.395329E-02,7.506512E-02,1.408938E+02,2.604585E+02,7.271693E-03,2.552189E-02,5.293926E+02,8.139718E+02,2.732226E-02,7.976256E-02,8.443858E+02,1.293091E+03,4.357966E-02,1.267129E-01
16:40:00,7.027493E+02,1.490490E+03,3.626939E-02,1.460562E-01,3.171803E+02,5.611200E+02,1.637031E-02,5.498453E-02,3.533101E+02,7.655427E+02,1.823523E-02,7.501586E-02,3.596223E+02,5.807376E+02,1.856095E-02,5.690729E-02,3.836576E+02,8.075994E+02,1.980153E-02,7.913717E-02,1.106269E+03,2.147875E+03,5.709628E-02,2.104762E-01,6.947670E+02,1.548787E+03,3.585773E-02,1.517685E-01,4.633620E+02,7.659027E+02,2.391388E-02,7.505244E-02,1.405619E+02,2.612697E+02,7.254563E-03,2.560137E-02,5.282353E+02,8.016489E+02,2.726253E-02,7.855505E-02,8.423784E+02,1.284729E+03,4.347606E-02,1.258935E-01
16:50:00,7.012427E+02,1.491228E+03,3.619163E-02,1.461285E-01,3.162009E+02,5.564163E+02,1.631976E-02,5.452361E-02,3.520092E+02,7.579831E+02,1.816809E-02,7.427511E-02,3.583393E+02,5.793987E+02,1.849472E-02,5.677609E-02,3.822411E+02,7.981437E+02,1.972842E-02,7.821063E-02,1.103259E+03,2.151675E+03,5.694094E-02,2.108485E-01,6.930747E+02,1.543557E+03,3.577038E-02,1.512560E-01,4.626189E+02,7.651128E+02,2.387553E-02,7.497501E-02,1.402390E+02,2.608861E+02,7.237895E-03,2.556376E-02,5.271076E+02,7.899505E+02,2.720433E-02,7.740874E-02,8.404218E+02,1.276557E+03,4.337507E-02,1.250928E-01
17:00:00,6.997742E+02,1.489653E+03,3.611584E-02,1.459741E-01,3.152462E+02,5.515024E+02,1.627049E-02,5.404210E-02,3.507396E+02,7.508564E+02,1.810256E-02,7.357679E-02,3.570871E+02,5.783094E+02,1.843010E-02,5.666936E-02,3.808585E+02,7.892708E+02,1.965706E-02,7.734120E-02,1.100320E+03,2.153822E+03,5.678926E-02,2.110588E-01,6.914237E+02,1.536387E+03,3.568517E-02,1.505534E-01,4.618956E+02,7.633273E+02,2.383820E-02,7.480003E-02,1.399247E+02,2.588585E+02,7.221673E-03,2.536506E-02,5.260084E+02,7.784966E+02,2.714760E-02,7.628638E-02,8.385144E+02,1.268185E+03,4.327663E-02,1.242723E-01
17:10:00,6.983428E+02,1.485743E+03,3.604196E-02,1.455909E-01,3.143155E+02,5.464307E+02,1.622245E-02,5.354512E-02,3.495002E+02,7.440674E+02,1.803859E-02,7.291156E-02,3.558651E+02,5.772446E+02,1.836702E-02,5.656503E-02,3.795090E+02,7.808776E+02,1.958741E-02,7.651877E-02,1.097450E+03,2.154976E+03,5.664114E-02,2.111719E-01,6.898127E+02,1.527343E+03,3.560203E-02,1.496671E-01,4.611914E+02,7.608904E+02,2.380186E-02,7.456122E-02,1.396187E+02,2.553186E+02,7.205882E-03,2.501818E-02,5.249370E+02,7.672789E+02,2.709230E-02,7.518717E-02,8.366546E+02,1.259918E+03,4.318064E-02,1.234623E-01
17:20:00,6.969472E+02,1.479210E+03,3.596994E-02,1.449507E-01,3.134079E+02,5.412092E+02,1.617561E-02,5.303347E-02,3.482903E+02,7.374147E+02,1.797615E-02,7.225967E-02,3.546722E+02,5.760049E+02,1.830546E-02,5.644355E-02,3.781915E+02,7.727275E+02,1.951941E-02,7.572017E-02,1.094647E+03,2.155009E+03,5.649648E-02,2.111751E-01,6.882408E+02,1.516137E+03,3.552089E-02,1.485690E-01,4.605059E+02,7.578001E+02,2.376648E-02,7.425838E-02,1.393209E+02,2.502048E+02,7.190508E-03,2.451707E-02,5.238926E+02,7.561640E+02,2.703839E-02,7.409801E-02,8.348412E+02,1.251760E+03,4.308705E-02,1.226629E-01
17:30:00,6.955866E+02,1.469785E+03,3.589971E-02,1.440271E-01,3.125229E+02,5.358247E+02,1.612993E-02,5.250585E-02,3.471091E+02,7.307695E+02,1.791518E-02,7.160853E-02,3.535077E+02,5.744034E+02,1.824535E-02,5.628662E-02,3.769052E+02,7.646847E+02,1.945302E-02,7.493207E-02,1.091910E+03,2.153294E+03,5.635517E-02,2.110069E-01,6.867066E+02,1.502528E+03,3.544172E-02,1.472354E-01,4.598384E+02,7.538225E+02,2.373203E-02,7.386860E-02,1.390308E+02,2.435084E+02,7.175538E-03,2.386088E-02,5.228742E+02,7.450530E+02,2.698583E-02,7.300924E-02,8.330727E+02,1.243522E+03,4.299578E-02,1.218557E-01
17:40:00,6.942598E+02,1.457216E+03,3.583124E-02,1.427953E-01,3.116597E+02,5.302613E+02,1.608538E-02,5.196069E-02,3.459556E+02,7.240869E+02,1.785565E-02,7.095371E-02,3.523707E+02,5.723148E+02,1.818667E-02,5.608196E-02,3.756492E+02,7.567018E+02,1.938820E-02,7.414984E-02,1.089235E+03,2.149153E+03,5.621714E-02,2.106012E-01,6.852093E+02,1.486368E+03,3.536443E-02,1.456518E-01,4.591883E+02,7.486854E+02,2.369848E-02,7.336519E-02,1.387483E+02,2.353920E+02,7.160960E-03,2.306555E-02,5.218811E+02,7.339160E+02,2.693458E-02,7.191792E-02,8.313479E+02,1.234985E+03,4.290676E-02,1.210191E-01
17:50:00,6.929658E+02,1.441294E+03,3.576445E-02,1.412350E-01,3.108178E+02,5.245101E+02,1.604193E-02,5.139713E-02,3.448292E+02,7.173211E+02,1.779751E-02,7.029074E-02,3.512605E+02,5.698392E+02,1.812937E-02,5.583936E-02,3.744226E+02,7.487331E+02,1.932489E-02,7.336899E-02,1.086623E+03,2.141900E+03,5.608229E-02,2.098903E-01,6.837477E+02,1.467559E+03,3.528900E-02,1.438086E-01,4.585552E+02,7.421091E+02,2.366580E-02,7.272075E-02,1.384732E+02,2.269393E+02,7.146761E-03,2.223728E-02,5.209127E+02,7.227275E+02,2.688460E-02,7.082156E-02,8.296655E+02,1.225926E+03,4.281992E-02,1.201314E-01
18:00:00,6.917038E+02,1.422292E+03,3.569932E-02,1.393729E-01,3.099965E+02,5.187146E+02,1.599954E-02,5.082922E-02,3.437291E+02,7.105965E+02,1.774073E-02,6.963180E-02,3.501764E+02,5.674386E+02,1.807341E-02,5.560412E-02,3.732246E+02,7.409244E+02,1.926306E-02,7.260383E-02,1.084070E+03,2.131653E+03,5.595054E-02,2.088861E-01,6.823208E+02,1.446668E+03,3.521535E-02,1.417615E-01,4.579384E+02,7.342148E+02,2.363397E-02,7.194715E-02,1.382052E+02,2.190289E+02,7.132929E-03,2.146215E-02,5.199681E+02,7.117583E+02,2.683585E-02,6.974668E-02,8.280243E+02,1.216570E+03,4.273522E-02,1.192146E-01
18:10:00,7.224491E+02,1.400547E+03,3.728611E-02,1.372421E-01,3.220408E+02,5.128250E+02,1.662117E-02,5.025210E-02,3.555003E+02,7.038364E+02,1.834827E-02,6.896939E-02,3.634695E+02,5.654003E+02,1.875950E-02,5.540438E-02,3.864064E+02,7.332077E+02,1.994340E-02,7.184768E-02,1.129861E+03,2.117045E+03,5.831388E-02,2.074546E-01,7.121086E+02,1.423175E+03,3.675273E-02,1.394593E-01,4.793659E+02,7.243685E+02,2.473983E-02,7.098228E-02,1.438868E+02,2.116149E+02,7.426161E-03,2.073567E-02,5.440017E+02,7.008876E+02,2.807624E-02,6.868146E-02,8.635286E+02,1.206413E+03,4.456763E-02,1.182193E-01
18:20:00,7.532381E+02,1.375829E+03,3.887503E-02,1.348199E-01,3.341097E+02,5.068283E+02,1.724404E-02,4.966449E-02,3.673012E+02,6.969864E+02,1.895732E-02,6.829815E-02,3.767931E+02,5.637998E+02,1.944714E-02,5.524755E-02,3.996211E+02,7.255559E+02,2.062542E-02,7.109788E-02,1.175731E+03,2.097151E+03,6.068119E-02,2.055051E-01,7.419430E+02,1.396839E+03,3.829242E-02,1.368786E-01,5.008169E+02,7.121687E+02,2.584680E-02,6.978678E-02,1.495766E+02,2.048616E+02,7.719801E-03,2.007394E-02,5.680684E+02,6.900235E+02,2.931824E-02,6.761688E-02,8.990876E+02,1.195112E+03,4.640275E-02,1.171119E-01
18:30:00,7.840804E+02,1.346638E+03,4.046645E-02,1.319594E-01,3.462044E+02,5.006841E+02,1.786818E-02,4.906243E-02,3.791323E+02,6.899705E+02,1.956789E-02,6.761067E-02,3.901474E+02,5.624433E+02,2.013631E-02,5.511464E-02,4.128685E+02,7.179041E+02,2.130908E-02,7.034809E-02,1.221686E+03,2.069622E+03,6.305263E-02,2.028073E-01,7.718305E+02,1.366658E+03,3.983465E-02,1.339210E-01,5.223021E+02,6.965860E+02,2.695524E-02,6.825978E-02,1.552766E+02,1.988728E+02,8.013909E-03,1.948712E-02,5.921755E+02,6.790366E+02,3.056211E-02,6.654026E-02,9.347107E+02,1.182045E+03,4.824091E-02,1.158314E-01
18:40:00,8.149784E+02,1.313270E+03,4.206040E-02,1.286895E-01,3.583266E+02,4.944260E+02,1.849367E-02,4.844919E-02,3.909954E+02,6.827554E+02,2.018006E-02,6.690366E-02,4.035346E+02,5.612497E+02,2.082711E-02,5.499769E-02,4.261510E+02,7.102480E+02,2.199450E-02,6.959787E-02,1.267734E+03,2.035154E+03,6.542853E-02,1.994296E-01,8.017748E+02,1.333347E+03,4.137954E-02,1.306568E-01,5.438202E+02,6.779217E+02,2.806501E-02,6.643078E-02,1.609866E+02,1.936633E+02,8.308464E-03,1.897668E-02,6.163246E+02,6.679338E+02,3.180788E-02,6.545229E-02,9.704015E+02,1.167209E+03,5.008223E-02,1.143776E-01
18:50:00,8.459229E+02,1.274097E+03,4.365648E-02,1.248509E-01,3.704737E+02,4.880385E+02,1.912038E-02,4.782328E-02,4.028882E+02,6.752861E+02,2.079371E-02,6.617175E-02,4.169521E+02,5.595703E+02,2.151942E-02,5.483313E-02,4.394662E+02,7.025553E+02,2.268155E-02,6.884407E-02,1.313863E+03,1.991425E+03,6.780833E-02,1.951443E-01,8.317676E+02,1.296007E+03,4.292671E-02,1.269977E-01,5.653637E+02,6.552257E+02,2.917584E-02,6.420672E-02,1.667053E+02,1.887505E+02,8.603421E-03,1.849530E-02,6.405082E+02,6.566566E+02,3.305522E-02,6.434723E-02,1.006150E+03,1.150036E+03,5.192626E-02,1.126947E-01
19:00:00,8.769066E+02,1.230172E+03,4.525443E-02,1.205465E-01,3.826437E+02,4.815473E+02,1.974822E-02,4.718721E-02,4.148090E+02,6.675352E+02,2.140877E-02,6.541224E-02,4.303978E+02,5.567849E+02,2.221314E-02,5.456019E-02,4.528119E+02,6.948229E+02,2.337013E-02,6.808638E-02,1.360064E+03,1.940028E+03,7.019165E-02,1.901077E-01,8.618024E+02,1.255730E+03,4.447590E-02,1.230509E-01,5.869278E+02,6.291943E+02,3.028763E-02,6.165581E-02,1.724319E+02,1.839156E+02,8.898765E-03,1.802155E-02,6.647210E+02,6.452381E+02,3.430395E-02,6.322831E-02,1.041949E+03,1.130674E+03,5.377269E-02,1.107974E-01
19:10:00,8.759490E+02,1.182486E+03,4.520378E-02,1.158736E-01,3.819892E+02,4.750005E+02,1.971413E-02,4.654568E-02,4.139105E+02,6.595374E+02,2.136217E-02,6.462853E-02,4.295178E+02,5.526995E+02,2.216745E-02,5.415984E-02,4.518344E+02,6.870983E+02,2.331943E-02,6.732945E-02,1.358044E+03,1.883365E+03,7.008611E-02,1.845549E-01,8.606938E+02,1.213903E+03,4.441767E-02,1.189522E-01,5.864817E+02,6.009219E+02,3.026345E-02,5.888529E-02,1.722233E+02,1.792447E+02,8.887776E-03,1.756387E-02,6.640046E+02,6.337819E+02,3.426601E-02,6.210571E-02,1.040687E+03,1.109516E+03,5.370628E-02,1.087240E-01
19:20:00,8.750097E+02,1.133929E+03,4.515416E-02,1.111153E-01,3.813496E+02,4.684232E+02,1.968083E-02,4.590118E-02,4.130321E+02,6.513126E+02,2.131660E-02,6.382259E-02,4.286569E+02,5.475793E+02,2.212275E-02,5.365809E-02,4.508786E+02,6.793889E+02,2.326985E-02,6.657400E-02,1.356062E+03,1.825345E+03,6.998254E-02,1.788693E-01,8.596058E+02,1.172527E+03,4.436056E-02,1.148976E-01,5.860444E+02,5.721084E+02,3.023983E-02,5.606178E-02,1.720202E+02,1.747811E+02,8.877089E-03,1.712650E-02,6.633012E+02,6.223533E+02,3.422881E-02,6.098580E-02,1.039450E+03,1.087284E+03,5.364124E-02,1.065454E-01
19:30:00,8.740763E+02,1.088027E+03,4.510509E-02,1.066173E-01,3.807221E+02,4.620363E+02,1.964819E-02,4.527533E-02,4.121717E+02,6.431141E+02,2.127199E-02,6.301921E-02,4.278131E+02,5.419043E+02,2.207896E-02,5.310195E-02,4.499423E+02,6.719270E+02,2.322130E-02,6.584281E-02,1.354106E+03,1.770813E+03,6.988055E-02,1.735255E-01,8.585289E+02,1.134204E+03,4.430420E-02,1.111423E-01,5.856038E+02,5.449264E+02,3.021634E-02,5.339816E-02,1.718202E+02,1.705995E+02,8.866616E-03,1.671676E-02,6.626016E+02,6.113937E+02,3.419200E-02,5.991186E-02,1.038225E+03,1.065307E+03,5.357707E-02,1.043918E-01
19:40:00,8.731441E+02,1.045866E+03,4.505641E-02,1.024859E-01,3.801033E+02,4.559078E+02,1.961607E-02,4.467480E-02,4.113256E+02,6.350670E+02,2.122817E-02,6.223068E-02,4.269823E+02,5.359360E+02,2.203590E-02,5.251710E-02,4.490215E+02,6.647726E+02,2.317361E-02,6.514176E-02,1.352165E+03,1.720701E+03,6.977961E-02,1.686150E-01,8.574569E+02,1.099277E+03,4.424835E-02,1.077199E-01,5.851598E+02,5.198682E+02,3.019303E-02,5.094268E-02,1.716229E+02,1.667323E+02,8.856350E-03,1.633782E-02,6.619022E+02,6.010243E+02,3.415547E-02,5.889576E-02,1.037006E+03,1.044062E+03,5.351350E-02,1.023099E-01
19:50:00,8.722201E+02,1.010204E+03,4.500841E-02,9.899138E-02,3.794948E+02,4.501275E+02,1.958454E-02,4.410840E-02,4.104947E+02,6.273271E+02,2.118517E-02,6.147225E-02,4.261657E+02,5.303074E+02,2.199363E-02,5.196553E-02,4.481170E+02,6.580124E+02,2.312680E-02,6.447934E-02,1.350245E+03,1.678703E+03,6.968005E-02,1.644996E-01,8.563958E+02,1.069490E+03,4.419327E-02,1.048010E-01,5.847187E+02,4.985615E+02,3.017013E-02,4.885485E-02,1.714290E+02,1.632021E+02,8.846311E-03,1.599192E-02,6.612090E+02,5.913920E+02,3.411947E-02,5.795189E-02,1.035799E+03,1.024515E+03,5.345085E-02,1.003945E-01
20:00:00,8.713093E+02,9.810826E+02,4.496126E-02,9.613790E-02,3.788972E+02,4.447354E+02,1.955362E-02,4.358004E-02,4.096793E+02,6.200063E+02,2.114300E-02,6.075489E-02,4.253639E+02,5.252913E+02,2.195216E-02,5.147399E-02,4.472293E+02,6.516806E+02,2.308089E-02,6.385890E-02,1.348354E+03,1.644620E+03,6.958212E-02,1.611599E-01,8.553500E+02,1.044565E+03,4.413912E-02,1.023587E-01,5.842843E+02,4.809933E+02,3.014767E-02,4.713339E-02,1.712390E+02,1.600055E+02,8.836494E-03,1.567870E-02,6.605258E+02,5.825361E+02,3.408410E-02,5.708411E-02,1.034611E+03,1.006928E+03,5.338930E-02,9.867117E-02
20:10:00,8.704147E+02,9.576960E+02,4.491502E-02,9.384637E-02,3.783110E+02,4.397586E+02,1.952332E-02,4.309238E-02,4.088795E+02,6.131963E+02,2.110167E-02,6.008760E-02,4.245773E+02,5.210007E+02,2.191150E-02,5.105357E-02,4.463585E+02,6.458012E+02,2.303588E-02,6.328279E-02,1.346494E+03,1.617623E+03,6.948593E-02,1.585146E-01,8.543222E+02,1.023940E+03,4.408598E-02,1.003378E-01,5.838579E+02,4.668274E+02,3.012566E-02,4.574533E-02,1.710529E+02,1.571156E+02,8.826884E-03,1.539553E-02,6.598548E+02,5.744691E+02,3.404943E-02,5.629363E-02,1.033443E+03,9.914213E+02,5.332892E-02,9.715172E-02
20:20:00,8.695374E+02,9.380409E+02,4.486970E-02,9.192049E-02,3.777366E+02,4.352209E+02,1.949364E-02,4.264773E-02,4.080955E+02,6.069666E+02,2.106116E-02,5.947716E-02,4.238061E+02,5.172389E+02,2.187165E-02,5.068496E-02,4.455048E+02,6.403991E+02,2.299177E-02,6.275345E-02,1.344668E+03,1.595229E+03,6.939155E-02,1.563204E-01,8.533138E+02,1.006312E+03,4.403388E-02,9.861053E-02,5.834400E+02,4.550288E+02,3.010409E-02,4.458925E-02,1.708706E+02,1.545051E+02,8.817476E-03,1.513975E-02,6.591969E+02,5.672017E+02,3.401545E-02,5.558152E-02,1.032297E+03,9.777099E+02,5.326975E-02,9.580818E-02
20:30:00,8.686779E+02,9.208090E+02,4.482532E-02,9.023203E-02,3.771740E+02,4.309920E+02,1.946458E-02,4.223336E-02,4.073272E+02,6.012025E+02,2.102147E-02,5.891236E-02,4.230503E+02,5.138386E+02,2.183261E-02,5.035179E-02,4.446682E+02,6.353282E+02,2.294856E-02,6.225657E-02,1.342877E+03,1.575640E+03,6.929901E-02,1.544010E-01,8.523252E+02,9.906282E+02,4.398282E-02,9.707373E-02,5.830307E+02,4.448023E+02,3.008296E-02,4.358721E-02,1.706922E+02,1.521150E+02,8.808266E-03,1.490555E-02,6.585524E+02,5.604518E+02,3.398217E-02,5.492011E-02,1.031175E+03,9.652616E+02,5.321180E-02,9.458841E-02
20:40:00,8.678410E+02,9.053683E+02,4.478212E-02,8.871908E-02,3.766264E+02,4.270177E+02,1.943631E-02,4.184393E-02,4.065791E+02,5.958455E+02,2.098284E-02,5.838744E-02,4.223143E+02,5.107321E+02,2.179460E-02,5.004739E-02,4.438535E+02,6.305305E+02,2.290648E-02,6.178645E-02,1.341130E+03,1.558043E+03,6.920884E-02,1.526768E-01,8.513623E+02,9.763838E+02,4.393311E-02,9.567799E-02,5.826321E+02,4.357518E+02,3.006239E-02,4.270040E-02,1.705186E+02,1.499119E+02,8.799305E-03,1.468967E-02,6.579250E+02,5.541008E+02,3.394979E-02,5.429779E-02,1.030083E+03,9.538093E+02,5.315538E-02,9.346624E-02
20:50:00,8.670263E+02,8.913205E+02,4.474007E-02,8.734259E-02,3.760935E+02,4.232623E+02,1.940880E-02,4.147595E-02,4.058506E+02,5.908437E+02,2.094522E-02,5.789733E-02,4.215976E+02,5.078707E+02,2.175759E-02,4.976702E-02,4.430601E+02,6.259685E+02,2.286552E-02,6.133944E-02,1.339428E+03,1.541963E+03,6.912096E-02,1.511012E-01,8.504244E+02,9.632664E+02,4.388469E-02,9.439266E-02,5.822442E+02,4.276250E+02,3.004237E-02,4.190408E-02,1.703498E+02,1.478693E+02,8.790593E-03,1.448953E-02,6.573143E+02,5.480803E+02,3.391826E-02,5.370786E-02,1.029019E+03,9.431822E+02,5.310047E-02,9.242492E-02
21:00:00,8.662322E+02,8.783787E+02,4.469908E-02,8.607446E-02,3.755743E+02,4.196968E+02,1.938199E-02,4.112658E-02,4.051401E+02,5.861485E+02,2.090855E-02,5.743727E-02,4.208988E+02,5.052144E+02,2.172151E-02,4.950674E-02,4.422864E+02,6.216121E+02,2.282557E-02,6.091257E-02,1.337767E+03,1.527069E+03,6.903518E-02,1.496418E-01,8.495097E+02,9.510509E+02,4.383747E-02,9.319570E-02,5.818663E+02,4.202361E+02,3.002287E-02,4.118006E-02,1.701855E+02,1.459647E+02,8.782115E-03,1.430291E-02,6.567191E+02,5.423406E+02,3.388755E-02,5.314543E-02,1.027982E+03,9.332455E+02,5.304694E-02,9.145125E-02
21:10:00,8.654579E+02,8.663012E+02,4.465912E-02,8.489101E-02,3.750680E+02,4.162867E+02,1.935586E-02,4.079243E-02,4.044470E+02,5.817058E+02,2.087276E-02,5.700194E-02,4.202169E+02,5.027176E+02,2.168631E-02,4.926209E-02,4.415313E+02,6.174244E+02,2.278659E-02,6.050222E-02,1.336144E+03,1.513078E+03,6.895143E-02,1.482709E-01,8.486172E+02,9.395422E+02,4.379141E-02,9.206798E-02,5.814982E+02,4.134250E+02,3.000388E-02,4.051267E-02,1.700256E+02,1.441742E+02,8.773863E-03,1.412747E-02,6.561389E+02,5.368221E+02,3.385761E-02,5.260467E-02,1.026970E+03,9.238585E+02,5.299473E-02,9.053143E-02
21:20:00,8.647026E+02,8.549257E+02,4.462014E-02,8.377635E-02,3.745743E+02,4.130121E+02,1.933038E-02,4.047156E-02,4.037703E+02,5.774788E+02,2.083783E-02,5.658775E-02,4.195513E+02,5.003529E+02,2.165196E-02,4.903038E-02,4.407942E+02,6.133847E+02,2.274854E-02,6.010638E-02,1.334559E+03,1.499812E+03,6.886962E-02,1.469709E-01,8.477462E+02,9.286130E+02,4.374646E-02,9.099704E-02,5.811394E+02,4.070824E+02,2.998536E-02,3.989116E-02,1.698699E+02,1.424817E+02,8.765829E-03,1.396163E-02,6.555731E+02,5.314945E+02,3.382841E-02,5.208262E-02,1.025983E+03,9.149331E+02,5.294381E-02,8.965684E-02
21:30:00,8.639658E+02,8.441275E+02,4.458212E-02,8.271825E-02,3.740928E+02,4.098563E+02,1.930552E-02,4.016233E-02,4.031097E+02,5.734363E+02,2.080373E-02,5.619164E-02,4.189016E+02,4.980976E+02,2.161842E-02,4.880940E-02,4.400744E+02,6.094757E+02,2.271139E-02,5.972334E-02,1.333011E+03,1.487135E+03,6.878969E-02,1.457287E-01,8.468959E+02,9.181655E+02,4.370258E-02,8.997331E-02,5.807897E+02,4.011228E+02,2.996732E-02,3.930718E-02,1.697183E+02,1.408735E+02,8.758004E-03,1.380405E-02,6.550212E+02,5.263336E+02,3.379993E-02,5.157691E-02,1.025021E+03,9.063978E+02,5.289412E-02,8.882048E-02
21:40:00,8.632422E+02,8.338106E+02,4.454478E-02,8.170729E-02,3.736196E+02,4.068055E+02,1.928110E-02,3.986339E-02,4.024599E+02,5.695526E+02,2.077019E-02,5.581109E-02,4.182625E+02,4.959333E+02,2.158544E-02,4.859732E-02,4.393664E+02,6.056830E+02,2.267484E-02,5.935170E-02,1.331487E+03,1.474944E+03,6.871105E-02,1.445342E-01,8.460602E+02,9.081246E+02,4.365945E-02,8.898941E-02,5.804467E+02,3.954793E+02,2.994962E-02,3.875419E-02,1.695696E+02,1.393382E+02,8.750331E-03,1.365361E-02,6.544793E+02,5.213201E+02,3.377196E-02,5.108564E-02,1.024075E+03,8.981952E+02,5.284531E-02,8.801671E-02
21:50:00,8.625318E+02,8.239004E+02,4.450812E-02,8.073620E-02,3.731548E+02,4.038482E+02,1.925711E-02,3.957360E-02,4.018208E+02,5.658066E+02,2.073721E-02,5.544402E-02,4.176342E+02,4.938451E+02,2.155301E-02,4.839270E-02,4.386701E+02,6.019947E+02,2.263890E-02,5.899030E-02,1.329989E+03,1.463162E+03,6.863374E-02,1.433796E-01,8.452390E+02,8.984320E+02,4.361707E-02,8.803964E-02,5.801104E+02,3.900997E+02,2.993227E-02,3.822705E-02,1.694237E+02,1.378664E+02,8.742801E-03,1.350939E-02,6.539473E+02,5.164387E+02,3.374451E-02,5.060731E-02,1.023146E+03,8.902789E+02,5.279739E-02,8.724099E-02
22:00:00,8.618356E+02,8.143391E+02,4.447220E-02,7.979930E-02,3.726990E+02,4.009747E+02,1.923359E-02,3.929204E-02,4.011935E+02,5.621809E+02,2.070483E-02,5.508875E-02,4.170175E+02,4.918209E+02,2.152117E-02,4.819436E-02,4.379867E+02,5.984009E+02,2.260363E-02,5.863815E-02,1.328519E+03,1.451728E+03,6.855787E-02,1.422592E-01,8.444336E+02,8.890427E+02,4.357551E-02,8.711958E-02,5.797810E+02,3.849427E+02,2.991527E-02,3.772171E-02,1.692806E+02,1.364502E+02,8.735419E-03,1.337062E-02,6.534259E+02,5.116769E+02,3.371760E-02,5.014070E-02,1.022236E+03,8.826116E+02,5.275041E-02,8.648968E-02
22:10:00,7.179052E+02,6.996778E+02,3.704514E-02,6.805032E-02,3.103919E+02,3.355458E+02,1.601816E-02,3.282690E-02,3.340656E+02,4.733287E+02,1.724049E-02,4.625156E-02,3.472567E+02,4.090061E+02,1.792100E-02,4.007920E-02,3.647031E+02,5.029669E+02,1.882161E-02,4.916566E-02,1.106484E+03,1.236991E+03,5.709984E-02,1.205609E-01,7.033580E+02,7.625560E+02,3.629555E-02,7.419781E-02,4.830131E+02,3.277196E+02,2.492228E-02,3.192778E-02,1.410074E+02,1.131440E+02,7.276430E-03,1.108631E-02,5.443035E+02,4.324709E+02,2.808675E-02,4.221313E-02,8.514825E+02,7.467906E+02,4.393903E-02,7.288051E-02
22:20:00,5.740945E+02,5.969349E+02,2.962426E-02,5.727424E-02,2.481631E+02,2.756479E+02,1.280676E-02,2.680177E-02,2.670453E+02,3.918066E+02,1.378170E-02,3.799979E-02,2.776017E+02,3.312647E+02,1.432629E-02,3.236760E-02,2.915368E+02,4.150051E+02,1.504564E-02,4.028864E-02,8.847022E+02,1.046410E+03,4.565483E-02,1.007661E-01,5.624206E+02,6.496368E+02,2.902272E-02,6.237823E-02,4.010737E+02,2.752286E+02,2.052608E-02,2.652397E-02,1.127587E+02,9.160623E+01,5.818709E-03,8.944454E-03,4.352708E+02,3.600837E+02,2.246052E-02,3.483017E-02,6.808857E+02,6.240921E+02,3.513573E-02,6.031712E-02
22:30:00,4.449931E+02,5.065204E+02,2.279593E-02,4.746519E-02,1.860111E+02,2.208259E+02,9.599328E-03,2.118007E-02,2.001306E+02,3.196668E+02,1.032836E-02,3.047661E-02,2.080506E+02,2.612854E+02,1.073694E-02,2.527261E-02,2.184856E+02,3.368178E+02,1.127561E-02,3.217720E-02,6.631674E+02,8.827939E+02,3.422258E-02,8.310035E-02,4.216187E+02,5.507969E+02,2.175689E-02,5.166121E-02,3.300651E+02,2.282530E+02,1.656996E-02,2.155848E-02,8.453413E+01,7.119176E+01,4.362230E-03,6.894073E-03,3.357364E+02,2.961303E+02,1.721734E-02,2.811535E-02,5.172304E+02,5.167718E+02,2.661421E-02,4.896742E-02
22:40:00,3.299029E+02,4.259429E+02,1.653271E-02,3.843764E-02,1.239342E+02,1.735815E+02,6.395776E-03,1.614798E-02,1.333195E+02,2.582109E+02,6.880365E-03,2.378924E-02,1.386012E+02,2.030037E+02,7.152842E-03,1.907242E-02,1.455471E+02,2.706226E+02,7.511398E-03,2.499861E-02,4.418754E+02,7.387118E+02,2.280286E-02,6.696254E-02,2.954985E+02,4.630267E+02,1.508308E-02,4.181886E-02,2.658698E+02,1.862208E+02,1.288799E-02,1.698814E-02,5.633313E+01,5.246254E+01,2.906969E-03,4.977861E-03,2.461984E+02,2.398051E+02,1.237746E-02,2.200114E-02,3.704854E+02,4.228851E+02,1.877749E-02,3.867225E-02
22:50:00,2.248207E+02,3.494900E+02,1.067245E-02,2.975993E-02,6.193103E+01,1.275628E+02,3.196027E-03,1.121971E-02,6.660998E+01,1.969640E+02,3.437613E-03,1.713005E-02,6.925168E+01,1.473938E+02,3.573896E-03,1.308425E-02,7.271934E+01,2.048478E+02,3.752900E-03,1.786416E-02,2.288543E+02,5.996969E+02,1.172340E-02,5.125383E-02,1.794104E+02,3.794373E+02,8.814290E-03,3.233029E-02,2.050021E+02,1.463064E+02,9.340223E-03,1.259810E-02,2.815525E+01,3.455868E+01,1.452900E-03,3.129947E-03,1.638329E+02,1.852297E+02,7.826171E-03,1.603792E-02,2.357448E+02,3.315637E+02,1.142218E-02,2.860050E-02
23:00:00,1.255788E+02,2.768173E+02,5.047918E-03,2.140463E-02,0.000000E+00,8.370737E+01,0.000000E+00,6.467690E-03,0.000000E+00,1.394121E+02,0.000000E+00,1.076762E-02,0.000000E+00,9.314510E+01,0.000000E+00,7.207642E-03,0.000000E+00,1.425802E+02,0.000000E+00,1.101204E-02,5.420479E+01,4.673318E+02,2.193386E-03,3.609543E-02,7.005478E+01,2.999518E+02,2.816739E-03,2.318876E-02,1.472215E+02,1.084886E+02,5.917056E-03,8.386188E-03,0.000000E+00,1.759366E+01,0.000000E+00,1.358977E-03,8.599147E+01,1.335066E+02,3.457367E-03,1.031041E-02,1.089811E+02,2.450140E+02,4.387300E-03,1.892173E-02
23:10:00,1.742239E+02,3.123885E+02,7.002855E-03,2.414026E-02,0.000000E+00,1.042691E+02,0.000000E+00,8.053608E-03,0.000000E+00,1.694100E+02,0.000000E+00,1.308002E-02,0.000000E+00,1.220839E+02,0.000000E+00,9.440376E-03,0.000000E+00,1.745992E+02,0.000000E+00,1.348232E-02,1.019756E+02,5.428690E+02,4.113343E-03,4.191253E-02,1.078373E+02,3.408193E+02,4.335181E-03,2.633545E-02,1.881441E+02,1.245478E+02,7.561499E-03,9.622492E-03,8.646599E-01,2.340990E+01,3.480551E-05,1.807724E-03,1.204347E+02,1.582846E+02,4.841561E-03,1.222020E-02,1.593414E+02,2.899403E+02,6.411212E-03,2.238602E-02
23:20:00,2.259570E+02,3.387821E+02,9.081873E-03,2.614929E-02,0.000000E+00,1.208799E+02,0.000000E+00,9.331812E-03,0.000000E+00,1.941411E+02,0.000000E+00,1.497938E-02,0.000000E+00,1.476753E+02,0.000000E+00,1.141005E-02,0.000000E+00,2.012481E+02,0.000000E+00,1.553228E-02,1.531474E+02,5.982717E+02,6.169920E-03,4.617787E-02,1.491010E+02,3.709605E+02,5.993520E-03,2.863323E-02,2.160435E+02,1.374592E+02,8.682344E-03,1.060985E-02,3.518879E+00,2.826379E+01,1.414802E-04,2.181398E-03,1.574417E+02,1.780661E+02,6.328781E-03,1.374311E-02,2.137572E+02,3.246721E+02,8.598092E-03,2.505827E-02
23:30:00,2.657912E+02,3.552634E+02,1.068247E-02,2.741130E-02,1.595099E+00,1.338433E+02,6.442897E-05,1.032691E-02,0.000000E+00,2.113256E+02,0.000000E+00,1.630449E-02,0.000000E+00,1.670571E+02,0.000000E+00,1.289000E-02,0.000000E+00,2.200087E+02,0.000000E+00,1.697479E-02,2.115150E+02,6.302771E+02,8.515616E-03,4.862947E-02,1.934781E+02,3.895324E+02,7.776883E-03,3.005504E-02,2.350037E+02,1.462491E+02,9.443547E-03,1.128456E-02,7.414461E+00,3.273015E+01,2.980403E-04,2.525348E-03,1.873618E+02,1.910365E+02,7.530750E-03,1.473982E-02,2.649699E+02,3.466253E+02,1.065504E-02,2.674432E-02
23:40:00,2.937635E+02,3.640576E+02,1.180558E-02,2.809020E-02,7.453334E+00,1.405231E+02,2.998799E-04,1.084204E-02,0.000000E+00,2.194679E+02,0.000000E+00,1.693281E-02,0.000000E+00,1.761399E+02,0.000000E+00,1.358996E-02,0.000000E+00,2.284772E+02,0.000000E+00,1.762793E-02,2.742164E+02,6.459474E+02,1.103544E-02,4.983894E-02,2.259534E+02,3.992735E+02,9.081432E-03,3.080695E-02,2.489700E+02,1.513292E+02,1.000431E-02,1.167676E-02,1.267901E+01,3.617958E+01,5.096109E-04,2.791502E-03,2.093445E+02,1.978331E+02,8.413115E-03,1.526444E-02,3.023628E+02,3.574714E+02,1.215305E-02,2.758148E-02
23:50:00,3.137264E+02,3.706578E+02,1.260728E-02,2.859972E-02,1.434912E+01,1.471521E+02,5.770219E-04,1.135357E-02,0.000000E+00,2.288778E+02,0.000000E+00,1.765889E-02,0.000000E+00,1.838165E+02,0.000000E+00,1.418228E-02,0.000000E+00,2.380653E+02,0.000000E+00,1.836774E-02,3.327231E+02,6.594488E+02,1.338150E-02,5.088097E-02,2.508655E+02,4.068499E+02,1.008163E-02,3.139177E-02,2.612967E+02,1.553904E+02,1.049928E-02,1.199029E-02,1.901566E+01,3.940902E+01,7.642570E-04,3.040715E-03,2.259793E+02,2.041910E+02,9.081124E-03,1.575518E-02,3.304158E+02,3.678492E+02,1.327837E-02,2.838246E-02
24:00:00,3.300994E+02,3.752261E+02,1.326491E-02,2.895242E-02,2.362148E+01,1.526886E+02,9.496750E-04,1.178081E-02,0.000000E+00,2.359295E+02,0.000000E+00,1.820304E-02,0.000000E+00,1.912824E+02,0.000000E+00,1.475838E-02,0.000000E+00,2.455490E+02,0.000000E+00,1.894522E-02,3.565118E+02,6.689512E+02,1.432758E-02,5.161442E-02,2.712176E+02,4.121543E+02,1.089931E-02,3.180125E-02,2.720657E+02,1.583405E+02,1.093170E-02,1.221807E-02,2.627153E+01,4.224684E+01,1.055833E-03,3.259716E-03,2.396727E+02,2.088863E+02,9.631171E-03,1.611762E-02,3.529035E+02,3.753599E+02,1.418177E-02,2.896220E-02
Peak,9.912794E+02,1.491228E+03,5.089108E-02,1.461285E-01,5.210682E+02,9.393747E+02,2.673551E-02,9.204943E-02,5.976734E+02,8.983649E+02,3.064472E-02,8.803130E-02,6.024304E+02,6.572960E+02,3.089119E-02,6.382320E-02,6.477423E+02,9.885207E+02,3.320790E-02,9.686593E-02,1.603614E+03,2.155009E+03,8.224652E-02,2.111751E-01,1.000146E+03,1.562035E+03,5.132654E-02,1.530669E-01,6.303103E+02,7.660318E+02,3.238402E-02,7.506512E-02,2.347585E+02,2.990123E+02,1.206315E-02,2.908113E-02,7.536707E+02,1.201726E+03,3.869678E-02,1.177592E-01,1.211600E+03,1.959718E+03,6.218767E-02,1.920364E-01

Peak Vol Flow (m3/s),,,4.228758E-02,1.214244E-01,,,2.221568E-02,7.648781E-02,,,2.546401E-02,7.314897E-02,,,2.566882E-02,5.303343E-02,,,2.759387E-02,8.049004E-02,,,6.834215E-02,1.754744E-01,,,4.264942E-02,1.271898E-01,,,2.690927E-02,6.237482E-02,,,1.002379E-02,2.416476E-02,,,3.215481E-02,9.785116E-02,,,5.167440E-02,1.595713E-01
