Time,ROOM_093AC67C:BOSTON LOGAN INTL ARPT ANN HTG 99.6% CONDNS DB:Des Heat Load [W],ROOM_093AC67C:BOSTON LOGAN INTL ARPT ANN CLG .4% CONDNS DB=>MWB:Des Sens Cool Load [W],ROOM_093AC67C:BOSTON LOGAN INTL ARPT ANN HTG 99.6% CONDNS DB:Des Heat Mass Flow [kg/s],ROOM_093AC67C:BOSTON LOGAN INTL ARPT ANN CLG .4% CONDNS DB=>MWB:Des Cool Mass Flow [kg/s],ROOM_1FCE56F7:BOSTON LOGAN INTL ARPT ANN HTG 99.6% CONDNS DB:Des Heat Load [W],ROOM_1FCE56F7:BOSTON LOGAN INTL ARPT ANN CLG .4% CONDNS DB=>MWB:Des Sens Cool Load [W],ROOM_1FCE56F7:BOSTON LOGAN INTL ARPT ANN HTG 99.6% CONDNS DB:Des Heat Mass Flow [kg/s],ROOM_1FCE56F7:BOSTON LOGAN INTL ARPT ANN CLG .4% CONDNS DB=>MWB:Des Cool Mass Flow [kg/s],ROOM_3885B4DD:BOSTON LOGAN INTL ARPT ANN HTG 99.6% CONDNS DB:Des Heat Load [W],ROOM_3885B4DD:BOSTON LOGAN INTL ARPT ANN CLG .4% CONDNS DB=>MWB:Des Sens Cool Load [W],ROOM_3885B4DD:BOSTON LOGAN INTL ARPT ANN HTG 99.6% CONDNS DB:Des Heat Mass Flow [kg/s],ROOM_3885B4DD:BOSTON LOGAN INTL ARPT ANN CLG .4% CONDNS DB=>MWB:Des Cool Mass Flow [kg/s],ROOM_559049DE:BOSTON LOGAN INTL ARPT ANN HTG 99.6% CONDNS DB:Des Heat Load [W],ROOM_559049DE:BOSTON LOGAN INTL ARPT ANN CLG .4% CONDNS DB=>MWB:Des Sens Cool Load [W],ROOM_559049DE:BOSTON LOGAN INTL ARPT ANN HTG 99.6% CONDNS DB:Des Heat Mass Flow [kg/s],ROOM_559049DE:BOSTON LOGAN INTL ARPT ANN CLG .4% CONDNS DB=>MWB:Des Cool Mass Flow [kg/s],ROOM_7D709F92:BOSTON LOGAN INTL ARPT ANN HTG 99.6% CONDNS DB:Des Heat Load [W],ROOM_7D709F92:BOSTON LOGAN INTL ARPT ANN CLG .4% CONDNS DB=>MWB:Des Sens Cool Load [W],ROOM_7D709F92:BOSTON LOGAN INTL ARPT ANN HTG 99.6% CONDNS DB:Des Heat Mass Flow [kg/s],ROOM_7D709F92:BOSTON LOGAN INTL ARPT ANN CLG .4% CONDNS DB=>MWB:Des Cool Mass Flow [kg/s],ROOM_AAB59669:BOSTON LOGAN INTL ARPT ANN HTG 99.6% CONDNS DB:Des Heat Load [W],ROOM_AAB59669:BOSTON LOGAN INTL ARPT ANN CLG .4% CONDNS DB=>MWB:Des Sens Cool Load [W],ROOM_AAB59669:BOSTON LOGAN INTL ARPT ANN HTG 99.6% CONDNS DB:Des Heat Mass Flow [kg/s],ROOM_AAB59669:BOSTON LOGAN INTL ARPT ANN CLG .4% CONDNS DB=>MWB:Des Cool Mass Flow [kg/s],ROOM_E1701F16:BOSTON LOGAN INTL ARPT ANN HTG 99.6% CONDNS DB:Des Heat Load [W],ROOM_E1701F16:BOSTON LOGAN INTL ARPT ANN CLG .4% CONDNS DB=>MWB:Des Sens Cool Load [W],ROOM_E1701F16:BOSTON LOGAN INTL ARPT ANN HTG 99.6% CONDNS DB:Des Heat Mass Flow [kg/s],ROOM_E1701F16:BOSTON LOGAN INTL ARPT ANN CLG .4% CONDNS DB=>MWB:Des Cool Mass Flow [kg/s]
00:10:00,3.300018E+02,3.949661E+02,1.326157E-02,3.047485E-02,0.000000E+00,1.734750E+02,0.000000E+00,1.338431E-02,2.732048E+02,2.740602E+02,1.097869E-02,2.114635E-02,2.360665E+02,1.990142E+02,9.485610E-03,1.535631E-02,5.147776E+02,3.632408E+02,2.068409E-02,2.802881E-02,0.000000E+00,2.223667E+02,0.000000E+00,1.715654E-02,7.068974E+02,1.964007E+02,2.839585E-02,1.515707E-02
00:20:00,3.462359E+02,3.999175E+02,1.391372E-02,3.085699E-02,0.000000E+00,1.779616E+02,0.000000E+00,1.373049E-02,2.847155E+02,2.773550E+02,1.144101E-02,2.140065E-02,2.445895E+02,2.007116E+02,9.827858E-03,1.548734E-02,5.274537E+02,3.641176E+02,2.119293E-02,2.809656E-02,0.000000E+00,2.274499E+02,0.000000E+00,1.754875E-02,7.179504E+02,1.955833E+02,2.883911E-02,1.509400E-02
00:30:00,3.603522E+02,4.039703E+02,1.448082E-02,3.116977E-02,0.000000E+00,1.818157E+02,0.000000E+00,1.402786E-02,2.949534E+02,2.799582E+02,1.185226E-02,2.160156E-02,2.523927E+02,2.018613E+02,1.014130E-02,1.557607E-02,5.387163E+02,3.642988E+02,2.164529E-02,2.811058E-02,0.000000E+00,2.318437E+02,0.000000E+00,1.788777E-02,7.274376E+02,1.942712E+02,2.922015E-02,1.499273E-02
00:40:00,3.729758E+02,4.072854E+02,1.498796E-02,3.142559E-02,0.000000E+00,1.851303E+02,0.000000E+00,1.428360E-02,3.042272E+02,2.819930E+02,1.222480E-02,2.175859E-02,2.597826E+02,2.025612E+02,1.043817E-02,1.563008E-02,5.490898E+02,3.639267E+02,2.206195E-02,2.808187E-02,0.000000E+00,2.356530E+02,0.000000E+00,1.818168E-02,7.357058E+02,1.925682E+02,2.955233E-02,1.486127E-02
00:50:00,3.846320E+02,4.099928E+02,1.545622E-02,3.163449E-02,2.697957E+00,1.879860E+02,1.085155E-04,1.450392E-02,3.127432E+02,2.835605E+02,1.256690E-02,2.187954E-02,2.668856E+02,2.028926E+02,1.072354E-02,1.565564E-02,5.586772E+02,3.631144E+02,2.244709E-02,2.801917E-02,1.712120E+00,2.389675E+02,6.896814E-05,1.843739E-02,7.429470E+02,1.905585E+02,2.984326E-02,1.470614E-02
01:00:00,3.955402E+02,4.121989E+02,1.589446E-02,3.180470E-02,6.112428E+00,1.904527E+02,2.457457E-04,1.469422E-02,3.207982E+02,2.847439E+02,1.289050E-02,2.197084E-02,2.735102E+02,2.029230E+02,1.098971E-02,1.565797E-02,5.675221E+02,3.619528E+02,2.280243E-02,2.792951E-02,5.726151E+00,2.418634E+02,2.302967E-04,1.866081E-02,7.493428E+02,1.883108E+02,3.010023E-02,1.453263E-02
01:10:00,4.060669E+02,4.145588E+02,1.631739E-02,3.198676E-02,1.088509E+01,1.928371E+02,4.375609E-04,1.487816E-02,3.285979E+02,2.859769E+02,1.320386E-02,2.206595E-02,2.797454E+02,2.029248E+02,1.124023E-02,1.565809E-02,5.757602E+02,3.609083E+02,2.313341E-02,2.784888E-02,1.066778E+01,2.447366E+02,4.289035E-04,1.888247E-02,7.550460E+02,1.860673E+02,3.032937E-02,1.435946E-02
01:20:00,4.162237E+02,4.166240E+02,1.672547E-02,3.214608E-02,1.684155E+01,1.949612E+02,6.769511E-04,1.504203E-02,3.361749E+02,2.869845E+02,1.350830E-02,2.214368E-02,2.856545E+02,2.027518E+02,1.147766E-02,1.564472E-02,5.835034E+02,3.596896E+02,2.344451E-02,2.775481E-02,1.728840E+01,2.473343E+02,6.949879E-04,1.908287E-02,7.602078E+02,1.837217E+02,3.053676E-02,1.417842E-02
01:30:00,4.260673E+02,4.184470E+02,1.712099E-02,3.228671E-02,2.378057E+01,1.968652E+02,9.558274E-04,1.518891E-02,3.434432E+02,2.878095E+02,1.380035E-02,2.220731E-02,2.911840E+02,2.024408E+02,1.169984E-02,1.562070E-02,5.909324E+02,3.583406E+02,2.374302E-02,2.765069E-02,2.519983E+01,2.496988E+02,1.012947E-03,1.926528E-02,7.648892E+02,1.813101E+02,3.072483E-02,1.399228E-02
01:40:00,4.357251E+02,4.200712E+02,1.750904E-02,3.241201E-02,3.155086E+01,1.985824E+02,1.268109E-03,1.532138E-02,3.504579E+02,2.884870E+02,1.408221E-02,2.225957E-02,2.963523E+02,2.020220E+02,1.190751E-02,1.558837E-02,5.980086E+02,3.568982E+02,2.402737E-02,2.753937E-02,3.428002E+01,2.518650E+02,1.377875E-03,1.943239E-02,7.691658E+02,1.788623E+02,3.089665E-02,1.380335E-02
01:50:00,4.449938E+02,4.215339E+02,1.788148E-02,3.252485E-02,3.745317E+01,2.001416E+02,1.505228E-03,1.544166E-02,3.572363E+02,2.890468E+02,1.435458E-02,2.230275E-02,3.011669E+02,2.015211E+02,1.210096E-02,1.554971E-02,6.047894E+02,3.553927E+02,2.429985E-02,2.742318E-02,4.270915E+01,2.538632E+02,1.716476E-03,1.958653E-02,7.731011E+02,1.764027E+02,3.105475E-02,1.361351E-02
02:00:00,4.539659E+02,4.228657E+02,1.824200E-02,3.262760E-02,4.340610E+01,2.015671E+02,1.744461E-03,1.555163E-02,3.637081E+02,2.895134E+02,1.461463E-02,2.233874E-02,3.056126E+02,2.009589E+02,1.227959E-02,1.550632E-02,6.112735E+02,3.538489E+02,2.456041E-02,2.730404E-02,4.981788E+01,2.557186E+02,2.002158E-03,1.972967E-02,7.767479E+02,1.739510E+02,3.120126E-02,1.342429E-02
02:10:00,4.626029E+02,4.240614E+02,1.858905E-02,3.271984E-02,4.875958E+01,2.028719E+02,1.959598E-03,1.565229E-02,3.698976E+02,2.898838E+02,1.486334E-02,2.236731E-02,3.097698E+02,2.003372E+02,1.244661E-02,1.545834E-02,6.174836E+02,3.522567E+02,2.480995E-02,2.718118E-02,5.690127E+01,2.574428E+02,2.286820E-03,1.986269E-02,7.801483E+02,1.714930E+02,3.133787E-02,1.323458E-02
02:20:00,4.708792E+02,4.251414E+02,1.892160E-02,3.280316E-02,5.364967E+01,2.040731E+02,2.156110E-03,1.574495E-02,3.757858E+02,2.901755E+02,1.509993E-02,2.238981E-02,3.136573E+02,1.996695E+02,1.260280E-02,1.540682E-02,6.234414E+02,3.506312E+02,2.504936E-02,2.705574E-02,6.313141E+01,2.590537E+02,2.537186E-03,1.998696E-02,7.833365E+02,1.690400E+02,3.146595E-02,1.304526E-02
02:30:00,4.788023E+02,4.261240E+02,1.923997E-02,3.287897E-02,5.824094E+01,2.051848E+02,2.340612E-03,1.583072E-02,3.813775E+02,2.904037E+02,1.532462E-02,2.240741E-02,3.173141E+02,1.989669E+02,1.274973E-02,1.535260E-02,6.291676E+02,3.489846E+02,2.527945E-02,2.692867E-02,6.880483E+01,2.605660E+02,2.765175E-03,2.010363E-02,7.863404E+02,1.666014E+02,3.158663E-02,1.285705E-02
02:40:00,4.863816E+02,4.270235E+02,1.954452E-02,3.294836E-02,6.264889E+01,2.062187E+02,2.517745E-03,1.591048E-02,3.866759E+02,2.905777E+02,1.553751E-02,2.242084E-02,3.207761E+02,1.982385E+02,1.288883E-02,1.529639E-02,6.346804E+02,3.473268E+02,2.550097E-02,2.680075E-02,7.402196E+01,2.619920E+02,2.974824E-03,2.021364E-02,7.891827E+02,1.641848E+02,3.170081E-02,1.267054E-02
02:50:00,4.936258E+02,4.278516E+02,1.983561E-02,3.301225E-02,6.684024E+01,2.071846E+02,2.686173E-03,1.598500E-02,3.916654E+02,2.907083E+02,1.573799E-02,2.243091E-02,3.240828E+02,1.974918E+02,1.302170E-02,1.523877E-02,6.399956E+02,3.456661E+02,2.571455E-02,2.667261E-02,7.890023E+01,2.633416E+02,3.170855E-03,2.031777E-02,7.918823E+02,1.617963E+02,3.180926E-02,1.248620E-02
03:00:00,5.005385E+02,4.286180E+02,2.011338E-02,3.307138E-02,7.084379E+01,2.080905E+02,2.847054E-03,1.605488E-02,3.963366E+02,2.908025E+02,1.592568E-02,2.243817E-02,3.273060E+02,1.967331E+02,1.315122E-02,1.518023E-02,6.451272E+02,3.440095E+02,2.592075E-02,2.654477E-02,8.349302E+01,2.646235E+02,3.355412E-03,2.041666E-02,7.944546E+02,1.594411E+02,3.191260E-02,1.230442E-02
03:10:00,5.071116E+02,4.293115E+02,2.037750E-02,3.312488E-02,7.463281E+01,2.089384E+02,2.999312E-03,1.612030E-02,4.007661E+02,2.908492E+02,1.610365E-02,2.244177E-02,3.304141E+02,1.959523E+02,1.327613E-02,1.511998E-02,6.500876E+02,3.423328E+02,2.612008E-02,2.641539E-02,8.785444E+01,2.658383E+02,3.530671E-03,2.051038E-02,7.969125E+02,1.570936E+02,3.201134E-02,1.212325E-02
03:20:00,5.132566E+02,4.299392E+02,2.062441E-02,3.317331E-02,7.820144E+01,2.097337E+02,3.142713E-03,1.618166E-02,4.049870E+02,2.908513E+02,1.627324E-02,2.244193E-02,3.334216E+02,1.951531E+02,1.339699E-02,1.505831E-02,6.548884E+02,3.406396E+02,2.631298E-02,2.628473E-02,9.203245E+01,2.669915E+02,3.698559E-03,2.059935E-02,7.992667E+02,1.547557E+02,3.210591E-02,1.194281E-02
03:30:00,5.190928E+02,4.304985E+02,2.085889E-02,3.321646E-02,8.158271E+01,2.104804E+02,3.278584E-03,1.623926E-02,4.090360E+02,2.908101E+02,1.643594E-02,2.243875E-02,3.363312E+02,1.943386E+02,1.351391E-02,1.499546E-02,6.595401E+02,3.389327E+02,2.649990E-02,2.615302E-02,9.608697E+01,2.680871E+02,3.861486E-03,2.068388E-02,8.015262E+02,1.524290E+02,3.219668E-02,1.176324E-02
03:40:00,5.246470E+02,4.309948E+02,2.108206E-02,3.325475E-02,8.481089E+01,2.111821E+02,3.408303E-03,1.629340E-02,4.129508E+02,2.907301E+02,1.659324E-02,2.243258E-02,3.391494E+02,1.935113E+02,1.362716E-02,1.493162E-02,6.640521E+02,3.372147E+02,2.668120E-02,2.602045E-02,9.998525E+01,2.691291E+02,4.018134E-03,2.076427E-02,8.036986E+02,1.501149E+02,3.228395E-02,1.158464E-02
03:50:00,5.299712E+02,4.314342E+02,2.129599E-02,3.328865E-02,8.790586E+01,2.118422E+02,3.532671E-03,1.634433E-02,4.167863E+02,2.906125E+02,1.674736E-02,2.242350E-02,3.418817E+02,1.926733E+02,1.373696E-02,1.486695E-02,6.684330E+02,3.354877E+02,2.685723E-02,2.588719E-02,1.037573E+02,2.701208E+02,4.169708E-03,2.084078E-02,8.057903E+02,1.478143E+02,3.236798E-02,1.140709E-02
04:00:00,5.351097E+02,4.318173E+02,2.150246E-02,3.331821E-02,9.088140E+01,2.124634E+02,3.652240E-03,1.639226E-02,4.205900E+02,2.904601E+02,1.690021E-02,2.241174E-02,3.445333E+02,1.918264E+02,1.384351E-02,1.480161E-02,6.726904E+02,3.337536E+02,2.702830E-02,2.575338E-02,1.074020E+02,2.710652E+02,4.316167E-03,2.091364E-02,8.078071E+02,1.455285E+02,3.244900E-02,1.123067E-02
04:10:00,5.401167E+02,4.321689E+02,2.170366E-02,3.334533E-02,9.378541E+01,2.130543E+02,3.768935E-03,1.643784E-02,4.243213E+02,2.902936E+02,1.705016E-02,2.239889E-02,3.471088E+02,1.909867E+02,1.394700E-02,1.473681E-02,6.768312E+02,3.320427E+02,2.719468E-02,2.562135E-02,1.109317E+02,2.719731E+02,4.458006E-03,2.098369E-02,8.097536E+02,1.432869E+02,3.252719E-02,1.105767E-02
04:20:00,5.451243E+02,4.324925E+02,2.190489E-02,3.337030E-02,9.667617E+01,2.136174E+02,3.885100E-03,1.648129E-02,4.279823E+02,2.901155E+02,1.719729E-02,2.238515E-02,3.496126E+02,1.901549E+02,1.404761E-02,1.467263E-02,6.808614E+02,3.303546E+02,2.735663E-02,2.549109E-02,1.143551E+02,2.728473E+02,4.595568E-03,2.105113E-02,8.116341E+02,1.410918E+02,3.260274E-02,1.088825E-02
04:30:00,5.500548E+02,4.327970E+02,2.210304E-02,3.339379E-02,9.954978E+01,2.141547E+02,4.000579E-03,1.652274E-02,4.315714E+02,2.899296E+02,1.734152E-02,2.237080E-02,3.520483E+02,1.893339E+02,1.414549E-02,1.460928E-02,6.847865E+02,3.286938E+02,2.751434E-02,2.536294E-02,1.176759E+02,2.736899E+02,4.729014E-03,2.111614E-02,8.134523E+02,1.389448E+02,3.267578E-02,1.072255E-02
04:40:00,5.549216E+02,4.351990E+02,2.229862E-02,3.357913E-02,1.023989E+02,2.148148E+02,4.115075E-03,1.657366E-02,4.350897E+02,2.911721E+02,1.748290E-02,2.246667E-02,3.544192E+02,1.891191E+02,1.424076E-02,1.459270E-02,6.886109E+02,3.276550E+02,2.766801E-02,2.528277E-02,1.209937E+02,2.747050E+02,4.862336E-03,2.119446E-02,8.152116E+02,1.383433E+02,3.274645E-02,1.067612E-02
04:50:00,5.597131E+02,4.419264E+02,2.249118E-02,3.409822E-02,1.052284E+02,2.156419E+02,4.228780E-03,1.663748E-02,4.385381E+02,2.954087E+02,1.762148E-02,2.279358E-02,3.567284E+02,1.899214E+02,1.433355E-02,1.465461E-02,6.923388E+02,3.273390E+02,2.781780E-02,2.525840E-02,1.242649E+02,2.759623E+02,4.993795E-03,2.129146E-02,8.169149E+02,1.409876E+02,3.281488E-02,1.088020E-02
05:00:00,5.644286E+02,4.554735E+02,2.268068E-02,3.514355E-02,1.080478E+02,2.166992E+02,4.342085E-03,1.671905E-02,4.419177E+02,3.045448E+02,1.775728E-02,2.349856E-02,3.589782E+02,1.921729E+02,1.442395E-02,1.482836E-02,6.959738E+02,3.278787E+02,2.796386E-02,2.530006E-02,1.275115E+02,2.775812E+02,5.124262E-03,2.141636E-02,8.185649E+02,1.488958E+02,3.288116E-02,1.149059E-02
05:10:00,6.784221E+02,5.319861E+02,2.761700E-02,4.146840E-02,1.614884E+02,2.450762E+02,6.584580E-03,1.908710E-02,5.198231E+02,3.566236E+02,2.117836E-02,2.780922E-02,4.102104E+02,2.195639E+02,1.672344E-02,1.711508E-02,7.828747E+02,3.681053E+02,3.189833E-02,2.867016E-02,1.940111E+02,3.140498E+02,7.895523E-03,2.445373E-02,8.718041E+02,1.835541E+02,3.552062E-02,1.435085E-02
05:20:00,6.954607E+02,5.744114E+02,2.869680E-02,4.549726E-02,1.703438E+02,2.558716E+02,7.034396E-03,2.022728E-02,5.378838E+02,3.890606E+02,2.223076E-02,3.084388E-02,4.288903E+02,2.341321E+02,1.775431E-02,1.854175E-02,8.074627E+02,3.820065E+02,3.338867E-02,3.019263E-02,1.985610E+02,3.264588E+02,8.168150E-03,2.579495E-02,8.992289E+02,2.149279E+02,3.721108E-02,1.712790E-02
05:30:00,7.778491E+02,6.505426E+02,3.263940E-02,5.235024E-02,2.121503E+02,2.785449E+02,8.928283E-03,2.236289E-02,5.954980E+02,4.441404E+02,2.501594E-02,3.577548E-02,4.679580E+02,2.592890E+02,1.967831E-02,2.085482E-02,8.695599E+02,4.140673E+02,3.652180E-02,3.323490E-02,2.497569E+02,3.553694E+02,1.048451E-02,2.851918E-02,9.386712E+02,2.591491E+02,3.942633E-02,2.098006E-02
05:40:00,8.382249E+02,7.232996E+02,3.562061E-02,5.893527E-02,2.420809E+02,2.973797E+02,1.030372E-02,2.417858E-02,6.389772E+02,4.987317E+02,2.718399E-02,4.067574E-02,4.986818E+02,2.818771E+02,2.123817E-02,2.295596E-02,9.176724E+02,4.411320E+02,3.904445E-02,3.586121E-02,2.850954E+02,3.796364E+02,1.210829E-02,3.085678E-02,9.709613E+02,3.058091E+02,4.132903E-02,2.504461E-02
05:50:00,8.950747E+02,7.961342E+02,3.845049E-02,6.555545E-02,2.701935E+02,3.151846E+02,1.160136E-02,2.590970E-02,6.796911E+02,5.551860E+02,2.923316E-02,4.575137E-02,5.271460E+02,3.036289E+02,2.270058E-02,2.499270E-02,9.625710E+02,4.672287E+02,4.142875E-02,3.840913E-02,3.186464E+02,4.030236E+02,1.365596E-02,3.312320E-02,1.000654E+03,3.547399E+02,4.311908E-02,2.931808E-02
06:00:00,9.490061E+02,8.666233E+02,4.115545E-02,7.202422E-02,2.965266E+02,3.322269E+02,1.282277E-02,2.757902E-02,7.181800E+02,6.119407E+02,3.118694E-02,5.088409E-02,5.538340E+02,3.242107E+02,2.408656E-02,2.693998E-02,1.005060E+03,4.926425E+02,4.370974E-02,4.090349E-02,3.502860E+02,4.258385E+02,1.512196E-02,3.534495E-02,1.028379E+03,4.039105E+02,4.482397E-02,3.364368E-02
06:10:00,9.781961E+02,9.332760E+02,4.334617E-02,7.855618E-02,3.200916E+02,3.465246E+02,1.420593E-02,2.915806E-02,7.360585E+02,6.683609E+02,3.261856E-02,5.626893E-02,5.633435E+02,3.419824E+02,2.496600E-02,2.878338E-02,1.012716E+03,5.147815E+02,4.485870E-02,4.332330E-02,3.783527E+02,4.458638E+02,1.677819E-02,3.751755E-02,1.015663E+03,4.530124E+02,4.497827E-02,3.815426E-02
06:20:00,1.004476E+03,1.011590E+03,4.508133E-02,8.612352E-02,3.457132E+02,3.671931E+02,1.554985E-02,3.124312E-02,7.520972E+02,7.334023E+02,3.377963E-02,6.247510E-02,5.710207E+02,3.637860E+02,2.566969E-02,3.096452E-02,1.018271E+03,5.469265E+02,4.572538E-02,4.654358E-02,4.097114E+02,4.749746E+02,1.839291E-02,4.041520E-02,1.001292E+03,5.040350E+02,4.498950E-02,4.296606E-02
06:30:00,1.022627E+03,1.074668E+03,4.670987E-02,9.252972E-02,3.637230E+02,3.828484E+02,1.667131E-02,3.294930E-02,7.623222E+02,7.899440E+02,3.483369E-02,6.805888E-02,5.754818E+02,3.804366E+02,2.630822E-02,3.274730E-02,1.019144E+03,5.718762E+02,4.653123E-02,4.922454E-02,4.305805E+02,4.974162E+02,1.970567E-02,4.281252E-02,9.848188E+02,5.500150E+02,4.495389E-02,4.741071E-02
06:40:00,1.039449E+03,1.137529E+03,4.818367E-02,9.891325E-02,3.816430E+02,3.997104E+02,1.773966E-02,3.474438E-02,7.715519E+02,8.475719E+02,3.578188E-02,7.374731E-02,5.788703E+02,3.971766E+02,2.686114E-02,3.452760E-02,1.018744E+03,5.987797E+02,4.721875E-02,5.205554E-02,4.519761E+02,5.215305E+02,2.097827E-02,4.533674E-02,9.673012E+02,5.953172E+02,4.483910E-02,5.181775E-02
06:50:00,1.053772E+03,1.197951E+03,4.952564E-02,1.051041E-01,3.976803E+02,4.166136E+02,1.871169E-02,3.653922E-02,7.789332E+02,9.046959E+02,3.663177E-02,7.941724E-02,5.809773E+02,4.132189E+02,2.734440E-02,3.624607E-02,1.016637E+03,6.260888E+02,4.781315E-02,5.491993E-02,4.711100E+02,5.456806E+02,2.213685E-02,4.786177E-02,9.487869E+02,6.395282E+02,4.466666E-02,5.615575E-02
07:00:00,1.066151E+03,1.255933E+03,5.076495E-02,1.111018E-01,4.123965E+02,4.335601E+02,1.961453E-02,3.833562E-02,7.848830E+02,9.609006E+02,3.740566E-02,8.503296E-02,5.820708E+02,4.286186E+02,2.777285E-02,3.790804E-02,1.013149E+03,6.537018E+02,4.833332E-02,5.781073E-02,4.887183E+02,5.698340E+02,2.321627E-02,5.038681E-02,9.294742E+02,6.823785E+02,4.444853E-02,6.040010E-02
07:10:00,1.077146E+03,1.323845E+03,5.228591E-02,1.191755E-01,4.189490E+02,4.565115E+02,2.033935E-02,4.109924E-02,7.931963E+02,1.025539E+03,3.850596E-02,9.234861E-02,5.876202E+02,4.483825E+02,2.852867E-02,4.036651E-02,1.021513E+03,6.886752E+02,4.958892E-02,6.200358E-02,4.967276E+02,6.014088E+02,2.411275E-02,5.414270E-02,9.337306E+02,7.293513E+02,4.532621E-02,6.566242E-02
07:20:00,1.117857E+03,1.372306E+03,5.486984E-02,1.256562E-01,4.377953E+02,4.720449E+02,2.149554E-02,4.322431E-02,8.187428E+02,1.077446E+03,4.020335E-02,9.874247E-02,6.020095E+02,4.617489E+02,2.957480E-02,4.228375E-02,1.047391E+03,7.124879E+02,5.143928E-02,6.523661E-02,5.226070E+02,6.227381E+02,2.564817E-02,5.701536E-02,9.451590E+02,7.695940E+02,4.644432E-02,7.054646E-02
07:30:00,1.135615E+03,1.426856E+03,5.647493E-02,1.328877E-01,4.454830E+02,4.907575E+02,2.216742E-02,4.571999E-02,8.311296E+02,1.131806E+03,4.134338E-02,1.054945E-01,6.097027E+02,4.775938E+02,3.033776E-02,4.448747E-02,1.061124E+03,7.412948E+02,5.278166E-02,6.904985E-02,5.326348E+02,6.483689E+02,2.649547E-02,6.039472E-02,9.522477E+02,8.090744E+02,4.737487E-02,7.541676E-02
07:40:00,1.159672E+03,1.477370E+03,5.832531E-02,1.397089E-01,4.562588E+02,5.078708E+02,2.295801E-02,4.803700E-02,8.470923E+02,1.182504E+03,4.261637E-02,1.119043E-01,6.193129E+02,4.922017E+02,3.116757E-02,4.655150E-02,1.078209E+03,7.681662E+02,5.424510E-02,7.264871E-02,5.470124E+02,6.718852E+02,2.751502E-02,6.354270E-02,9.611361E+02,8.456552E+02,4.836997E-02,8.002871E-02
07:50:00,1.183628E+03,1.525471E+03,6.015159E-02,1.463111E-01,4.669291E+02,5.244530E+02,2.373157E-02,5.029527E-02,8.631398E+02,1.230252E+03,4.387909E-02,1.180632E-01,6.291118E+02,5.063180E+02,3.199564E-02,4.856141E-02,1.095541E+03,7.944040E+02,5.570560E-02,7.618425E-02,5.611281E+02,6.947123E+02,2.850854E-02,6.661878E-02,9.704096E+02,8.790988E+02,4.937277E-02,8.436982E-02
08:00:00,1.207498E+03,1.571949E+03,6.195868E-02,1.527726E-01,4.775628E+02,5.408037E+02,2.449379E-02,5.252720E-02,8.791747E+02,1.275779E+03,4.512998E-02,1.240423E-01,6.389747E+02,5.202394E+02,3.281828E-02,5.054771E-02,1.112911E+03,8.205241E+02,5.715638E-02,7.970994E-02,5.751368E+02,7.172417E+02,2.948622E-02,6.966496E-02,9.799106E+02,9.097921E+02,5.037833E-02,8.847521E-02
08:10:00,1.143875E+03,1.549953E+03,5.903688E-02,1.518741E-01,4.457784E+02,5.262263E+02,2.300767E-02,5.156348E-02,8.357152E+02,1.272503E+03,4.313219E-02,1.246826E-01,6.101964E+02,5.071058E+02,3.149269E-02,4.969030E-02,1.066691E+03,8.037110E+02,5.505218E-02,7.875643E-02,5.359859E+02,7.002245E+02,2.766330E-02,6.861350E-02,9.525278E+02,9.109766E+02,4.915704E-02,8.924772E-02
08:20:00,1.146616E+03,1.570478E+03,5.917807E-02,1.538932E-01,4.418254E+02,5.302448E+02,2.280361E-02,5.195869E-02,8.338931E+02,1.295297E+03,4.303792E-02,1.269258E-01,6.048954E+02,5.089531E+02,3.121890E-02,4.987334E-02,1.064516E+03,8.156083E+02,5.493951E-02,7.992498E-02,5.349362E+02,7.087281E+02,2.760908E-02,6.944873E-02,9.436193E+02,9.213659E+02,4.869657E-02,9.028234E-02
08:30:00,1.111676E+03,1.567067E+03,5.737488E-02,1.535607E-01,4.215660E+02,5.244522E+02,2.175803E-02,5.139125E-02,8.090168E+02,1.303813E+03,4.175405E-02,1.277628E-01,5.873206E+02,5.027943E+02,3.031184E-02,4.927016E-02,1.039088E+03,8.130951E+02,5.362712E-02,7.967910E-02,5.112281E+02,7.037033E+02,2.638554E-02,6.895660E-02,9.275616E+02,9.255893E+02,4.786771E-02,9.070171E-02
08:40:00,1.090693E+03,1.569706E+03,5.629207E-02,1.538193E-01,4.082926E+02,5.232005E+02,2.107304E-02,5.126849E-02,7.934487E+02,1.316215E+03,4.095067E-02,1.289786E-01,5.756275E+02,4.997539E+02,2.970839E-02,4.897217E-02,1.023247E+03,8.167805E+02,5.280966E-02,8.004009E-02,4.963286E+02,7.044176E+02,2.561668E-02,6.902645E-02,9.165093E+02,9.300706E+02,4.729730E-02,9.114260E-02
08:50:00,1.073011E+03,1.573185E+03,5.537958E-02,1.541601E-01,3.971126E+02,5.239222E+02,2.049606E-02,5.133919E-02,7.803669E+02,1.329363E+03,4.027555E-02,1.302671E-01,5.658305E+02,4.977971E+02,2.920277E-02,4.878041E-02,1.009969E+03,8.230028E+02,5.212438E-02,8.064978E-02,4.837616E+02,7.074543E+02,2.496816E-02,6.932396E-02,9.074336E+02,9.336524E+02,4.682889E-02,9.149419E-02
09:00:00,1.057673E+03,1.576483E+03,5.458804E-02,1.544834E-01,3.875114E+02,5.261403E+02,2.000055E-02,5.155656E-02,7.690805E+02,1.342412E+03,3.969306E-02,1.315458E-01,5.574374E+02,4.965224E+02,2.876959E-02,4.865553E-02,9.985064E+02,8.311097E+02,5.153281E-02,8.144425E-02,4.729224E+02,7.121916E+02,2.440876E-02,6.978820E-02,8.997935E+02,9.359507E+02,4.643456E-02,9.171961E-02
09:10:00,1.044176E+03,1.579162E+03,5.389144E-02,1.547459E-01,3.791763E+02,5.295944E+02,1.957036E-02,5.189507E-02,7.592080E+02,1.354943E+03,3.918353E-02,1.327737E-01,5.501584E+02,4.957994E+02,2.839391E-02,4.858471E-02,9.884628E+02,8.407317E+02,5.101444E-02,8.238720E-02,4.634620E+02,7.182979E+02,2.392052E-02,7.038660E-02,8.932734E+02,9.367436E+02,4.609805E-02,9.179733E-02
09:20:00,1.032115E+03,1.580935E+03,5.326894E-02,1.549196E-01,3.718659E+02,5.340696E+02,1.919306E-02,5.233363E-02,7.504665E+02,1.366630E+03,3.873237E-02,1.339189E-01,5.437748E+02,4.955322E+02,2.806443E-02,4.855855E-02,9.795099E+02,8.516037E+02,5.055237E-02,8.345264E-02,4.551148E+02,7.255000E+02,2.348972E-02,7.109238E-02,8.876202E+02,9.359572E+02,4.580629E-02,9.172024E-02
09:30:00,1.021246E+03,1.581618E+03,5.270797E-02,1.549865E-01,3.653912E+02,5.393566E+02,1.885888E-02,5.285173E-02,7.426170E+02,1.376826E+03,3.832724E-02,1.349180E-01,5.380976E+02,4.958863E+02,2.777142E-02,4.859326E-02,9.714698E+02,8.637127E+02,5.013740E-02,8.463929E-02,4.476643E+02,7.335281E+02,2.310519E-02,7.187908E-02,8.826576E+02,9.336268E+02,4.555017E-02,9.149183E-02
09:40:00,1.011356E+03,1.581033E+03,5.219753E-02,1.549291E-01,3.595956E+02,5.452934E+02,1.855976E-02,5.343350E-02,7.355172E+02,1.385462E+03,3.796080E-02,1.357642E-01,5.330154E+02,4.966745E+02,2.750912E-02,4.867051E-02,9.641783E+02,8.767235E+02,4.976108E-02,8.591429E-02,4.409594E+02,7.421672E+02,2.275913E-02,7.272564E-02,8.782676E+02,9.297911E+02,4.532361E-02,9.111591E-02
09:50:00,1.002287E+03,1.579000E+03,5.172946E-02,1.547299E-01,3.543734E+02,5.517342E+02,1.829022E-02,5.406464E-02,7.290445E+02,1.392354E+03,3.762673E-02,1.364395E-01,5.284293E+02,4.977922E+02,2.727242E-02,4.878005E-02,9.575113E+02,8.904017E+02,4.941698E-02,8.725469E-02,4.348793E+02,7.512249E+02,2.244533E-02,7.361322E-02,8.743468E+02,9.245319E+02,4.512126E-02,9.060049E-02
10:00:00,9.939034E+02,1.575406E+03,5.129678E-02,1.543776E-01,3.496287E+02,5.585467E+02,1.804534E-02,5.473220E-02,7.230943E+02,1.397322E+03,3.731963E-02,1.369262E-01,5.242557E+02,4.991917E+02,2.705701E-02,4.891721E-02,9.513649E+02,9.045661E+02,4.909976E-02,8.864273E-02,4.293200E+02,7.605311E+02,2.215840E-02,7.452515E-02,8.708108E+02,9.179676E+02,4.493876E-02,8.995717E-02
10:10:00,9.860968E+02,1.570173E+03,5.089386E-02,1.538649E-01,3.452828E+02,5.656115E+02,1.782103E-02,5.542449E-02,7.175820E+02,1.400153E+03,3.703513E-02,1.372037E-01,5.204264E+02,5.007908E+02,2.685937E-02,4.907391E-02,9.456558E+02,9.190361E+02,4.880510E-02,9.006070E-02,4.241967E+02,7.699350E+02,2.189397E-02,7.544663E-02,8.675920E+02,9.102327E+02,4.477265E-02,8.919916E-02
10:20:00,9.787812E+02,1.563225E+03,5.051629E-02,1.531839E-01,3.412733E+02,5.728213E+02,1.761409E-02,5.613098E-02,7.124408E+02,1.400640E+03,3.676978E-02,1.372512E-01,5.168874E+02,5.025388E+02,2.667672E-02,4.924520E-02,9.403183E+02,9.336330E+02,4.852962E-02,9.149109E-02,4.194423E+02,7.793028E+02,2.164858E-02,7.636459E-02,8.646375E+02,9.014007E+02,4.462017E-02,8.833363E-02
10:30:00,9.718883E+02,1.554438E+03,5.016053E-02,1.523229E-01,3.375494E+02,5.801003E+02,1.742188E-02,5.684424E-02,7.076175E+02,1.398955E+03,3.652084E-02,1.370861E-01,5.135955E+02,5.041560E+02,2.650681E-02,4.940368E-02,9.353000E+02,9.480215E+02,4.827063E-02,9.290106E-02,4.150024E+02,7.885458E+02,2.141943E-02,7.727030E-02,8.619054E+02,8.914352E+02,4.447917E-02,8.735703E-02
10:40:00,9.653630E+02,1.543762E+03,4.982375E-02,1.512766E-01,3.340703E+02,5.873581E+02,1.724232E-02,5.755542E-02,7.030691E+02,1.394768E+03,3.628609E-02,1.366757E-01,5.105154E+02,5.057425E+02,2.634785E-02,4.955914E-02,9.305591E+02,9.622030E+02,4.802594E-02,9.429073E-02,4.108334E+02,7.975608E+02,2.120425E-02,7.815366E-02,8.593621E+02,8.803139E+02,4.434791E-02,8.626717E-02
10:50:00,9.591513E+02,1.531220E+03,4.950315E-02,1.500475E-01,3.307966E+02,5.945163E+02,1.707335E-02,5.825684E-02,6.987544E+02,1.387930E+03,3.606340E-02,1.360056E-01,5.076146E+02,5.073373E+02,2.619813E-02,4.971542E-02,9.260556E+02,9.761459E+02,4.779351E-02,9.565701E-02,4.068925E+02,8.062577E+02,2.100085E-02,7.900585E-02,8.569786E+02,8.680204E+02,4.422491E-02,8.506245E-02
11:00:00,9.532189E+02,1.516866E+03,4.919696E-02,1.486410E-01,3.277025E+02,6.015077E+02,1.691365E-02,5.894192E-02,6.946464E+02,1.378446E+03,3.585138E-02,1.350762E-01,5.048706E+02,5.089400E+02,2.605651E-02,4.987247E-02,9.217630E+02,9.897667E+02,4.757197E-02,9.699172E-02,4.031519E+02,8.145557E+02,2.080779E-02,7.981895E-02,8.547339E+02,8.545456E+02,4.410906E-02,8.374196E-02
11:10:00,9.475397E+02,1.500834E+03,4.890384E-02,1.470699E-01,3.247673E+02,6.082659E+02,1.676216E-02,5.960413E-02,6.907243E+02,1.366437E+03,3.564895E-02,1.338994E-01,5.022660E+02,5.104638E+02,2.592208E-02,5.002178E-02,9.176611E+02,1.002910E+03,4.736026E-02,9.827965E-02,3.995903E+02,8.223726E+02,2.062396E-02,8.058491E-02,8.526114E+02,8.398728E+02,4.399953E-02,8.230407E-02
11:20:00,9.420903E+02,1.483431E+03,4.862259E-02,1.453646E-01,3.219737E+02,6.147334E+02,1.661797E-02,6.023786E-02,6.869698E+02,1.352254E+03,3.545517E-02,1.325095E-01,4.997857E+02,5.118719E+02,2.579407E-02,5.015976E-02,9.137319E+02,1.015505E+03,4.715747E-02,9.951379E-02,3.961888E+02,8.296409E+02,2.044839E-02,8.129711E-02,8.505975E+02,8.241936E+02,4.389559E-02,8.076757E-02
11:30:00,9.368512E+02,1.465153E+03,4.835219E-02,1.435734E-01,3.193070E+02,6.208608E+02,1.648033E-02,6.083826E-02,6.833679E+02,1.336475E+03,3.526927E-02,1.309633E-01,4.974174E+02,5.131459E+02,2.567184E-02,5.028460E-02,9.099605E+02,1.027465E+03,4.696283E-02,1.006858E-01,3.929317E+02,8.363085E+02,2.028029E-02,8.195044E-02,8.486808E+02,8.079102E+02,4.379668E-02,7.917185E-02
11:40:00,9.318058E+02,1.446686E+03,4.809178E-02,1.417638E-01,3.167547E+02,6.266038E+02,1.634860E-02,6.140100E-02,6.799056E+02,1.319939E+03,3.509057E-02,1.293428E-01,4.951503E+02,5.142759E+02,2.555483E-02,5.039533E-02,9.063342E+02,1.038747E+03,4.677568E-02,1.017913E-01,3.898059E+02,8.423365E+02,2.011896E-02,8.254110E-02,8.468520E+02,7.916205E+02,4.370229E-02,7.757553E-02
11:50:00,9.269398E+02,1.428926E+03,4.784064E-02,1.400234E-01,3.143066E+02,6.319228E+02,1.622225E-02,6.192219E-02,6.765721E+02,1.303748E+03,3.491853E-02,1.277562E-01,4.929759E+02,5.152587E+02,2.544261E-02,5.049163E-02,9.028423E+02,1.049281E+03,4.659546E-02,1.028235E-01,3.868002E+02,8.476997E+02,1.996382E-02,8.306661E-02,8.451031E+02,7.761125E+02,4.361204E-02,7.605583E-02
12:00:00,9.222410E+02,1.412859E+03,4.759813E-02,1.384490E-01,3.119539E+02,6.367834E+02,1.610082E-02,6.239845E-02,6.733580E+02,1.289122E+03,3.475264E-02,1.263230E-01,4.908865E+02,5.165648E+02,2.533477E-02,5.061961E-02,8.994755E+02,1.059635E+03,4.642169E-02,1.038382E-01,3.839051E+02,8.523873E+02,1.981440E-02,8.352592E-02,8.434277E+02,7.626630E+02,4.352557E-02,7.473786E-02
12:10:00,9.176990E+02,1.398884E+03,4.736370E-02,1.370796E-01,3.096891E+02,6.411691E+02,1.598392E-02,6.282819E-02,6.702554E+02,1.276521E+03,3.459251E-02,1.250883E-01,4.888757E+02,5.188572E+02,2.523100E-02,5.084425E-02,8.962256E+02,1.070643E+03,4.625396E-02,1.049168E-01,3.811125E+02,8.564122E+02,1.967026E-02,8.392029E-02,8.418200E+02,7.522902E+02,4.344260E-02,7.372143E-02
12:20:00,9.133043E+02,1.387174E+03,4.713689E-02,1.359322E-01,3.075057E+02,6.450799E+02,1.587123E-02,6.321139E-02,6.672571E+02,1.266127E+03,3.443776E-02,1.240699E-01,4.869381E+02,5.227129E+02,2.513099E-02,5.122209E-02,8.930858E+02,1.083022E+03,4.609191E-02,1.061299E-01,3.784153E+02,8.597911E+02,1.953105E-02,8.425137E-02,8.402752E+02,7.457599E+02,4.336288E-02,7.308156E-02
12:30:00,9.090489E+02,1.377705E+03,4.691726E-02,1.350044E-01,3.053983E+02,6.485124E+02,1.576246E-02,6.354772E-02,6.643572E+02,1.257847E+03,3.428809E-02,1.232585E-01,4.850689E+02,5.286313E+02,2.503452E-02,5.180207E-02,8.900496E+02,1.097378E+03,4.593522E-02,1.075366E-01,3.758075E+02,8.625455E+02,1.939645E-02,8.452124E-02,8.387893E+02,7.435747E+02,4.328620E-02,7.286752E-02
12:40:00,9.049254E+02,1.370220E+03,4.670444E-02,1.342710E-01,3.033619E+02,6.514821E+02,1.565736E-02,6.383870E-02,6.615501E+02,1.251286E+03,3.414322E-02,1.226157E-01,4.832638E+02,5.370305E+02,2.494135E-02,5.262517E-02,8.871117E+02,1.114207E+03,4.578359E-02,1.091858E-01,3.732837E+02,8.646598E+02,1.926619E-02,8.472841E-02,8.373584E+02,7.459427E+02,4.321235E-02,7.309969E-02
12:50:00,9.009273E+02,1.364204E+03,4.649809E-02,1.336815E-01,3.013924E+02,6.540070E+02,1.555571E-02,6.408609E-02,6.588311E+02,1.245724E+03,3.400288E-02,1.220707E-01,4.815191E+02,5.482459E+02,2.485131E-02,5.372425E-02,8.842671E+02,1.133903E+03,4.563677E-02,1.111159E-01,3.708391E+02,8.661390E+02,1.914002E-02,8.487333E-02,8.359794E+02,7.527406E+02,4.314119E-02,7.376599E-02
13:00:00,8.970487E+02,1.358972E+03,4.629790E-02,1.331689E-01,2.994859E+02,6.561062E+02,1.545731E-02,6.429178E-02,6.561957E+02,1.240229E+03,3.386687E-02,1.215323E-01,4.798315E+02,5.620682E+02,2.476421E-02,5.507879E-02,8.815111E+02,1.156153E+03,4.549454E-02,1.132963E-01,3.684697E+02,8.669679E+02,1.901773E-02,8.495453E-02,8.346495E+02,7.632157E+02,4.307255E-02,7.479262E-02
13:10:00,8.932842E+02,1.354365E+03,4.610361E-02,1.327175E-01,2.976392E+02,6.577859E+02,1.536199E-02,6.445635E-02,6.536400E+02,1.234510E+03,3.373496E-02,1.209719E-01,4.781981E+02,5.780645E+02,2.467991E-02,5.664637E-02,8.788399E+02,1.180351E+03,4.535667E-02,1.156676E-01,3.661716E+02,8.671135E+02,1.889911E-02,8.496878E-02,8.333659E+02,7.767484E+02,4.300631E-02,7.611888E-02
13:20:00,8.896288E+02,1.350259E+03,4.591495E-02,1.323152E-01,2.958491E+02,6.590397E+02,1.526960E-02,6.457920E-02,6.511605E+02,1.228349E+03,3.360699E-02,1.203681E-01,4.766162E+02,5.957960E+02,2.459827E-02,5.838397E-02,8.762494E+02,1.205882E+03,4.522298E-02,1.181694E-01,3.639413E+02,8.665424E+02,1.878401E-02,8.491280E-02,8.321265E+02,7.927381E+02,4.294235E-02,7.768590E-02
13:30:00,8.860781E+02,1.346549E+03,4.573169E-02,1.319516E-01,2.941129E+02,6.598614E+02,1.517999E-02,6.465970E-02,6.487537E+02,1.221628E+03,3.348277E-02,1.197096E-01,4.750833E+02,6.148311E+02,2.451915E-02,6.024930E-02,8.737365E+02,1.232145E+03,4.509328E-02,1.207430E-01,3.617759E+02,8.652107E+02,1.867224E-02,8.478229E-02,8.309290E+02,8.106074E+02,4.288055E-02,7.943707E-02
13:40:00,8.826277E+02,1.343140E+03,4.555361E-02,1.316176E-01,2.924283E+02,6.602241E+02,1.509304E-02,6.469522E-02,6.464167E+02,1.214213E+03,3.336215E-02,1.189829E-01,4.735973E+02,6.347643E+02,2.444246E-02,6.220261E-02,8.712977E+02,1.258584E+03,4.496742E-02,1.233339E-01,3.596725E+02,8.631085E+02,1.856368E-02,8.457628E-02,8.297715E+02,8.298224E+02,4.282081E-02,8.132010E-02
13:50:00,8.792737E+02,1.339950E+03,4.538050E-02,1.313050E-01,2.907928E+02,6.600971E+02,1.500863E-02,6.468277E-02,6.441465E+02,1.206036E+03,3.324499E-02,1.181816E-01,4.721560E+02,6.552270E+02,2.436807E-02,6.420779E-02,8.689301E+02,1.284694E+03,4.484523E-02,1.258925E-01,3.576284E+02,8.602021E+02,1.845817E-02,8.429146E-02,8.286522E+02,8.499038E+02,4.276305E-02,8.328801E-02
14:00:00,8.760124E+02,1.336901E+03,4.521218E-02,1.310062E-01,2.892045E+02,6.594469E+02,1.492665E-02,6.461905E-02,6.419407E+02,1.197040E+03,3.313114E-02,1.173002E-01,4.707577E+02,6.758908E+02,2.429590E-02,6.623267E-02,8.666310E+02,1.310042E+03,4.472657E-02,1.283764E-01,3.556412E+02,8.564734E+02,1.835561E-02,8.392606E-02,8.275694E+02,8.704313E+02,4.270717E-02,8.529962E-02
14:10:00,8.728405E+02,1.333860E+03,4.504847E-02,1.307083E-01,2.876613E+02,6.582396E+02,1.484700E-02,6.450073E-02,6.397967E+02,1.187198E+03,3.302049E-02,1.163357E-01,4.694004E+02,6.965338E+02,2.422585E-02,6.825548E-02,8.643976E+02,1.334210E+03,4.461130E-02,1.307446E-01,3.537087E+02,8.519097E+02,1.825587E-02,8.347885E-02,8.265216E+02,8.909909E+02,4.265309E-02,8.731435E-02
14:20:00,8.697546E+02,1.330298E+03,4.488920E-02,1.303592E-01,2.861615E+02,6.564566E+02,1.476959E-02,6.432600E-02,6.377121E+02,1.176324E+03,3.291290E-02,1.152701E-01,4.680827E+02,7.171385E+02,2.415784E-02,7.027454E-02,8.622276E+02,1.357190E+03,4.449931E-02,1.329964E-01,3.518289E+02,8.465165E+02,1.815885E-02,8.295036E-02,8.255073E+02,9.113018E+02,4.260075E-02,8.930470E-02
14:30:00,8.667517E+02,1.326411E+03,4.473422E-02,1.299783E-01,2.847034E+02,6.540670E+02,1.469434E-02,6.409183E-02,6.356848E+02,1.164477E+03,3.280827E-02,1.141092E-01,4.668029E+02,7.374607E+02,2.409179E-02,7.226590E-02,8.601186E+02,1.378631E+03,4.439046E-02,1.350974E-01,3.499997E+02,8.402766E+02,1.806444E-02,8.233889E-02,8.245251E+02,9.311213E+02,4.255006E-02,9.124688E-02
14:40:00,8.638288E+02,1.322208E+03,4.458336E-02,1.295665E-01,2.832855E+02,6.510603E+02,1.462115E-02,6.379720E-02,6.337128E+02,1.151729E+03,3.270649E-02,1.128599E-01,4.655597E+02,7.573371E+02,2.402763E-02,7.421357E-02,8.580683E+02,1.398316E+03,4.428464E-02,1.370263E-01,3.482193E+02,8.331985E+02,1.797255E-02,8.164529E-02,8.235738E+02,9.502583E+02,4.250097E-02,9.312217E-02
14:50:00,8.609832E+02,1.317682E+03,4.443650E-02,1.291230E-01,2.819062E+02,6.474401E+02,1.454996E-02,6.344244E-02,6.317941E+02,1.138108E+03,3.260746E-02,1.115252E-01,4.643516E+02,7.766546E+02,2.396528E-02,7.610647E-02,8.560748E+02,1.416139E+03,4.418176E-02,1.387727E-01,3.464860E+02,8.253118E+02,1.788308E-02,8.087246E-02,8.226521E+02,9.685682E+02,4.245340E-02,9.491639E-02
15:00:00,8.582124E+02,1.312810E+03,4.429349E-02,1.286456E-01,2.805641E+02,6.432258E+02,1.448069E-02,6.302947E-02,6.299268E+02,1.123675E+03,3.251109E-02,1.101109E-01,4.631773E+02,7.953055E+02,2.390467E-02,7.793405E-02,8.541360E+02,1.432023E+03,4.408170E-02,1.403292E-01,3.447982E+02,8.166668E+02,1.779597E-02,8.002532E-02,8.217590E+02,9.859195E+02,4.240731E-02,9.661667E-02
15:10:00,8.555138E+02,1.307578E+03,4.415421E-02,1.281329E-01,2.792580E+02,6.384471E+02,1.441328E-02,6.256120E-02,6.281092E+02,1.108495E+03,3.241728E-02,1.086234E-01,4.620358E+02,8.131282E+02,2.384576E-02,7.968047E-02,8.522501E+02,1.445951E+03,4.398436E-02,1.416940E-01,3.431542E+02,8.073240E+02,1.771112E-02,7.910981E-02,8.208932E+02,1.002177E+03,4.236263E-02,9.820976E-02
15:20:00,8.528850E+02,1.302437E+03,4.401853E-02,1.276290E-01,2.779866E+02,6.331513E+02,1.434766E-02,6.204226E-02,6.263397E+02,1.092878E+03,3.232595E-02,1.070930E-01,4.609257E+02,8.298328E+02,2.378846E-02,8.131732E-02,8.504152E+02,1.457650E+03,4.388966E-02,1.428402E-01,3.415526E+02,7.973698E+02,1.762846E-02,7.813439E-02,8.200539E+02,1.017212E+03,4.231931E-02,9.968306E-02
15:30:00,8.503238E+02,1.297109E+03,4.388634E-02,1.271070E-01,2.767487E+02,6.274278E+02,1.428377E-02,6.148141E-02,6.246165E+02,1.076871E+03,3.223702E-02,1.055245E-01,4.598461E+02,8.453915E+02,2.373274E-02,8.284188E-02,8.486297E+02,1.467290E+03,4.379751E-02,1.437848E-01,3.399921E+02,7.869504E+02,1.754791E-02,7.711339E-02,8.192399E+02,1.030920E+03,4.227731E-02,1.010263E-01
15:40:00,8.478280E+02,1.291512E+03,4.375753E-02,1.265585E-01,2.755432E+02,6.213784E+02,1.422155E-02,6.088862E-02,6.229383E+02,1.060608E+03,3.215040E-02,1.039309E-01,4.587958E+02,8.597124E+02,2.367854E-02,8.424514E-02,8.468919E+02,1.475017E+03,4.370782E-02,1.445420E-01,3.384712E+02,7.762249E+02,1.746941E-02,7.606239E-02,8.184504E+02,1.043183E+03,4.223656E-02,1.022280E-01
15:50:00,8.453956E+02,1.285590E+03,4.363199E-02,1.259782E-01,2.743691E+02,6.151255E+02,1.416095E-02,6.027590E-02,6.213035E+02,1.044268E+03,3.206603E-02,1.023297E-01,4.577739E+02,8.727112E+02,2.362580E-02,8.551885E-02,8.452003E+02,1.480928E+03,4.362052E-02,1.451211E-01,3.369887E+02,7.653722E+02,1.739290E-02,7.499894E-02,8.176846E+02,1.053891E+03,4.219704E-02,1.032772E-01
16:00:00,8.430245E+02,1.279308E+03,4.350962E-02,1.253626E-01,2.732252E+02,6.088121E+02,1.410191E-02,5.965725E-02,6.197108E+02,1.028056E+03,3.198383E-02,1.007410E-01,4.567795E+02,8.842746E+02,2.357447E-02,8.665190E-02,8.435533E+02,1.485161E+03,4.353551E-02,1.455359E-01,3.355434E+02,7.545931E+02,1.731830E-02,7.394270E-02,8.169415E+02,1.062923E+03,4.215869E-02,1.041623E-01
16:10:00,8.407130E+02,1.272632E+03,4.339031E-02,1.247084E-01,2.721107E+02,6.026003E+02,1.404438E-02,5.904857E-02,6.181589E+02,1.012196E+03,3.190373E-02,9.918695E-02,4.558116E+02,8.943099E+02,2.352452E-02,8.763522E-02,8.419496E+02,1.487869E+03,4.345275E-02,1.458011E-01,3.341341E+02,7.441048E+02,1.724557E-02,7.291495E-02,8.162203E+02,1.070238E+03,4.212147E-02,1.048791E-01
16:20:00,8.384591E+02,1.265751E+03,4.327399E-02,1.240341E-01,2.710246E+02,5.966757E+02,1.398833E-02,5.846803E-02,6.166464E+02,9.969430E+02,3.182567E-02,9.769230E-02,4.548694E+02,9.027836E+02,2.347589E-02,8.846551E-02,8.403877E+02,1.489361E+03,4.337214E-02,1.459473E-01,3.327598E+02,7.341575E+02,1.717463E-02,7.194023E-02,8.155203E+02,1.075742E+03,4.208535E-02,1.054183E-01
16:30:00,8.362612E+02,1.259064E+03,4.316055E-02,1.233788E-01,2.699659E+02,5.911301E+02,1.393369E-02,5.792462E-02,6.151723E+02,9.824173E+02,3.174958E-02,9.626893E-02,4.539520E+02,9.097535E+02,2.342855E-02,8.914844E-02,8.388664E+02,1.489795E+03,4.329362E-02,1.459898E-01,3.314193E+02,7.248733E+02,1.710544E-02,7.103050E-02,8.148407E+02,1.079444E+03,4.205028E-02,1.057810E-01
16:40:00,8.341175E+02,1.252917E+03,4.304991E-02,1.227765E-01,2.689340E+02,5.859890E+02,1.388043E-02,5.742086E-02,6.137351E+02,9.686401E+02,3.167541E-02,9.491891E-02,4.530587E+02,9.152595E+02,2.338244E-02,8.968793E-02,8.373844E+02,1.489147E+03,4.321714E-02,1.459262E-01,3.301116E+02,7.162849E+02,1.703795E-02,7.018894E-02,8.141809E+02,1.081329E+03,4.201623E-02,1.059657E-01
16:50:00,8.320265E+02,1.247601E+03,4.294199E-02,1.222555E-01,2.679279E+02,5.812337E+02,1.382850E-02,5.695491E-02,6.123340E+02,9.555692E+02,3.160310E-02,9.363811E-02,4.521888E+02,9.192896E+02,2.333754E-02,9.008280E-02,8.359406E+02,1.487323E+03,4.314262E-02,1.457475E-01,3.288358E+02,7.083669E+02,1.697210E-02,6.941307E-02,8.135402E+02,1.081353E+03,4.198316E-02,1.059680E-01
17:00:00,8.299866E+02,1.242840E+03,4.283670E-02,1.217890E-01,2.669469E+02,5.767047E+02,1.377786E-02,5.651113E-02,6.109678E+02,9.427764E+02,3.153258E-02,9.238455E-02,4.513413E+02,9.213141E+02,2.329381E-02,9.028113E-02,8.345336E+02,1.483362E+03,4.307001E-02,1.453593E-01,3.275909E+02,7.009100E+02,1.690785E-02,6.868240E-02,8.129179E+02,1.078781E+03,4.195104E-02,1.057159E-01
17:10:00,8.279964E+02,1.239069E+03,4.273398E-02,1.214195E-01,2.659901E+02,5.723340E+02,1.372848E-02,5.608286E-02,6.096354E+02,9.302596E+02,3.146382E-02,9.115804E-02,4.505158E+02,9.216412E+02,2.325120E-02,9.031314E-02,8.331625E+02,1.477486E+03,4.299924E-02,1.447835E-01,3.263761E+02,6.938376E+02,1.684515E-02,6.798940E-02,8.123134E+02,1.073939E+03,4.191985E-02,1.052413E-01
17:20:00,8.260543E+02,1.236229E+03,4.263375E-02,1.211413E-01,2.650570E+02,5.679823E+02,1.368032E-02,5.565646E-02,6.083359E+02,9.178696E+02,3.139675E-02,8.994394E-02,4.497115E+02,9.202473E+02,2.320969E-02,9.017651E-02,8.318262E+02,1.469385E+03,4.293027E-02,1.439896E-01,3.251903E+02,6.869786E+02,1.678395E-02,6.731731E-02,8.117261E+02,1.066886E+03,4.188954E-02,1.045501E-01
17:30:00,8.241591E+02,1.233921E+03,4.253594E-02,1.209152E-01,2.641467E+02,5.635603E+02,1.363334E-02,5.522315E-02,6.070683E+02,9.054999E+02,3.133133E-02,8.873183E-02,4.489278E+02,9.169088E+02,2.316924E-02,8.984933E-02,8.305236E+02,1.458707E+03,4.286305E-02,1.429432E-01,3.240329E+02,6.802271E+02,1.672421E-02,6.665574E-02,8.111554E+02,1.057451E+03,4.186009E-02,1.036255E-01
17:40:00,8.223094E+02,1.231708E+03,4.244047E-02,1.206983E-01,2.632587E+02,5.590299E+02,1.358751E-02,5.477923E-02,6.058318E+02,8.931177E+02,3.126751E-02,8.751849E-02,4.481640E+02,9.113953E+02,2.312982E-02,8.930902E-02,8.292538E+02,1.445167E+03,4.279751E-02,1.416163E-01,3.229030E+02,6.735474E+02,1.666589E-02,6.600121E-02,8.106009E+02,1.045441E+03,4.183147E-02,1.024486E-01
17:50:00,8.205039E+02,1.229126E+03,4.234728E-02,1.204453E-01,2.623923E+02,5.543505E+02,1.354279E-02,5.432070E-02,6.046253E+02,8.806892E+02,3.120524E-02,8.630062E-02,4.474195E+02,9.034544E+02,2.309140E-02,8.853083E-02,8.280157E+02,1.428504E+03,4.273361E-02,1.399834E-01,3.217998E+02,6.669001E+02,1.660895E-02,6.534985E-02,8.100620E+02,1.030664E+03,4.180366E-02,1.010004E-01
18:00:00,8.187414E+02,1.226170E+03,4.225632E-02,1.201557E-01,2.615468E+02,5.495954E+02,1.349915E-02,5.385475E-02,6.034480E+02,8.685230E+02,3.114448E-02,8.510844E-02,4.466939E+02,8.933191E+02,2.305395E-02,8.753762E-02,8.268085E+02,1.409194E+03,4.267131E-02,1.380911E-01,3.207225E+02,6.603970E+02,1.655335E-02,6.471262E-02,8.095381E+02,1.013561E+03,4.177663E-02,9.932441E-02
18:10:00,8.535237E+02,1.222018E+03,4.405148E-02,1.197488E-01,2.692160E+02,5.447035E+02,1.389498E-02,5.337540E-02,6.304675E+02,8.564609E+02,3.253898E-02,8.392647E-02,4.675607E+02,8.806245E+02,2.413089E-02,8.629363E-02,8.665376E+02,1.386477E+03,4.472171E-02,1.358649E-01,3.310770E+02,6.539722E+02,1.708777E-02,6.408307E-02,8.519240E+02,9.934569E+02,4.396397E-02,9.735425E-02
18:20:00,8.883629E+02,1.216041E+03,4.584946E-02,1.191631E-01,2.769077E+02,5.396359E+02,1.429195E-02,5.287883E-02,6.575269E+02,8.443938E+02,3.393544E-02,8.274401E-02,4.884539E+02,8.650152E+02,2.520910E-02,8.476402E-02,9.063135E+02,1.359913E+03,4.677435E-02,1.332618E-01,3.414602E+02,6.475805E+02,1.762366E-02,6.345675E-02,8.943380E+02,9.699479E+02,4.615245E-02,9.505044E-02
18:30:00,9.232657E+02,1.207065E+03,4.765051E-02,1.182835E-01,2.846226E+02,5.343347E+02,1.469010E-02,5.235937E-02,6.846331E+02,8.321626E+02,3.533411E-02,8.154547E-02,5.093811E+02,8.451541E+02,2.628884E-02,8.281776E-02,9.461533E+02,1.328101E+03,4.882981E-02,1.301444E-01,3.518723E+02,6.411580E+02,1.816101E-02,6.282741E-02,9.368106E+02,9.418247E+02,4.834261E-02,9.229447E-02
18:40:00,9.582371E+02,1.195041E+03,4.945481E-02,1.171051E-01,2.923617E+02,5.287615E+02,1.508947E-02,5.181326E-02,7.117889E+02,8.197634E+02,3.673506E-02,8.033045E-02,5.303429E+02,8.214540E+02,2.737009E-02,8.049530E-02,9.860573E+02,1.291832E+03,5.088800E-02,1.265902E-01,3.623149E+02,6.346849E+02,1.869989E-02,6.219312E-02,9.793299E+02,9.096771E+02,5.053381E-02,8.914410E-02
18:50:00,9.932676E+02,1.178820E+03,5.126191E-02,1.155156E-01,3.001237E+02,5.228650E+02,1.548998E-02,5.123546E-02,7.389862E+02,8.071215E+02,3.813793E-02,7.909166E-02,5.513325E+02,7.925710E+02,2.845257E-02,7.766498E-02,1.026011E+03,1.249845E+03,5.294833E-02,1.224757E-01,3.727862E+02,6.281233E+02,1.924020E-02,6.155016E-02,1.021879E+03,8.724490E+02,5.272588E-02,8.549587E-02
19:00:00,1.028350E+03,1.158715E+03,5.307152E-02,1.135453E-01,3.079074E+02,5.166034E+02,1.589159E-02,5.062189E-02,7.662191E+02,7.942550E+02,3.954251E-02,7.783086E-02,5.723451E+02,7.594623E+02,2.953613E-02,7.442056E-02,1.066005E+03,1.203496E+03,5.501048E-02,1.179338E-01,3.832846E+02,6.214592E+02,1.978189E-02,6.089715E-02,1.064451E+03,8.312158E+02,5.491903E-02,8.145515E-02
19:10:00,1.026976E+03,1.135463E+03,5.299947E-02,1.112667E-01,3.072176E+02,5.099834E+02,1.585583E-02,4.997320E-02,7.653152E+02,7.812778E+02,3.949486E-02,7.655920E-02,5.718038E+02,7.233195E+02,2.950725E-02,7.087881E-02,1.065126E+03,1.154654E+03,5.496313E-02,1.131476E-01,3.824023E+02,6.147281E+02,1.973616E-02,6.023757E-02,1.064150E+03,7.875719E+02,5.489970E-02,7.717821E-02
19:20:00,1.025628E+03,1.110502E+03,5.292885E-02,1.088207E-01,3.065449E+02,5.030136E+02,1.582097E-02,4.929023E-02,7.644280E+02,7.682510E+02,3.944813E-02,7.528268E-02,5.712727E+02,6.864917E+02,2.947897E-02,6.726997E-02,1.064260E+03,1.106054E+03,5.491663E-02,1.083851E-01,3.815403E+02,6.079436E+02,1.969149E-02,5.957276E-02,1.063854E+03,7.438442E+02,5.488100E-02,7.289307E-02
19:30:00,1.024297E+03,1.085938E+03,5.285924E-02,1.064136E-01,3.058872E+02,4.958792E+02,1.578689E-02,4.859113E-02,7.635479E+02,7.556744E+02,3.940196E-02,7.405029E-02,5.707422E+02,6.519037E+02,2.945094E-02,6.388063E-02,1.063388E+03,1.061093E+03,5.487026E-02,1.039793E-01,3.806968E+02,6.012884E+02,1.964779E-02,5.892062E-02,1.063531E+03,7.030207E+02,5.486224E-02,6.889256E-02
19:40:00,1.022973E+03,1.062420E+03,5.279032E-02,1.041089E-01,3.052422E+02,4.887177E+02,1.575350E-02,4.788938E-02,7.626702E+02,7.436971E+02,3.935617E-02,7.287662E-02,5.702107E+02,6.202217E+02,2.942313E-02,6.077610E-02,1.062506E+03,1.020309E+03,5.482398E-02,9.998275E-02,3.798686E+02,5.948342E+02,1.960491E-02,5.828818E-02,1.063190E+03,6.657319E+02,5.484394E-02,6.523850E-02
19:50:00,1.021671E+03,1.041615E+03,5.272277E-02,1.020702E-01,3.046140E+02,4.816974E+02,1.572100E-02,4.720146E-02,7.618056E+02,7.325001E+02,3.931128E-02,7.177943E-02,5.696864E+02,5.937038E+02,2.939590E-02,5.817765E-02,1.061632E+03,9.860361E+02,5.477852E-02,9.662436E-02,3.790611E+02,5.886721E+02,1.956314E-02,5.768436E-02,1.062849E+03,6.340361E+02,5.482626E-02,6.213256E-02
20:00:00,1.020396E+03,1.023769E+03,5.265671E-02,1.003215E-01,3.040021E+02,4.749672E+02,1.568937E-02,4.654198E-02,7.609582E+02,7.221461E+02,3.926741E-02,7.076485E-02,5.691726E+02,5.722831E+02,2.936932E-02,5.607870E-02,1.060773E+03,9.579631E+02,5.473408E-02,9.387355E-02,3.782739E+02,5.828510E+02,1.952244E-02,5.711397E-02,1.062512E+03,6.078297E+02,5.480893E-02,5.956458E-02
20:10:00,1.019146E+03,1.008868E+03,5.259212E-02,9.886143E-02,3.034053E+02,4.686581E+02,1.565853E-02,4.592377E-02,7.601286E+02,7.126688E+02,3.922452E-02,6.983618E-02,5.686702E+02,5.554116E+02,2.934336E-02,5.442555E-02,1.059932E+03,9.353172E+02,5.469064E-02,9.165457E-02,3.775056E+02,5.774101E+02,1.948273E-02,5.658083E-02,1.062180E+03,5.865502E+02,5.479180E-02,5.747943E-02
20:20:00,1.017924E+03,9.961438E+02,5.252896E-02,9.761465E-02,3.028229E+02,4.628683E+02,1.562844E-02,4.535644E-02,7.593175E+02,7.040975E+02,3.918262E-02,6.899630E-02,5.681793E+02,5.415337E+02,2.931802E-02,5.306575E-02,1.059110E+03,9.163161E+02,5.464819E-02,8.979276E-02,3.767554E+02,5.723794E+02,1.944397E-02,5.608788E-02,1.061853E+03,5.687668E+02,5.477491E-02,5.573688E-02
20:30:00,1.016729E+03,9.848213E+02,5.246721E-02,9.650522E-02,3.022543E+02,4.575501E+02,1.559907E-02,4.483533E-02,7.585246E+02,6.961245E+02,3.914168E-02,6.821504E-02,5.676999E+02,5.295909E+02,2.929327E-02,5.189555E-02,1.058307E+03,8.996094E+02,5.460671E-02,8.815576E-02,3.760225E+02,5.676644E+02,1.940612E-02,5.562588E-02,1.061532E+03,5.532941E+02,5.475831E-02,5.422074E-02
20:40:00,1.015560E+03,9.745379E+02,5.240686E-02,9.549760E-02,3.016992E+02,4.526633E+02,1.557040E-02,4.435649E-02,7.577499E+02,6.886179E+02,3.910168E-02,6.747948E-02,5.672318E+02,5.190605E+02,2.926911E-02,5.086374E-02,1.057521E+03,8.845575E+02,5.456619E-02,8.668089E-02,3.753066E+02,5.632162E+02,1.936915E-02,5.519001E-02,1.061217E+03,5.395415E+02,5.474205E-02,5.287313E-02
20:50:00,1.014410E+03,9.650792E+02,5.234749E-02,9.457079E-02,3.011531E+02,4.481604E+02,1.554221E-02,4.391528E-02,7.569881E+02,6.815012E+02,3.906236E-02,6.678213E-02,5.667718E+02,5.096186E+02,2.924537E-02,4.993857E-02,1.056750E+03,8.707789E+02,5.452637E-02,8.533076E-02,3.746020E+02,5.590026E+02,1.933276E-02,5.477713E-02,1.060907E+03,5.271395E+02,5.472607E-02,5.165786E-02
21:00:00,1.013279E+03,9.562891E+02,5.228912E-02,9.370947E-02,3.006161E+02,4.439923E+02,1.551449E-02,4.350686E-02,7.562394E+02,6.747179E+02,3.902372E-02,6.611744E-02,5.663201E+02,5.010355E+02,2.922206E-02,4.909754E-02,1.055992E+03,8.580082E+02,5.448728E-02,8.407938E-02,3.739089E+02,5.549961E+02,1.929698E-02,5.438455E-02,1.060603E+03,5.158197E+02,5.471037E-02,5.054862E-02
21:10:00,1.012170E+03,9.480163E+02,5.223185E-02,9.289884E-02,3.000891E+02,4.401050E+02,1.548728E-02,4.312596E-02,7.555050E+02,6.681993E+02,3.898581E-02,6.547869E-02,5.658772E+02,4.931216E+02,2.919920E-02,4.832208E-02,1.055250E+03,8.460146E+02,5.444897E-02,8.290413E-02,3.732283E+02,5.511629E+02,1.926184E-02,5.400894E-02,1.060304E+03,5.053432E+02,5.469498E-02,4.952202E-02
21:20:00,1.011082E+03,9.401678E+02,5.217571E-02,9.212978E-02,2.995722E+02,4.364574E+02,1.546060E-02,4.276854E-02,7.547852E+02,6.619097E+02,3.894866E-02,6.486237E-02,5.654434E+02,4.857474E+02,2.917682E-02,4.759950E-02,1.054523E+03,8.346514E+02,5.441145E-02,8.179066E-02,3.725605E+02,5.474823E+02,1.922737E-02,5.364829E-02,1.060013E+03,4.955507E+02,5.467993E-02,4.856242E-02
21:30:00,1.010016E+03,9.326701E+02,5.212071E-02,9.139509E-02,2.990654E+02,4.330138E+02,1.543444E-02,4.243111E-02,7.540800E+02,6.558200E+02,3.891228E-02,6.426565E-02,5.650186E+02,4.788133E+02,2.915490E-02,4.692004E-02,1.053811E+03,8.238075E+02,5.437473E-02,8.072806E-02,3.719056E+02,5.439362E+02,1.919357E-02,5.330081E-02,1.059727E+03,4.863183E+02,5.466520E-02,4.765772E-02
21:40:00,1.008972E+03,9.254658E+02,5.206684E-02,9.068915E-02,2.985689E+02,4.297441E+02,1.540881E-02,4.211073E-02,7.533896E+02,6.499072E+02,3.887664E-02,6.368626E-02,5.646029E+02,4.722425E+02,2.913345E-02,4.627618E-02,1.053115E+03,8.133977E+02,5.433881E-02,7.970801E-02,3.712637E+02,5.405093E+02,1.916043E-02,5.296502E-02,1.059448E+03,4.775498E+02,5.465082E-02,4.679847E-02
21:50:00,1.007950E+03,9.185096E+02,5.201410E-02,9.000751E-02,2.980826E+02,4.266234E+02,1.538371E-02,4.180495E-02,7.527137E+02,6.441526E+02,3.884177E-02,6.312236E-02,5.641962E+02,4.659753E+02,2.911246E-02,4.566206E-02,1.052434E+03,8.033567E+02,5.430367E-02,7.872409E-02,3.706348E+02,5.371888E+02,1.912797E-02,5.263966E-02,1.059176E+03,4.691695E+02,5.463677E-02,4.597726E-02
22:00:00,1.006950E+03,9.117657E+02,5.196247E-02,8.934668E-02,2.976064E+02,4.236310E+02,1.535913E-02,4.151173E-02,7.520522E+02,6.385409E+02,3.880763E-02,6.257247E-02,5.637984E+02,4.599651E+02,2.909193E-02,4.507312E-02,1.051768E+03,7.936341E+02,5.426931E-02,7.777136E-02,3.700186E+02,5.339639E+02,1.909617E-02,5.232366E-02,1.058910E+03,4.611179E+02,5.462306E-02,4.518825E-02
22:10:00,8.387066E+02,7.697460E+02,4.328047E-02,7.516391E-02,2.478063E+02,3.550464E+02,1.278900E-02,3.472356E-02,6.264336E+02,5.407331E+02,3.232542E-02,5.276211E-02,4.696657E+02,3.927618E+02,2.423469E-02,3.823874E-02,8.761952E+02,6.826691E+02,4.521006E-02,6.637101E-02,3.080913E+02,4.480263E+02,1.590018E-02,4.381113E-02,9.344858E+02,3.986600E+02,4.761876E-02,3.870314E-02
22:20:00,6.706354E+02,6.449535E+02,3.460736E-02,6.234245E-02,1.980880E+02,2.903736E+02,1.022310E-02,2.825540E-02,5.009288E+02,4.536338E+02,2.584908E-02,4.381404E-02,3.801546E+02,3.318152E+02,1.956411E-02,3.192976E-02,7.277769E+02,5.837790E+02,3.724504E-02,5.597620E-02,2.462698E+02,3.670330E+02,1.270965E-02,3.570272E-02,8.320600E+02,3.406702E+02,4.149430E-02,3.259065E-02
22:30:00,5.027328E+02,5.333943E+02,2.594294E-02,5.056409E-02,1.484499E+02,2.324077E+02,7.661331E-03,2.231349E-02,3.829269E+02,3.754077E+02,1.967570E-02,3.555806E-02,3.004266E+02,2.771086E+02,1.528747E-02,2.610783E-02,6.017483E+02,4.963714E+02,3.018413E-02,4.647130E-02,1.845520E+02,2.952495E+02,9.524484E-03,2.831400E-02,7.445185E+02,2.893351E+02,3.596500E-02,2.701689E-02
22:40:00,3.456601E+02,4.377985E+02,1.771875E-02,4.003405E-02,9.889029E+01,1.834659E+02,5.103616E-03,1.707220E-02,2.759174E+02,3.076025E+02,1.394871E-02,2.811905E-02,2.287986E+02,2.286033E+02,1.133782E-02,2.077912E-02,4.891677E+02,4.187377E+02,2.366143E-02,3.774288E-02,1.229359E+02,2.352213E+02,6.344556E-03,2.183467E-02,6.642001E+02,2.424582E+02,3.072556E-02,2.181334E-02
22:50:00,2.022959E+02,3.428957E+02,1.004691E-02,2.957994E-02,4.940754E+01,1.353682E+02,2.549867E-03,1.190542E-02,1.772375E+02,2.411276E+02,8.555368E-03,2.080152E-02,1.618649E+02,1.822683E+02,7.576712E-03,1.563755E-02,3.821433E+02,3.446406E+02,1.736205E-02,2.931969E-02,6.141924E+01,1.759038E+02,3.169764E-03,1.542034E-02,5.891730E+02,1.986535E+02,2.569886E-02,1.687342E-02
23:00:00,7.044245E+01,2.531709E+02,2.837784E-03,1.954725E-02,0.000000E+00,8.976034E+01,0.000000E+00,6.940197E-03,8.428054E+01,1.782290E+02,3.392037E-03,1.377833E-02,9.865806E+01,1.383914E+02,3.966050E-03,1.070472E-02,2.800198E+02,2.740670E+02,1.126071E-02,2.119986E-02,0.000000E+00,1.194490E+02,0.000000E+00,9.237303E-03,5.185670E+02,1.569254E+02,2.085002E-02,1.211945E-02
23:10:00,1.135951E+02,3.019244E+02,4.572066E-03,2.330892E-02,0.000000E+00,1.118806E+02,0.000000E+00,8.646239E-03,1.212457E+02,2.099544E+02,4.877610E-03,1.622371E-02,1.319810E+02,1.577859E+02,5.305183E-03,1.220085E-02,3.568581E+02,3.076083E+02,1.434847E-02,2.378590E-02,0.000000E+00,1.481228E+02,0.000000E+00,1.144922E-02,5.758219E+02,1.716202E+02,2.314100E-02,1.324808E-02
23:20:00,1.606815E+02,3.362733E+02,6.464425E-03,2.595149E-02,0.000000E+00,1.318803E+02,0.000000E+00,1.018146E-02,1.612086E+02,2.331126E+02,6.483644E-03,1.799224E-02,1.628752E+02,1.727453E+02,6.546565E-03,1.333416E-02,4.097138E+02,3.315770E+02,1.647077E-02,2.559478E-02,0.000000E+00,1.738393E+02,0.000000E+00,1.342201E-02,6.140846E+02,1.835846E+02,2.467342E-02,1.416768E-02
23:30:00,2.117308E+02,3.598938E+02,8.515950E-03,2.776789E-02,0.000000E+00,1.467743E+02,0.000000E+00,1.132449E-02,1.964704E+02,2.492993E+02,7.900481E-03,1.923511E-02,1.859286E+02,1.830728E+02,7.472679E-03,1.412564E-02,4.431185E+02,3.462709E+02,1.780799E-02,2.671821E-02,0.000000E+00,1.921282E+02,0.000000E+00,1.482394E-02,6.401741E+02,1.904033E+02,2.571943E-02,1.469325E-02
23:40:00,2.552625E+02,3.697936E+02,1.026221E-02,2.853200E-02,0.000000E+00,1.540788E+02,0.000000E+00,1.188771E-02,2.231222E+02,2.567667E+02,8.967886E-03,1.981151E-02,2.024429E+02,1.886284E+02,8.135231E-03,1.455453E-02,4.654779E+02,3.531589E+02,1.870474E-02,2.725012E-02,0.000000E+00,2.002658E+02,0.000000E+00,1.545124E-02,6.612859E+02,1.940845E+02,2.656618E-02,1.497779E-02
23:50:00,2.880108E+02,3.810243E+02,1.157546E-02,2.939876E-02,0.000000E+00,1.618288E+02,0.000000E+00,1.248567E-02,2.435493E+02,2.644372E+02,9.787414E-03,2.040354E-02,2.156308E+02,1.932928E+02,8.664914E-03,1.491460E-02,4.844778E+02,3.582812E+02,1.946761E-02,2.764568E-02,0.000000E+00,2.091428E+02,0.000000E+00,1.613615E-02,6.790585E+02,1.958595E+02,2.727910E-02,1.511504E-02
24:00:00,3.117973E+02,3.889183E+02,1.253022E-02,3.000806E-02,0.000000E+00,1.682533E+02,0.000000E+00,1.298140E-02,2.600796E+02,2.699235E+02,1.045147E-02,2.082703E-02,2.265766E+02,1.966518E+02,9.104509E-03,1.517393E-02,5.006899E+02,3.614882E+02,2.011851E-02,2.789341E-02,0.000000E+00,2.164748E+02,0.000000E+00,1.670190E-02,6.940952E+02,1.965953E+02,2.788233E-02,1.517200E-02
Peak,1.207498E+03,1.581618E+03,6.195868E-02,1.549865E-01,4.775628E+02,6.602241E+02,2.449379E-02,6.469522E-02,8.791747E+02,1.400640E+03,4.512998E-02,1.372512E-01,6.389747E+02,9.216412E+02,3.281828E-02,9.031314E-02,1.112911E+03,1.489795E+03,5.715638E-02,1.459898E-01,5.751368E+02,8.671135E+02,2.948622E-02,8.496878E-02,1.064451E+03,1.081353E+03,5.491903E-02,1.059680E-01

Peak Vol Flow (m3/s),,,5.148412E-02,1.287849E-01,,,2.035294E-02,5.375803E-02,,,3.750043E-02,1.140479E-01,,,2.727011E-02,7.504506E-02,,,4.749368E-02,1.213092E-01,,,2.450137E-02,7.060420E-02,,,4.563458E-02,8.805332E-02
