Time,ROOM_5584D19A:BOSTON LOGAN INTL ARPT ANN HTG 99.6% CONDNS DB:Des Heat Load [W],ROOM_5584D19A:BOSTON LOGAN INTL ARPT ANN CLG .4% CONDNS DB=>MWB:Des Sens Cool Load [W],ROOM_5584D19A:BOSTON LOGAN INTL ARPT ANN HTG 99.6% CONDNS DB:Des Heat Mass Flow [kg/s],ROOM_5584D19A:BOSTON LOGAN INTL ARPT ANN CLG .4% CONDNS DB=>MWB:Des Cool Mass Flow [kg/s],ROOM_7404D1B3:BOSTON LOGAN INTL ARPT ANN HTG 99.6% CONDNS DB:Des Heat Load [W],ROOM_7404D1B3:BOSTON LOGAN INTL ARPT ANN CLG .4% CONDNS DB=>MWB:Des Sens Cool Load [W],ROOM_7404D1B3:BOSTON LOGAN INTL ARPT ANN HTG 99.6% CONDNS DB:Des Heat Mass Flow [kg/s],ROOM_7404D1B3:BOSTON LOGAN INTL ARPT ANN CLG .4% CONDNS DB=>MWB:Des Cool Mass Flow [kg/s],ROOM_87D1E06E:BOSTON LOGAN INTL ARPT ANN HTG 99.6% CONDNS DB:Des Heat Load [W],ROOM_87D1E06E:BOSTON LOGAN INTL ARPT ANN CLG .4% CONDNS DB=>MWB:Des Sens Cool Load [W],ROOM_87D1E06E:BOSTON LOGAN INTL ARPT ANN HTG 99.6% CONDNS DB:Des Heat Mass Flow [kg/s],ROOM_87D1E06E:BOSTON LOGAN INTL ARPT ANN CLG .4% CONDNS DB=>MWB:Des Cool Mass Flow [kg/s],ROOM_EAAB9156:BOSTON LOGAN INTL ARPT ANN HTG 99.6% CONDNS DB:Des Heat Load [W],ROOM_EAAB9156:BOSTON LOGAN INTL ARPT ANN CLG .4% CONDNS DB=>MWB:Des Sens Cool Load [W],ROOM_EAAB9156:BOSTON LOGAN INTL ARPT ANN HTG 99.6% CONDNS DB:Des Heat Mass Flow [kg/s],ROOM_EAAB9156:BOSTON LOGAN INTL ARPT ANN CLG .4% CONDNS DB=>MWB:Des Cool Mass Flow [kg/s],ROOM_F4C6283E:BOSTON LOGAN INTL ARPT ANN HTG 99.6% CONDNS DB:Des Heat Load [W],ROOM_F4C6283E:BOSTON LOGAN INTL ARPT ANN CLG .4% CONDNS DB=>MWB:Des Sens Cool Load [W],ROOM_F4C6283E:BOSTON LOGAN INTL ARPT ANN HTG 99.6% CONDNS DB:Des Heat Mass Flow [kg/s],ROOM_F4C6283E:BOSTON LOGAN INTL ARPT ANN CLG .4% CONDNS DB=>MWB:Des Cool Mass Flow [kg/s],ROOM_F6DD9BCA:BOSTON LOGAN INTL ARPT ANN HTG 99.6% CONDNS DB:Des Heat Load [W],ROOM_F6DD9BCA:BOSTON LOGAN INTL ARPT ANN CLG .4% CONDNS DB=>MWB:Des Sens Cool Load [W],ROOM_F6DD9BCA:BOSTON LOGAN INTL ARPT ANN HTG 99.6% CONDNS DB:Des Heat Mass Flow [kg/s],ROOM_F6DD9BCA:BOSTON LOGAN INTL ARPT ANN CLG .4% CONDNS DB=>MWB:Des Cool Mass Flow [kg/s]
00:10:00,2.898725E+02,3.120010E+02,1.164874E-02,2.407359E-02,2.441199E+02,1.524533E+02,9.807841E-03,1.176437E-02,6.110502E+00,1.622330E+02,2.458352E-04,1.251705E-02,4.656564E+01,4.022706E+01,1.871034E-03,3.104037E-03,1.603212E+02,7.794364E+01,6.440907E-03,6.014745E-03,3.482144E+02,6.001321E+02,1.399390E-02,4.630455E-02
00:20:00,3.032206E+02,3.160945E+02,1.218491E-02,2.438952E-02,2.531368E+02,1.533377E+02,1.016990E-02,1.183263E-02,1.150037E+01,1.665266E+02,4.624559E-04,1.284836E-02,4.968119E+01,4.122174E+01,1.996164E-03,3.180796E-03,1.658018E+02,7.876770E+01,6.660952E-03,6.078348E-03,3.712857E+02,6.056118E+02,1.492087E-02,4.672745E-02
00:30:00,3.149120E+02,3.194337E+02,1.265457E-02,2.464723E-02,2.613024E+02,1.537111E+02,1.049798E-02,1.186143E-02,1.875103E+01,1.702419E+02,7.538600E-04,1.313503E-02,5.251988E+01,4.200612E+01,2.110183E-03,3.241320E-03,1.710494E+02,7.928621E+01,6.871770E-03,6.118358E-03,3.897265E+02,6.099706E+02,1.566178E-02,4.706383E-02
00:40:00,3.253651E+02,3.221529E+02,1.307448E-02,2.485707E-02,2.687110E+02,1.536640E+02,1.079566E-02,1.185777E-02,2.735022E+01,1.734609E+02,1.099457E-03,1.338340E-02,5.517792E+01,4.260602E+01,2.216962E-03,3.287605E-03,1.759470E+02,7.954590E+01,7.068564E-03,6.138388E-03,4.062370E+02,6.134213E+02,1.632512E-02,4.733009E-02
00:50:00,3.349157E+02,3.243617E+02,1.345815E-02,2.502750E-02,2.753634E+02,1.532728E+02,1.106295E-02,1.182756E-02,3.712060E+01,1.762552E+02,1.492120E-03,1.359899E-02,5.782154E+01,4.304568E+01,2.323174E-03,3.321523E-03,1.804210E+02,7.958781E+01,7.248337E-03,6.141609E-03,4.212283E+02,6.161324E+02,1.692743E-02,4.753926E-02
01:00:00,3.438302E+02,3.261497E+02,1.381628E-02,2.516546E-02,2.813599E+02,1.526022E+02,1.130387E-02,1.177579E-02,4.626006E+01,1.786871E+02,1.859172E-03,1.378661E-02,6.027979E+01,4.334732E+01,2.421957E-03,3.344790E-03,1.845106E+02,7.944766E+01,7.412647E-03,6.130781E-03,4.349631E+02,6.182394E+02,1.747924E-02,4.770181E-02
01:10:00,3.523609E+02,3.280361E+02,1.415902E-02,2.531099E-02,2.867662E+02,1.518272E+02,1.152108E-02,1.171597E-02,5.358940E+01,1.810614E+02,2.153711E-03,1.396979E-02,6.261712E+01,4.356655E+01,2.515879E-03,3.361699E-03,1.882313E+02,7.922726E+01,7.562136E-03,6.113761E-03,4.477231E+02,6.206413E+02,1.799190E-02,4.788708E-02
01:20:00,3.607509E+02,3.296753E+02,1.449611E-02,2.543745E-02,2.916627E+02,1.508903E+02,1.171782E-02,1.164365E-02,6.086695E+01,1.831919E+02,2.446168E-03,1.413415E-02,6.488686E+01,4.369069E+01,2.607089E-03,3.371271E-03,1.916243E+02,7.889386E+01,7.698464E-03,6.088022E-03,4.598628E+02,6.226975E+02,1.847964E-02,4.804569E-02
01:30:00,3.689425E+02,3.311123E+02,1.482526E-02,2.554831E-02,2.961182E+02,1.498285E+02,1.189684E-02,1.156170E-02,6.707652E+01,1.851150E+02,2.695698E-03,1.428250E-02,6.698996E+01,4.373516E+01,2.691611E-03,3.374696E-03,1.947248E+02,7.846988E+01,7.823040E-03,6.055296E-03,4.715637E+02,6.244702E+02,1.894976E-02,4.818241E-02
01:40:00,3.769311E+02,3.323842E+02,1.514626E-02,2.564642E-02,3.002021E+02,1.486726E+02,1.206094E-02,1.147249E-02,7.265085E+01,1.868608E+02,2.919697E-03,1.441719E-02,6.894197E+01,4.371330E+01,2.770056E-03,3.373005E-03,1.975708E+02,7.797438E+01,7.937393E-03,6.017051E-03,4.829429E+02,6.260114E+02,1.940698E-02,4.830129E-02
01:50:00,3.846392E+02,3.335224E+02,1.545599E-02,2.573423E-02,3.039963E+02,1.474483E+02,1.221340E-02,1.137801E-02,7.775908E+01,1.884559E+02,3.124961E-03,1.454024E-02,7.074714E+01,4.363676E+01,2.842598E-03,3.367095E-03,2.002152E+02,7.742361E+01,8.043649E-03,5.974544E-03,4.940493E+02,6.273657E+02,1.985325E-02,4.840576E-02
02:00:00,3.920493E+02,3.345528E+02,1.575374E-02,2.581372E-02,3.075135E+02,1.461768E+02,1.235474E-02,1.127988E-02,8.253954E+01,1.899225E+02,3.317054E-03,1.465339E-02,7.241521E+01,4.351558E+01,2.909630E-03,3.357742E-03,2.026612E+02,7.683131E+01,8.141943E-03,5.928833E-03,5.050309E+02,6.285696E+02,2.029450E-02,4.849862E-02
02:10:00,3.991417E+02,3.354711E+02,1.603872E-02,2.588457E-02,3.107980E+02,1.448615E+02,1.248672E-02,1.117838E-02,8.703288E+01,1.912713E+02,3.497609E-03,1.475744E-02,7.395646E+01,4.335511E+01,2.971565E-03,3.345358E-03,2.049437E+02,7.620005E+01,8.233664E-03,5.880116E-03,5.158974E+02,6.296171E+02,2.073115E-02,4.857943E-02
02:20:00,4.059229E+02,3.362941E+02,1.631120E-02,2.594806E-02,3.138638E+02,1.435163E+02,1.260992E-02,1.107457E-02,9.130836E+01,1.925182E+02,3.669410E-03,1.485364E-02,7.538127E+01,4.316256E+01,3.028820E-03,3.330499E-03,2.070683E+02,7.553917E+01,8.319036E-03,5.829115E-03,5.263766E+02,6.305316E+02,2.115224E-02,4.864997E-02
02:30:00,4.124023E+02,3.370375E+02,1.657156E-02,2.600541E-02,3.167346E+02,1.421523E+02,1.272528E-02,1.096931E-02,9.543347E+01,1.936766E+02,3.835169E-03,1.494300E-02,7.670346E+01,4.294404E+01,3.081951E-03,3.313636E-03,2.090505E+02,7.485645E+01,8.398687E-03,5.776428E-03,5.364963E+02,6.313376E+02,2.155888E-02,4.871214E-02
02:40:00,4.185873E+02,3.377131E+02,1.682008E-02,2.605754E-02,3.194319E+02,1.407786E+02,1.283366E-02,1.086330E-02,9.945955E+01,1.947576E+02,3.996950E-03,1.502640E-02,7.792781E+01,4.270474E+01,3.131151E-03,3.295170E-03,2.109051E+02,7.415846E+01,8.473209E-03,5.722563E-03,5.462535E+02,6.320533E+02,2.195095E-02,4.876736E-02
02:50:00,4.244808E+02,3.383309E+02,1.705690E-02,2.610519E-02,3.219746E+02,1.394028E+02,1.293583E-02,1.075714E-02,1.033652E+02,1.957705E+02,4.153893E-03,1.510455E-02,7.906171E+01,4.244907E+01,3.176714E-03,3.275441E-03,2.126453E+02,7.345070E+01,8.543133E-03,5.667945E-03,5.556563E+02,6.326864E+02,2.232877E-02,4.881620E-02
03:00:00,4.300764E+02,3.389040E+02,1.728174E-02,2.614941E-02,3.243791E+02,1.380312E+02,1.303245E-02,1.065129E-02,1.071196E+02,1.967232E+02,4.304760E-03,1.517805E-02,8.011106E+01,4.218078E+01,3.218880E-03,3.254738E-03,2.142829E+02,7.273782E+01,8.608931E-03,5.612932E-03,5.647105E+02,6.332500E+02,2.269259E-02,4.885968E-02
03:10:00,4.353007E+02,3.394150E+02,1.749165E-02,2.618884E-02,3.266599E+02,1.366552E+02,1.312410E-02,1.054511E-02,1.107509E+02,1.976168E+02,4.450676E-03,1.524698E-02,8.107779E+01,4.189985E+01,3.257724E-03,3.233061E-03,2.158281E+02,7.201494E+01,8.671022E-03,5.557147E-03,5.734207E+02,6.337308E+02,2.304260E-02,4.889677E-02
03:20:00,4.402588E+02,3.398674E+02,1.769085E-02,2.622374E-02,3.288295E+02,1.352784E+02,1.321127E-02,1.043886E-02,1.142863E+02,1.984562E+02,4.592743E-03,1.531175E-02,8.197585E+01,4.160884E+01,3.293808E-03,3.210605E-03,2.172903E+02,7.128495E+01,8.729773E-03,5.500814E-03,5.817889E+02,6.341329E+02,2.337885E-02,4.892779E-02
03:30:00,4.449700E+02,3.402698E+02,1.788014E-02,2.625478E-02,3.308986E+02,1.339036E+02,1.329441E-02,1.033278E-02,1.177394E+02,1.992455E+02,4.731506E-03,1.537264E-02,8.281307E+01,4.130986E+01,3.327447E-03,3.187536E-03,2.186774E+02,7.055020E+01,8.785507E-03,5.444114E-03,5.898119E+02,6.344576E+02,2.370124E-02,4.895284E-02
03:40:00,4.494786E+02,3.406200E+02,1.806130E-02,2.628180E-02,3.328768E+02,1.325333E+02,1.337390E-02,1.022703E-02,1.211234E+02,1.999883E+02,4.867492E-03,1.542995E-02,8.359733E+01,4.100473E+01,3.358959E-03,3.163991E-03,2.199963E+02,6.981272E+01,8.838504E-03,5.387203E-03,5.974756E+02,6.347062E+02,2.400918E-02,4.897202E-02
03:50:00,4.538219E+02,3.409240E+02,1.823582E-02,2.630526E-02,3.347721E+02,1.311692E+02,1.345005E-02,1.012177E-02,1.244526E+02,2.006879E+02,5.001277E-03,1.548392E-02,8.433595E+01,4.069502E+01,3.388637E-03,3.140092E-03,2.212533E+02,6.907421E+01,8.889008E-03,5.330213E-03,6.047273E+02,6.348915E+02,2.430057E-02,4.898631E-02
04:00:00,4.580456E+02,3.411759E+02,1.840554E-02,2.632469E-02,3.365918E+02,1.298130E+02,1.352317E-02,1.001711E-02,1.277467E+02,2.013469E+02,5.133654E-03,1.553477E-02,8.503671E+01,4.038211E+01,3.416795E-03,3.115948E-03,2.224535E+02,6.833612E+01,8.937232E-03,5.273255E-03,6.115397E+02,6.350123E+02,2.457430E-02,4.899562E-02
04:10:00,4.622605E+02,3.414055E+02,1.857492E-02,2.634240E-02,3.383421E+02,1.284788E+02,1.359349E-02,9.914151E-03,1.309694E+02,2.019752E+02,5.263162E-03,1.558324E-02,8.571022E+01,4.006950E+01,3.443859E-03,3.091827E-03,2.236016E+02,6.760804E+01,8.983361E-03,5.217070E-03,6.180326E+02,6.350975E+02,2.483519E-02,4.900220E-02
04:20:00,4.663973E+02,3.416194E+02,1.874117E-02,2.635891E-02,3.400284E+02,1.271670E+02,1.366125E-02,9.812924E-03,1.341032E+02,2.025752E+02,5.389097E-03,1.562953E-02,8.635393E+01,3.975886E+01,3.469728E-03,3.067858E-03,2.247015E+02,6.689142E+01,9.027558E-03,5.161769E-03,6.242541E+02,6.351563E+02,2.508518E-02,4.900673E-02
04:30:00,4.704721E+02,3.418138E+02,1.890492E-02,2.637390E-02,3.416557E+02,1.258798E+02,1.372664E-02,9.713598E-03,1.371467E+02,2.031491E+02,5.511405E-03,1.567380E-02,8.697050E+01,3.945025E+01,3.494505E-03,3.044045E-03,2.257570E+02,6.618750E+01,9.069966E-03,5.107449E-03,6.302601E+02,6.351923E+02,2.532651E-02,4.900951E-02
04:40:00,4.744760E+02,3.438632E+02,1.906583E-02,2.653203E-02,3.432281E+02,1.249379E+02,1.378981E-02,9.640913E-03,1.401006E+02,2.041565E+02,5.630113E-03,1.575153E-02,8.756168E+01,3.921086E+01,3.518261E-03,3.025574E-03,2.267711E+02,6.579205E+01,9.110714E-03,5.076932E-03,6.361115E+02,6.369516E+02,2.556164E-02,4.914524E-02
04:50:00,4.784039E+02,3.498068E+02,1.922367E-02,2.699065E-02,3.447475E+02,1.244279E+02,1.385086E-02,9.601555E-03,1.429622E+02,2.060367E+02,5.745108E-03,1.589659E-02,8.812865E+01,3.907274E+01,3.541045E-03,3.014916E-03,2.277458E+02,6.591582E+01,9.149877E-03,5.086485E-03,6.418964E+02,6.420161E+02,2.579411E-02,4.953602E-02
05:00:00,4.822561E+02,3.619757E+02,1.937847E-02,2.792965E-02,3.462171E+02,1.244594E+02,1.390991E-02,9.603992E-03,1.457331E+02,2.092544E+02,5.856460E-03,1.614486E-02,8.867306E+01,3.907022E+01,3.562922E-03,3.014723E-03,2.286837E+02,6.677805E+01,9.187559E-03,5.153029E-03,6.476874E+02,6.523080E+02,2.602683E-02,5.033016E-02
05:10:00,5.739170E+02,4.255080E+02,2.336493E-02,3.317879E-02,3.823562E+02,1.406053E+02,1.558715E-02,1.096662E-02,2.006710E+02,2.410034E+02,8.176462E-03,1.877809E-02,1.009352E+02,4.464589E+01,4.119595E-03,3.483998E-03,2.513548E+02,7.787741E+01,1.024740E-02,6.079706E-03,7.965132E+02,7.431195E+02,3.238847E-02,5.788048E-02
05:20:00,5.914032E+02,4.639923E+02,2.441585E-02,3.677751E-02,4.032998E+02,1.509690E+02,1.671016E-02,1.197075E-02,2.112859E+02,2.560434E+02,8.725951E-03,2.026171E-02,1.095443E+02,4.876903E+01,4.549095E-03,3.872141E-03,2.654590E+02,8.628279E+01,1.100105E-02,6.855255E-03,8.080961E+02,7.807760E+02,3.327822E-02,6.173177E-02
05:30:00,6.581635E+02,5.298193E+02,2.762542E-02,4.266726E-02,4.326589E+02,1.663333E+02,1.820171E-02,1.339271E-02,2.529024E+02,2.842087E+02,1.063409E-02,2.284533E-02,1.204861E+02,5.428978E+01,5.080866E-03,4.377097E-03,2.841906E+02,9.791025E+01,1.195733E-02,7.900182E-03,9.139830E+02,8.623192E+02,3.829904E-02,6.925947E-02
05:40:00,7.079841E+02,5.939448E+02,3.009529E-02,4.842735E-02,4.568473E+02,1.801703E+02,1.946767E-02,1.468762E-02,2.833046E+02,3.090842E+02,1.205272E-02,2.515709E-02,1.296090E+02,5.925195E+01,5.533326E-03,4.835392E-03,2.997462E+02,1.087859E+02,1.277507E-02,8.883405E-03,9.894997E+02,9.376246E+02,4.199305E-02,7.627670E-02
05:50:00,7.547384E+02,6.587742E+02,3.243338E-02,5.427210E-02,4.789534E+02,1.936348E+02,2.064344E-02,1.595261E-02,3.116781E+02,3.329328E+02,1.338424E-02,2.738920E-02,1.378807E+02,6.401082E+01,5.948874E-03,5.276951E-03,3.139453E+02,1.193467E+02,1.353404E-02,9.842799E-03,1.061039E+03,1.013709E+03,4.551666E-02,8.338082E-02
06:00:00,7.990392E+02,7.220469E+02,3.466638E-02,6.002748E-02,4.994180E+02,2.068167E+02,2.174821E-02,1.719599E-02,3.382340E+02,3.554310E+02,1.463776E-02,2.951762E-02,1.454574E+02,6.859985E+01,6.334307E-03,5.704817E-03,3.270670E+02,1.294073E+02,1.424639E-02,1.076433E-02,1.129123E+03,1.089389E+03,4.889251E-02,9.048536E-02
06:10:00,8.216717E+02,7.827817E+02,3.641151E-02,6.589406E-02,5.030406E+02,2.183399E+02,2.229809E-02,1.838067E-02,3.600216E+02,3.749416E+02,1.597391E-02,3.155243E-02,1.494202E+02,7.249183E+01,6.630328E-03,6.102627E-03,3.289121E+02,1.382122E+02,1.457944E-02,1.163647E-02,1.171265E+03,1.162137E+03,5.189012E-02,9.781057E-02
06:20:00,8.413133E+02,8.523541E+02,3.777170E-02,7.258176E-02,5.048127E+02,2.320475E+02,2.271949E-02,1.976276E-02,3.825891E+02,3.997942E+02,1.720565E-02,3.402201E-02,1.524544E+02,7.682774E+01,6.876044E-03,6.544059E-03,3.295482E+02,1.476347E+02,1.483331E-02,1.257546E-02,1.208850E+03,1.256199E+03,5.420373E-02,1.069335E-01
06:30:00,8.551259E+02,9.097876E+02,3.906615E-02,7.834915E-02,5.047814E+02,2.436724E+02,2.309176E-02,2.098849E-02,3.995624E+02,4.183481E+02,1.830355E-02,3.600574E-02,1.546859E+02,8.047228E+01,7.093673E-03,6.932257E-03,3.290148E+02,1.553105E+02,1.505179E-02,1.337789E-02,1.236182E+03,1.333372E+03,5.643350E-02,1.148035E-01
06:40:00,8.674835E+02,9.669545E+02,4.022094E-02,8.409689E-02,5.035659E+02,2.558699E+02,2.338614E-02,2.225825E-02,4.157712E+02,4.371083E+02,1.931865E-02,3.799404E-02,1.563619E+02,8.422637E+01,7.277212E-03,7.327500E-03,3.276939E+02,1.628428E+02,1.521955E-02,1.416488E-02,1.261870E+03,1.413856E+03,5.845844E-02,1.229480E-01
06:50:00,8.778204E+02,1.022122E+03,4.126819E-02,8.969192E-02,5.013421E+02,2.682784E+02,2.362418E-02,2.354598E-02,4.302924E+02,4.549891E+02,2.024582E-02,3.990394E-02,1.575669E+02,8.797021E+01,7.434831E-03,7.721031E-03,3.257023E+02,1.700814E+02,1.534994E-02,1.492618E-02,1.284457E+03,1.494010E+03,6.032137E-02,1.310857E-01
07:00:00,8.865356E+02,1.075196E+03,4.222964E-02,9.512572E-02,4.982880E+02,2.808301E+02,2.381625E-02,2.484666E-02,4.435390E+02,4.721167E+02,2.110575E-02,4.174725E-02,1.583834E+02,9.169113E+01,7.571135E-03,8.112061E-03,3.231565E+02,1.770346E+02,1.544967E-02,1.566269E-02,1.304666E+03,1.573414E+03,6.205930E-02,1.391825E-01
07:10:00,8.958816E+02,1.136648E+03,4.348891E-02,1.023310E-01,5.020674E+02,2.972546E+02,2.437714E-02,2.677663E-02,4.495671E+02,4.946167E+02,2.182516E-02,4.452384E-02,1.597752E+02,9.688683E+01,7.758736E-03,8.728582E-03,3.255244E+02,1.860796E+02,1.580543E-02,1.675941E-02,1.317984E+03,1.667568E+03,6.397094E-02,1.501330E-01
07:20:00,9.276388E+02,1.182546E+03,4.554098E-02,1.083107E-01,5.097125E+02,3.108064E+02,2.505544E-02,2.850545E-02,4.681459E+02,5.091723E+02,2.298531E-02,4.661276E-02,1.619285E+02,1.012639E+02,7.963035E-03,9.291532E-03,3.299884E+02,1.933000E+02,1.622232E-02,1.772419E-02,1.375334E+03,1.735639E+03,6.748255E-02,1.589341E-01
07:30:00,9.421535E+02,1.232565E+03,4.685965E-02,1.148202E-01,5.142060E+02,3.253335E+02,2.559555E-02,3.035175E-02,4.757587E+02,5.269569E+02,2.367128E-02,4.907615E-02,1.631362E+02,1.058382E+02,8.124323E-03,9.878907E-03,3.326538E+02,2.008609E+02,1.655930E-02,1.873287E-02,1.398325E+03,1.812684E+03,6.952237E-02,1.688435E-01
07:40:00,9.613848E+02,1.278967E+03,4.835891E-02,1.209729E-01,5.198901E+02,3.390311E+02,2.617536E-02,3.210910E-02,4.864331E+02,5.431558E+02,2.447450E-02,5.136089E-02,1.647229E+02,1.100575E+02,8.297043E-03,1.042756E-02,3.360312E+02,2.078446E+02,1.691945E-02,1.967849E-02,1.430795E+03,1.884204E+03,7.194159E-02,1.781988E-01
07:50:00,9.806047E+02,1.322848E+03,4.984151E-02,1.269016E-01,5.258188E+02,3.521668E+02,2.675747E-02,3.381184E-02,4.970432E+02,5.587973E+02,2.526267E-02,5.358247E-02,1.664013E+02,1.140121E+02,8.470065E-03,1.094881E-02,3.395645E+02,2.144428E+02,1.728087E-02,2.058447E-02,1.462865E+03,1.952753E+03,7.431813E-02,1.872959E-01
08:00:00,9.997849E+02,1.364891E+03,5.130965E-02,1.326733E-01,5.319011E+02,3.649632E+02,2.733949E-02,3.548297E-02,5.076447E+02,5.741345E+02,2.604088E-02,5.576816E-02,1.681441E+02,1.177586E+02,8.642849E-03,1.144868E-02,3.431984E+02,2.208152E+02,1.764218E-02,2.146684E-02,1.494752E+03,2.019505E+03,7.666773E-02,1.962528E-01
08:10:00,9.485838E+02,1.350559E+03,4.895757E-02,1.323339E-01,5.113204E+02,3.597419E+02,2.638909E-02,3.524947E-02,4.753182E+02,5.577319E+02,2.453225E-02,5.465047E-02,1.603220E+02,1.149631E+02,8.274383E-03,1.126438E-02,3.301338E+02,2.159782E+02,1.703800E-02,2.116257E-02,1.411168E+03,1.996799E+03,7.283236E-02,1.956615E-01
08:20:00,9.489851E+02,1.368806E+03,4.897805E-02,1.341302E-01,5.022059E+02,3.615007E+02,2.591846E-02,3.542388E-02,4.715855E+02,5.600090E+02,2.433955E-02,5.487534E-02,1.555607E+02,1.138711E+02,8.028602E-03,1.115801E-02,3.236102E+02,2.150077E+02,1.670117E-02,2.106880E-02,1.420731E+03,2.035326E+03,7.332566E-02,1.994456E-01
08:30:00,9.203726E+02,1.368472E+03,4.750136E-02,1.340994E-01,4.881485E+02,3.600369E+02,2.519293E-02,3.528083E-02,4.512941E+02,5.517489E+02,2.329231E-02,5.406617E-02,1.495592E+02,1.118046E+02,7.718857E-03,1.095562E-02,3.144424E+02,2.122652E+02,1.622800E-02,2.080032E-02,1.376414E+03,2.041500E+03,7.103852E-02,2.000523E-01
08:40:00,9.028916E+02,1.372468E+03,4.659929E-02,1.344912E-01,4.779775E+02,3.608411E+02,2.466801E-02,3.535967E-02,4.380402E+02,5.473343E+02,2.260832E-02,5.363348E-02,1.449825E+02,1.104477E+02,7.482650E-03,1.082267E-02,3.076697E+02,2.108065E+02,1.587847E-02,2.065741E-02,1.350820E+03,2.058197E+03,6.971787E-02,2.016884E-01
08:50:00,8.881919E+02,1.376819E+03,4.584069E-02,1.349176E-01,4.695112E+02,3.628755E+02,2.423106E-02,3.555906E-02,4.268709E+02,5.442113E+02,2.203189E-02,5.332742E-02,1.411373E+02,1.094788E+02,7.284189E-03,1.072774E-02,3.020199E+02,2.099922E+02,1.558687E-02,2.057764E-02,1.329211E+03,2.078019E+03,6.860273E-02,2.036307E-01
09:00:00,8.754744E+02,1.380673E+03,4.518435E-02,1.352953E-01,4.623457E+02,3.658740E+02,2.386123E-02,3.585292E-02,4.172618E+02,5.419285E+02,2.153597E-02,5.310374E-02,1.378749E+02,1.088167E+02,7.115809E-03,1.066287E-02,2.972293E+02,2.096592E+02,1.533962E-02,2.054503E-02,1.310374E+03,2.099469E+03,6.763063E-02,2.057326E-01
09:10:00,8.643118E+02,1.383657E+03,4.460824E-02,1.355876E-01,4.562213E+02,3.696521E+02,2.354514E-02,3.622318E-02,4.089018E+02,5.402768E+02,2.110449E-02,5.294192E-02,1.350859E+02,1.084094E+02,6.971863E-03,1.062297E-02,2.931310E+02,2.096968E+02,1.512809E-02,2.054872E-02,1.293705E+03,2.121827E+03,6.677035E-02,2.079235E-01
09:20:00,8.543753E+02,1.385524E+03,4.409541E-02,1.357706E-01,4.509385E+02,3.740767E+02,2.327248E-02,3.665677E-02,4.015537E+02,5.391014E+02,2.072524E-02,5.282677E-02,1.326864E+02,1.082193E+02,6.848015E-03,1.060435E-02,2.895962E+02,2.100335E+02,1.494566E-02,2.058174E-02,1.278730E+03,2.144524E+03,6.599749E-02,2.101476E-01
09:30:00,8.454333E+02,1.386027E+03,4.363389E-02,1.358198E-01,4.463399E+02,3.792074E+02,2.303514E-02,3.715955E-02,3.950321E+02,5.383962E+02,2.038865E-02,5.275768E-02,1.306085E+02,1.082694E+02,6.740771E-03,1.060926E-02,2.865229E+02,2.107600E+02,1.478704E-02,2.065293E-02,1.265161E+03,2.166672E+03,6.529719E-02,2.123179E-01
09:40:00,8.373156E+02,1.385060E+03,4.321492E-02,1.357250E-01,4.422831E+02,3.848497E+02,2.282576E-02,3.771246E-02,3.891818E+02,5.379994E+02,2.008670E-02,5.271882E-02,1.287974E+02,1.085087E+02,6.647298E-03,1.063272E-02,2.838260E+02,2.117604E+02,1.464785E-02,2.075097E-02,1.252750E+03,2.188008E+03,6.465662E-02,2.144086E-01
09:50:00,8.298876E+02,1.382483E+03,4.283155E-02,1.354724E-01,4.386894E+02,3.908760E+02,2.264028E-02,3.830299E-02,3.839009E+02,5.378156E+02,1.981414E-02,5.270082E-02,1.272097E+02,1.089075E+02,6.565354E-03,1.067179E-02,2.814377E+02,2.129675E+02,1.452459E-02,2.086927E-02,1.241313E+03,2.208172E+03,6.406634E-02,2.163845E-01
10:00:00,8.230347E+02,1.378195E+03,4.247785E-02,1.350522E-01,4.354800E+02,3.971908E+02,2.247464E-02,3.892179E-02,3.790953E+02,5.377616E+02,1.956610E-02,5.269553E-02,1.258047E+02,1.094434E+02,6.492838E-03,1.072431E-02,2.793128E+02,2.143436E+02,1.441492E-02,2.100411E-02,1.230692E+03,2.226818E+03,6.351820E-02,2.182116E-01
10:10:00,8.166644E+02,1.372121E+03,4.214906E-02,1.344570E-01,4.325896E+02,4.036758E+02,2.232547E-02,3.955727E-02,3.746877E+02,5.377992E+02,1.933861E-02,5.269923E-02,1.245559E+02,1.100867E+02,6.428385E-03,1.078735E-02,2.774083E+02,2.158508E+02,1.431662E-02,2.115181E-02,1.220761E+03,2.243585E+03,6.300564E-02,2.198545E-01
10:20:00,8.107040E+02,1.364187E+03,4.184144E-02,1.336795E-01,4.299662E+02,4.102483E+02,2.219007E-02,4.020132E-02,3.706166E+02,5.378838E+02,1.912849E-02,5.270751E-02,1.234388E+02,1.108154E+02,6.370726E-03,1.085876E-02,2.756888E+02,2.174612E+02,1.422788E-02,2.130962E-02,1.211420E+03,2.258127E+03,6.252350E-02,2.212795E-01
10:30:00,8.050958E+02,1.354369E+03,4.155198E-02,1.327173E-01,4.275672E+02,4.166434E+02,2.206625E-02,4.082797E-02,3.668322E+02,5.378638E+02,1.893317E-02,5.270556E-02,1.224328E+02,1.115577E+02,6.318803E-03,1.093150E-02,2.741255E+02,2.190076E+02,1.414720E-02,2.146115E-02,1.202588E+03,2.270517E+03,6.206769E-02,2.224936E-01
10:40:00,7.997931E+02,1.342568E+03,4.127830E-02,1.315609E-01,4.253586E+02,4.229064E+02,2.195226E-02,4.144168E-02,3.632942E+02,5.377752E+02,1.875056E-02,5.269688E-02,1.215210E+02,1.123241E+02,6.271744E-03,1.100659E-02,2.726949E+02,2.205447E+02,1.407336E-02,2.161178E-02,1.194203E+03,2.280306E+03,6.163489E-02,2.234526E-01
10:50:00,7.947505E+02,1.328790E+03,4.101804E-02,1.302108E-01,4.233096E+02,4.290064E+02,2.184652E-02,4.203941E-02,3.599637E+02,5.376132E+02,1.857867E-02,5.268100E-02,1.206882E+02,1.131105E+02,6.228762E-03,1.108365E-02,2.713758E+02,2.220921E+02,1.400528E-02,2.176340E-02,1.186198E+03,2.287236E+03,6.122176E-02,2.241317E-01
11:00:00,7.899391E+02,1.313100E+03,4.076971E-02,1.286732E-01,4.213979E+02,4.349295E+02,2.174785E-02,4.261982E-02,3.568151E+02,5.373813E+02,1.841615E-02,5.265828E-02,1.199230E+02,1.139110E+02,6.189267E-03,1.116210E-02,2.701526E+02,2.236503E+02,1.394215E-02,2.191610E-02,1.178536E+03,2.291213E+03,6.082629E-02,2.245213E-01
11:10:00,7.853364E+02,1.295644E+03,4.053216E-02,1.269626E-01,4.196058E+02,4.405889E+02,2.165536E-02,4.317437E-02,3.538279E+02,5.370549E+02,1.826198E-02,5.262629E-02,1.192161E+02,1.147074E+02,6.152786E-03,1.124012E-02,2.690126E+02,2.251800E+02,1.388332E-02,2.206599E-02,1.171185E+03,2.292244E+03,6.044690E-02,2.246223E-01
11:20:00,7.809231E+02,1.276751E+03,4.030438E-02,1.251112E-01,4.179184E+02,4.459355E+02,2.156827E-02,4.369827E-02,3.509849E+02,5.366375E+02,1.811524E-02,5.258539E-02,1.185599E+02,1.154882E+02,6.118917E-03,1.131664E-02,2.679454E+02,2.266633E+02,1.382824E-02,2.221134E-02,1.164119E+03,2.290573E+03,6.008221E-02,2.244584E-01
11:30:00,7.766825E+02,1.256951E+03,4.008551E-02,1.231710E-01,4.163234E+02,4.509541E+02,2.148595E-02,4.419003E-02,3.482714E+02,5.361321E+02,1.797518E-02,5.253586E-02,1.179478E+02,1.162461E+02,6.087326E-03,1.139090E-02,2.669420E+02,2.280909E+02,1.377645E-02,2.235123E-02,1.157315E+03,2.286674E+03,5.973101E-02,2.240762E-01
11:40:00,7.726007E+02,1.236980E+03,3.987484E-02,1.212140E-01,4.148105E+02,4.556063E+02,2.140787E-02,4.464590E-02,3.456749E+02,5.355463E+02,1.784117E-02,5.247846E-02,1.173744E+02,1.169748E+02,6.057732E-03,1.146230E-02,2.659951E+02,2.294577E+02,1.372758E-02,2.248516E-02,1.150752E+03,2.281281E+03,5.939231E-02,2.235477E-01
11:50:00,7.686659E+02,1.217791E+03,3.967176E-02,1.193336E-01,4.133713E+02,4.598917E+02,2.133360E-02,4.506581E-02,3.431850E+02,5.348944E+02,1.771266E-02,5.241458E-02,1.168351E+02,1.176696E+02,6.029898E-03,1.153038E-02,2.650985E+02,2.307578E+02,1.368131E-02,2.261255E-02,1.144415E+03,2.275394E+03,5.906522E-02,2.229707E-01
12:00:00,7.648679E+02,1.200432E+03,3.947574E-02,1.176326E-01,4.119986E+02,4.643654E+02,2.126275E-02,4.550417E-02,3.407928E+02,5.341988E+02,1.758920E-02,5.234641E-02,1.163261E+02,1.184951E+02,6.003626E-03,1.161127E-02,2.642471E+02,2.323141E+02,1.363737E-02,2.276506E-02,1.138288E+03,2.270137E+03,5.874900E-02,2.224556E-01
12:10:00,7.611979E+02,1.185324E+03,3.928633E-02,1.161522E-01,4.106862E+02,4.698624E+02,2.119502E-02,4.604282E-02,3.384909E+02,5.334956E+02,1.747038E-02,5.227751E-02,1.158440E+02,1.196871E+02,5.978747E-03,1.172807E-02,2.634364E+02,2.345908E+02,1.359553E-02,2.298815E-02,1.132359E+03,2.265932E+03,5.844298E-02,2.220436E-01
12:20:00,7.576482E+02,1.172639E+03,3.910312E-02,1.149092E-01,4.094291E+02,4.771145E+02,2.113013E-02,4.675347E-02,3.362725E+02,5.328274E+02,1.735589E-02,5.221203E-02,1.153863E+02,1.214589E+02,5.955121E-03,1.190170E-02,2.626626E+02,2.380001E+02,1.355559E-02,2.332224E-02,1.126616E+03,2.262953E+03,5.814660E-02,2.217516E-01
12:30:00,7.542120E+02,1.162324E+03,3.892577E-02,1.138985E-01,4.082227E+02,4.867727E+02,2.106787E-02,4.769991E-02,3.341321E+02,5.322451E+02,1.724541E-02,5.215497E-02,1.149504E+02,1.240054E+02,5.932625E-03,1.215123E-02,2.619226E+02,2.429075E+02,1.351740E-02,2.380314E-02,1.121050E+03,2.261122E+03,5.785933E-02,2.215722E-01
12:40:00,7.508833E+02,1.154080E+03,3.875397E-02,1.130907E-01,4.070633E+02,4.993902E+02,2.100804E-02,4.893635E-02,3.320646E+02,5.318008E+02,1.713871E-02,5.211143E-02,1.145344E+02,1.274983E+02,5.911156E-03,1.249351E-02,2.612136E+02,2.496255E+02,1.348081E-02,2.446148E-02,1.115652E+03,2.260083E+03,5.758072E-02,2.214704E-01
12:50:00,7.476567E+02,1.147327E+03,3.858744E-02,1.124291E-01,4.059477E+02,5.154190E+02,2.095046E-02,5.050708E-02,3.300657E+02,5.315418E+02,1.703554E-02,5.208606E-02,1.141366E+02,1.320850E+02,5.890625E-03,1.294297E-02,2.605332E+02,2.584169E+02,1.344570E-02,2.532300E-02,1.110414E+03,2.259170E+03,5.731036E-02,2.213810E-01
13:00:00,7.445273E+02,1.141313E+03,3.842593E-02,1.118398E-01,4.048728E+02,5.346285E+02,2.089499E-02,5.238950E-02,3.281316E+02,5.315058E+02,1.693571E-02,5.208253E-02,1.137555E+02,1.377190E+02,5.870955E-03,1.349505E-02,2.598794E+02,2.691639E+02,1.341195E-02,2.637616E-02,1.105328E+03,2.257512E+03,5.704787E-02,2.212186E-01
13:10:00,7.414907E+02,1.135835E+03,3.826920E-02,1.113031E-01,4.038363E+02,5.564904E+02,2.084149E-02,5.453182E-02,3.262587E+02,5.317282E+02,1.683905E-02,5.210433E-02,1.133898E+02,1.442703E+02,5.852081E-03,1.413702E-02,2.592503E+02,2.815847E+02,1.337948E-02,2.759334E-02,1.100388E+03,2.254836E+03,5.679291E-02,2.209563E-01
13:20:00,7.385427E+02,1.130746E+03,3.811705E-02,1.108044E-01,4.028357E+02,5.804490E+02,2.078985E-02,5.687959E-02,3.244440E+02,5.322177E+02,1.674538E-02,5.215230E-02,1.130384E+02,1.516001E+02,5.833944E-03,1.485527E-02,2.586444E+02,2.953856E+02,1.334821E-02,2.894573E-02,1.095588E+03,2.250945E+03,5.654516E-02,2.205750E-01
13:30:00,7.356798E+02,1.125938E+03,3.796929E-02,1.103333E-01,4.018691E+02,6.059381E+02,2.073997E-02,5.937732E-02,3.226845E+02,5.329636E+02,1.665457E-02,5.222540E-02,1.127003E+02,1.595601E+02,5.816494E-03,1.563526E-02,2.580601E+02,3.102655E+02,1.331806E-02,3.040385E-02,1.090922E+03,2.245678E+03,5.630432E-02,2.200588E-01
13:40:00,7.328983E+02,1.121324E+03,3.782573E-02,1.098812E-01,4.009348E+02,6.324126E+02,2.069174E-02,6.197158E-02,3.209778E+02,5.339420E+02,1.656648E-02,5.232128E-02,1.123746E+02,1.680011E+02,5.799685E-03,1.646239E-02,2.574964E+02,3.259314E+02,1.328896E-02,3.193899E-02,1.086384E+03,2.238883E+03,5.607013E-02,2.193930E-01
13:50:00,7.301950E+02,1.116835E+03,3.768621E-02,1.094413E-01,4.000310E+02,6.593660E+02,2.064510E-02,6.461274E-02,3.193215E+02,5.351197E+02,1.648100E-02,5.243669E-02,1.120606E+02,1.767777E+02,5.783478E-03,1.732239E-02,2.569519E+02,3.421066E+02,1.326086E-02,3.352400E-02,1.081971E+03,2.230468E+03,5.584233E-02,2.185683E-01
14:00:00,7.275670E+02,1.112411E+03,3.755057E-02,1.090078E-01,3.991562E+02,6.863439E+02,2.059995E-02,6.725629E-02,3.177135E+02,5.364577E+02,1.639800E-02,5.256780E-02,1.117575E+02,1.857528E+02,5.767838E-03,1.820184E-02,2.564258E+02,3.585373E+02,1.323371E-02,3.513406E-02,1.077676E+03,2.220308E+03,5.562068E-02,2.175727E-01
14:10:00,7.250114E+02,1.107965E+03,3.741868E-02,1.085721E-01,3.983092E+02,7.129383E+02,2.055624E-02,6.986225E-02,3.161516E+02,5.378813E+02,1.631739E-02,5.270731E-02,1.114649E+02,1.947971E+02,5.752733E-03,1.908806E-02,2.559170E+02,3.749807E+02,1.320745E-02,3.674533E-02,1.073496E+03,2.208342E+03,5.540496E-02,2.164001E-01
14:20:00,7.225256E+02,1.103065E+03,3.729038E-02,1.080920E-01,3.974887E+02,7.391727E+02,2.051389E-02,7.243292E-02,3.146342E+02,5.392157E+02,1.623907E-02,5.283807E-02,1.111820E+02,2.039027E+02,5.738134E-03,1.998029E-02,2.554247E+02,3.913874E+02,1.318205E-02,3.835301E-02,1.069428E+03,2.194364E+03,5.519496E-02,2.150303E-01
14:30:00,7.201070E+02,1.097883E+03,3.716555E-02,1.075842E-01,3.966935E+02,7.646370E+02,2.047285E-02,7.492812E-02,3.131593E+02,5.404774E+02,1.616295E-02,5.296170E-02,1.109085E+02,2.129362E+02,5.724017E-03,2.086544E-02,2.549482E+02,4.075372E+02,1.315746E-02,3.993550E-02,1.065466E+03,2.178413E+03,5.499048E-02,2.134672E-01
14:40:00,7.177532E+02,1.092452E+03,3.704407E-02,1.070519E-01,3.959225E+02,7.890720E+02,2.043306E-02,7.732245E-02,3.117255E+02,5.416426E+02,1.608894E-02,5.307587E-02,1.106438E+02,2.218065E+02,5.710356E-03,2.173461E-02,2.544868E+02,4.232767E+02,1.313364E-02,4.147779E-02,1.061607E+03,2.160541E+03,5.479133E-02,2.117159E-01
14:50:00,7.154621E+02,1.086765E+03,3.692582E-02,1.064947E-01,3.951748E+02,8.123093E+02,2.039447E-02,7.959940E-02,3.103311E+02,5.426811E+02,1.601698E-02,5.317764E-02,1.103876E+02,2.304451E+02,5.697132E-03,2.258107E-02,2.540397E+02,4.384942E+02,1.311057E-02,4.296892E-02,1.057848E+03,2.140787E+03,5.459733E-02,2.097801E-01
15:00:00,7.132315E+02,1.080814E+03,3.681070E-02,1.059116E-01,3.944493E+02,8.342108E+02,2.035703E-02,8.174547E-02,3.089748E+02,5.435630E+02,1.594697E-02,5.326405E-02,1.101394E+02,2.387905E+02,5.684323E-03,2.339879E-02,2.536064E+02,4.530901E+02,1.308821E-02,4.439913E-02,1.054186E+03,2.119287E+03,5.440831E-02,2.076733E-01
15:10:00,7.110594E+02,1.074596E+03,3.669859E-02,1.053022E-01,3.937453E+02,8.546576E+02,2.032070E-02,8.374898E-02,3.076551E+02,5.442608E+02,1.587886E-02,5.333242E-02,1.098989E+02,2.467856E+02,5.671911E-03,2.418220E-02,2.531864E+02,4.669724E+02,1.306653E-02,4.575942E-02,1.050617E+03,2.096171E+03,5.422410E-02,2.054080E-01
15:20:00,7.089437E+02,1.068502E+03,3.658940E-02,1.047050E-01,3.930619E+02,8.732213E+02,2.028543E-02,8.556797E-02,3.063709E+02,5.448740E+02,1.581258E-02,5.339250E-02,1.096658E+02,2.542820E+02,5.659880E-03,2.491674E-02,2.527789E+02,4.799199E+02,1.304550E-02,4.702811E-02,1.047138E+03,2.071830E+03,5.404456E-02,2.030228E-01
15:30:00,7.068828E+02,1.062313E+03,3.648303E-02,1.040986E-01,3.923983E+02,8.899837E+02,2.025118E-02,8.721045E-02,3.051208E+02,5.453182E+02,1.574806E-02,5.343602E-02,1.094398E+02,2.612745E+02,5.648214E-03,2.560189E-02,2.523837E+02,4.919166E+02,1.302510E-02,4.820363E-02,1.043747E+03,2.046487E+03,5.386954E-02,2.005394E-01
15:40:00,7.048748E+02,1.055954E+03,3.637939E-02,1.034755E-01,3.917539E+02,9.049299E+02,2.021792E-02,8.867496E-02,3.039038E+02,5.455563E+02,1.568524E-02,5.345935E-02,1.092205E+02,2.677304E+02,5.636898E-03,2.623447E-02,2.520001E+02,5.029074E+02,1.300530E-02,4.928058E-02,1.040441E+03,2.020464E+03,5.369888E-02,1.979893E-01
15:50:00,7.029180E+02,1.049392E+03,3.627840E-02,1.028324E-01,3.911278E+02,9.180404E+02,2.018561E-02,8.995960E-02,3.027186E+02,5.455645E+02,1.562407E-02,5.346015E-02,1.090078E+02,2.736071E+02,5.625918E-03,2.681029E-02,2.516278E+02,5.128168E+02,1.298609E-02,5.025156E-02,1.037216E+03,1.994157E+03,5.353247E-02,1.954114E-01
16:00:00,7.010109E+02,1.042602E+03,3.617997E-02,1.021670E-01,3.905195E+02,9.292767E+02,2.015421E-02,9.106058E-02,3.015644E+02,5.453253E+02,1.556450E-02,5.343671E-02,1.088013E+02,2.788642E+02,5.615262E-03,2.732540E-02,2.512663E+02,5.215717E+02,1.296743E-02,5.110941E-02,1.034071E+03,1.968019E+03,5.337016E-02,1.928502E-01
16:10:00,6.991519E+02,1.035559E+03,3.608402E-02,1.014769E-01,3.899283E+02,9.386431E+02,2.012370E-02,9.197834E-02,3.004400E+02,5.448254E+02,1.550647E-02,5.338771E-02,1.086008E+02,2.834689E+02,5.604916E-03,2.777658E-02,2.509153E+02,5.291201E+02,1.294932E-02,5.184904E-02,1.031004E+03,1.942553E+03,5.321183E-02,1.903548E-01
16:20:00,6.973395E+02,1.028400E+03,3.599048E-02,1.007754E-01,3.893536E+02,9.461212E+02,2.009404E-02,9.271106E-02,2.993446E+02,5.441857E+02,1.544993E-02,5.332502E-02,1.084062E+02,2.873794E+02,5.594870E-03,2.815974E-02,2.505743E+02,5.354251E+02,1.293172E-02,5.246683E-02,1.028011E+03,1.918337E+03,5.305738E-02,1.879818E-01
16:30:00,6.955722E+02,1.021424E+03,3.589927E-02,1.000918E-01,3.887949E+02,9.516284E+02,2.006520E-02,9.325066E-02,2.982771E+02,5.435874E+02,1.539483E-02,5.326639E-02,1.082171E+02,2.905494E+02,5.585113E-03,2.847035E-02,2.502431E+02,5.404752E+02,1.291462E-02,5.296165E-02,1.025091E+03,1.895625E+03,5.290667E-02,1.857563E-01
16:40:00,6.938489E+02,1.014890E+03,3.581033E-02,9.945154E-02,3.882516E+02,9.550611E+02,2.003716E-02,9.358698E-02,2.972368E+02,5.431643E+02,1.534114E-02,5.322493E-02,1.080335E+02,2.929361E+02,5.575633E-03,2.870420E-02,2.499212E+02,5.442556E+02,1.289801E-02,5.333206E-02,1.022242E+03,1.874440E+03,5.275960E-02,1.836803E-01
16:50:00,6.921680E+02,1.009017E+03,3.572357E-02,9.887604E-02,3.877231E+02,9.562564E+02,2.000989E-02,9.370407E-02,2.962228E+02,5.430353E+02,1.528880E-02,5.321229E-02,1.078550E+02,2.944973E+02,5.566423E-03,2.885716E-02,2.496083E+02,5.467433E+02,1.288186E-02,5.357580E-02,1.019461E+03,1.854657E+03,5.261607E-02,1.817418E-01
17:00:00,6.905285E+02,1.003561E+03,3.563895E-02,9.834145E-02,3.872091E+02,9.544528E+02,1.998336E-02,9.352729E-02,2.952342E+02,5.431433E+02,1.523778E-02,5.322288E-02,1.076816E+02,2.950247E+02,5.557471E-03,2.890882E-02,2.493042E+02,5.475266E+02,1.286617E-02,5.365252E-02,1.016746E+03,1.835519E+03,5.247597E-02,1.798665E-01
17:10:00,6.889290E+02,9.988776E+02,3.555640E-02,9.788251E-02,3.867091E+02,9.498179E+02,1.995755E-02,9.307307E-02,2.942704E+02,5.436285E+02,1.518804E-02,5.327043E-02,1.075130E+02,2.945728E+02,5.548770E-03,2.886453E-02,2.490085E+02,5.467801E+02,1.285091E-02,5.357934E-02,1.014097E+03,1.816896E+03,5.233921E-02,1.780417E-01
17:20:00,6.873685E+02,9.949400E+02,3.547586E-02,9.749668E-02,3.862225E+02,9.422851E+02,1.993244E-02,9.233488E-02,2.933306E+02,5.444004E+02,1.513953E-02,5.334607E-02,1.073491E+02,2.931369E+02,5.540310E-03,2.872381E-02,2.487210E+02,5.444944E+02,1.283607E-02,5.335533E-02,1.011510E+03,1.798376E+03,5.220570E-02,1.762269E-01
17:30:00,6.858457E+02,9.914612E+02,3.539727E-02,9.715582E-02,3.857489E+02,9.317588E+02,1.990800E-02,9.130337E-02,2.924140E+02,5.452702E+02,1.509222E-02,5.343132E-02,1.071897E+02,2.907010E+02,5.532084E-03,2.848512E-02,2.484414E+02,5.405728E+02,1.282164E-02,5.297103E-02,1.008984E+03,1.779691E+03,5.207533E-02,1.743960E-01
17:40:00,6.843597E+02,9.881177E+02,3.532057E-02,9.682820E-02,3.852880E+02,9.181363E+02,1.988421E-02,8.996846E-02,2.915201E+02,5.460598E+02,1.504608E-02,5.350870E-02,1.070347E+02,2.872416E+02,5.524084E-03,2.814612E-02,2.481694E+02,5.348920E+02,1.280760E-02,5.241434E-02,1.006517E+03,1.760753E+03,5.194803E-02,1.725403E-01
17:50:00,6.829094E+02,9.845671E+02,3.524572E-02,9.648029E-02,3.848393E+02,9.013478E+02,1.986106E-02,8.832332E-02,2.906480E+02,5.465717E+02,1.500108E-02,5.355886E-02,1.068839E+02,2.827416E+02,5.516303E-03,2.770517E-02,2.479048E+02,5.273339E+02,1.279394E-02,5.167370E-02,1.004109E+03,1.741478E+03,5.182371E-02,1.706514E-01
18:00:00,6.814937E+02,9.808501E+02,3.517266E-02,9.611606E-02,3.844025E+02,8.819037E+02,1.983851E-02,8.641796E-02,2.897973E+02,5.467413E+02,1.495717E-02,5.357548E-02,1.067372E+02,2.773417E+02,5.508733E-03,2.717604E-02,2.476473E+02,5.181303E+02,1.278066E-02,5.077182E-02,1.001756E+03,1.722340E+03,5.170228E-02,1.687761E-01
18:10:00,7.112257E+02,9.763243E+02,3.670716E-02,9.567257E-02,4.032753E+02,8.593698E+02,2.081251E-02,8.420984E-02,2.990389E+02,5.462601E+02,1.543415E-02,5.352832E-02,1.113734E+02,2.709226E+02,5.748005E-03,2.654704E-02,2.602127E+02,5.069163E+02,1.342913E-02,4.967294E-02,1.042421E+03,1.703057E+03,5.380108E-02,1.668865E-01
18:20:00,7.410043E+02,9.705043E+02,3.824396E-02,9.510225E-02,4.221652E+02,8.335609E+02,2.178730E-02,8.168080E-02,3.083040E+02,5.448819E+02,1.591232E-02,5.339326E-02,1.160145E+02,2.634355E+02,5.987517E-03,2.581340E-02,2.727886E+02,4.934796E+02,1.407808E-02,4.835625E-02,1.083159E+03,1.683455E+03,5.590351E-02,1.649657E-01
18:30:00,7.708359E+02,9.625016E+02,3.978330E-02,9.431803E-02,4.410822E+02,8.034638E+02,2.276312E-02,7.873156E-02,3.175937E+02,5.421217E+02,1.639174E-02,5.312276E-02,1.206627E+02,2.545777E+02,6.227322E-03,2.494543E-02,2.853816E+02,4.770496E+02,1.472765E-02,4.674626E-02,1.123975E+03,1.663289E+03,5.800976E-02,1.629896E-01
18:40:00,8.007242E+02,9.522858E+02,4.132529E-02,9.331693E-02,4.600235E+02,7.698696E+02,2.373981E-02,7.543964E-02,3.269094E+02,5.379203E+02,1.687244E-02,5.271104E-02,1.253174E+02,2.445674E+02,6.467390E-03,2.396454E-02,2.979895E+02,4.580445E+02,1.537772E-02,4.488392E-02,1.164876E+03,1.642533E+03,6.012010E-02,1.609557E-01
18:50:00,8.306610E+02,9.390133E+02,4.286956E-02,9.201628E-02,4.789831E+02,7.318912E+02,2.471721E-02,7.171810E-02,3.362492E+02,5.317665E+02,1.735435E-02,5.210801E-02,1.299776E+02,2.331226E+02,6.707695E-03,2.284309E-02,3.106085E+02,4.357629E+02,1.602820E-02,4.270052E-02,1.205851E+03,1.621063E+03,6.223406E-02,1.588518E-01
19:00:00,8.606396E+02,9.229276E+02,4.441584E-02,9.043994E-02,4.979578E+02,6.907477E+02,2.569532E-02,6.768642E-02,3.456118E+02,5.237395E+02,1.783739E-02,5.132140E-02,1.346428E+02,2.205830E+02,6.948243E-03,2.161436E-02,3.232369E+02,4.109401E+02,1.667913E-02,4.026810E-02,1.246894E+03,1.598866E+03,6.435129E-02,1.566767E-01
19:10:00,8.595417E+02,9.045981E+02,4.435815E-02,8.864374E-02,4.976482E+02,6.480050E+02,2.567820E-02,6.349804E-02,3.449244E+02,5.140897E+02,1.780171E-02,5.037578E-02,1.345339E+02,2.073883E+02,6.942396E-03,2.032144E-02,3.230580E+02,3.845785E+02,1.666911E-02,3.768490E-02,1.245034E+03,1.576117E+03,6.425414E-02,1.544475E-01
19:20:00,8.584643E+02,8.850998E+02,4.430159E-02,8.673299E-02,4.973456E+02,6.059202E+02,2.566155E-02,5.937414E-02,3.442541E+02,5.033922E+02,1.776691E-02,4.932749E-02,1.344284E+02,1.941999E+02,6.936740E-03,1.902914E-02,3.228834E+02,3.582042E+02,1.665938E-02,3.510047E-02,1.243211E+03,1.552915E+03,6.415895E-02,1.521739E-01
19:30:00,8.573979E+02,8.660360E+02,4.424577E-02,8.486485E-02,4.970390E+02,5.672098E+02,2.564504E-02,5.558092E-02,3.435982E+02,4.924792E+02,1.773289E-02,4.825810E-02,1.343237E+02,1.818254E+02,6.931201E-03,1.781660E-02,3.227057E+02,3.336755E+02,1.664975E-02,3.269690E-02,1.241415E+03,1.530090E+03,6.406528E-02,1.499372E-01
19:40:00,8.563364E+02,8.478785E+02,4.419045E-02,8.308555E-02,4.967299E+02,5.322999E+02,2.562880E-02,5.216015E-02,3.429540E+02,4.816790E+02,1.769951E-02,4.719977E-02,1.342201E+02,1.704333E+02,6.925790E-03,1.670033E-02,3.225264E+02,3.113544E+02,1.664032E-02,3.050968E-02,1.239633E+03,1.507965E+03,6.397267E-02,1.477691E-01
19:50:00,8.552856E+02,8.318422E+02,4.413591E-02,8.151414E-02,4.964234E+02,5.030762E+02,2.561292E-02,4.929659E-02,3.423220E+02,4.717710E+02,1.766679E-02,4.622889E-02,1.341182E+02,1.606394E+02,6.920513E-03,1.574067E-02,3.223486E+02,2.926002E+02,1.663111E-02,2.867199E-02,1.237874E+03,1.486932E+03,6.388141E-02,1.457081E-01
20:00:00,8.542503E+02,8.180834E+02,4.408231E-02,8.016593E-02,4.961217E+02,4.792560E+02,2.559736E-02,4.696253E-02,3.417023E+02,4.629692E+02,1.763474E-02,4.536641E-02,1.340182E+02,1.524221E+02,6.915350E-03,1.493550E-02,3.221736E+02,2.773140E+02,1.662209E-02,2.717415E-02,1.236141E+03,1.467224E+03,6.379168E-02,1.437769E-01
20:10:00,8.532329E+02,8.065630E+02,4.402971E-02,7.903708E-02,4.958253E+02,4.601755E+02,2.558207E-02,4.509293E-02,3.410949E+02,4.553738E+02,1.760335E-02,4.462217E-02,1.339201E+02,1.456475E+02,6.910287E-03,1.427169E-02,3.220014E+02,2.651250E+02,1.661321E-02,2.597980E-02,1.234437E+03,1.449010E+03,6.370358E-02,1.419921E-01
20:20:00,8.522348E+02,7.966922E+02,4.397814E-02,7.806990E-02,4.955343E+02,4.443579E+02,2.556705E-02,4.354306E-02,3.404998E+02,4.487474E+02,1.757261E-02,4.397288E-02,1.338238E+02,1.399244E+02,6.905319E-03,1.371093E-02,3.218324E+02,2.550772E+02,1.660448E-02,2.499528E-02,1.232765E+03,1.432422E+03,6.361715E-02,1.403666E-01
20:30:00,8.512622E+02,7.878526E+02,4.392791E-02,7.720375E-02,4.952503E+02,4.307515E+02,2.555239E-02,4.220984E-02,3.399206E+02,4.428624E+02,1.754269E-02,4.339624E-02,1.337300E+02,1.349772E+02,6.900476E-03,1.322618E-02,3.216673E+02,2.464857E+02,1.659596E-02,2.415344E-02,1.231134E+03,1.417015E+03,6.353292E-02,1.388570E-01
20:40:00,8.503145E+02,7.797641E+02,4.387898E-02,7.641120E-02,4.949735E+02,4.188032E+02,2.553810E-02,4.103908E-02,3.393568E+02,4.375960E+02,1.751358E-02,4.288022E-02,1.336386E+02,1.306477E+02,6.895760E-03,1.280196E-02,3.215063E+02,2.389941E+02,1.658765E-02,2.341938E-02,1.229544E+03,1.402590E+03,6.345082E-02,1.374435E-01
20:50:00,8.493901E+02,7.722677E+02,4.383125E-02,7.567666E-02,4.947036E+02,4.081511E+02,2.552417E-02,3.999533E-02,3.388073E+02,4.328517E+02,1.748521E-02,4.241535E-02,1.335496E+02,1.268208E+02,6.891167E-03,1.242698E-02,3.213494E+02,2.323674E+02,1.657956E-02,2.277005E-02,1.227992E+03,1.389006E+03,6.337069E-02,1.361124E-01
21:00:00,8.484880E+02,7.652491E+02,4.378469E-02,7.498893E-02,4.944405E+02,3.985290E+02,2.551060E-02,3.905249E-02,3.382714E+02,4.285445E+02,1.745754E-02,4.199331E-02,1.334629E+02,1.234049E+02,6.886692E-03,1.209228E-02,3.211965E+02,2.264309E+02,1.657167E-02,2.218836E-02,1.226477E+03,1.376142E+03,6.329243E-02,1.348519E-01
21:10:00,8.476075E+02,7.585988E+02,4.373925E-02,7.433728E-02,4.941841E+02,3.897218E+02,2.549737E-02,3.818950E-02,3.377487E+02,4.245959E+02,1.743056E-02,4.160641E-02,1.333784E+02,1.203238E+02,6.882334E-03,1.179038E-02,3.210474E+02,2.210423E+02,1.656398E-02,2.166034E-02,1.224996E+03,1.363862E+03,6.321600E-02,1.336486E-01
21:20:00,8.467480E+02,7.522537E+02,4.369489E-02,7.371553E-02,4.939341E+02,3.815777E+02,2.548447E-02,3.739147E-02,3.372386E+02,4.209476E+02,1.740423E-02,4.124892E-02,1.332962E+02,1.175200E+02,6.878088E-03,1.151565E-02,3.209022E+02,2.160999E+02,1.655648E-02,2.117605E-02,1.223549E+03,1.352086E+03,6.314133E-02,1.324947E-01
21:30:00,8.459033E+02,7.461640E+02,4.365130E-02,7.311880E-02,4.936889E+02,3.739781E+02,2.547182E-02,3.664680E-02,3.367373E+02,4.175506E+02,1.737835E-02,4.091607E-02,1.332155E+02,1.149467E+02,6.873925E-03,1.126350E-02,3.207598E+02,2.115240E+02,1.654913E-02,2.072766E-02,1.222126E+03,1.340746E+03,6.306789E-02,1.313835E-01
21:40:00,8.450734E+02,7.402908E+02,4.360847E-02,7.254329E-02,4.934484E+02,3.668305E+02,2.545941E-02,3.594642E-02,3.362446E+02,4.143646E+02,1.735292E-02,4.060389E-02,1.331364E+02,1.125661E+02,6.869843E-03,1.103023E-02,3.206202E+02,2.072515E+02,1.654193E-02,2.030901E-02,1.220727E+03,1.329788E+03,6.299569E-02,1.303097E-01
21:50:00,8.442594E+02,7.346033E+02,4.356646E-02,7.198598E-02,4.932128E+02,3.600622E+02,2.544725E-02,3.528320E-02,3.357614E+02,4.113563E+02,1.732798E-02,4.030912E-02,1.330589E+02,1.103474E+02,6.865843E-03,1.081284E-02,3.204834E+02,2.032325E+02,1.653487E-02,1.991519E-02,1.219355E+03,1.319166E+03,6.292485E-02,1.292688E-01
22:00:00,8.434618E+02,7.290773E+02,4.352530E-02,7.144448E-02,4.929821E+02,3.536156E+02,2.543535E-02,3.465151E-02,3.352877E+02,4.084984E+02,1.730353E-02,4.002908E-02,1.329830E+02,1.082658E+02,6.861926E-03,1.060887E-02,3.203496E+02,1.994273E+02,1.652797E-02,1.954233E-02,1.218009E+03,1.308843E+03,6.285541E-02,1.282573E-01
22:10:00,7.025513E+02,6.154068E+02,3.625387E-02,6.009489E-02,4.133486E+02,3.045184E+02,2.129686E-02,2.958369E-02,2.792084E+02,3.410458E+02,1.440939E-02,3.338192E-02,1.107874E+02,9.127019E+01,5.716634E-03,8.903741E-03,2.694170E+02,1.699699E+02,1.387164E-02,1.654462E-02,1.014445E+03,1.112419E+03,5.235048E-02,1.084737E-01
22:20:00,5.617779E+02,5.149501E+02,2.898952E-02,4.979079E-02,3.462502E+02,2.582648E+02,1.766386E-02,2.475727E-02,2.232104E+02,2.765213E+02,1.151945E-02,2.697841E-02,8.860489E+01,7.544679E+01,4.572016E-03,7.299335E-03,2.266030E+02,1.423618E+02,1.154220E-02,1.370743E-02,8.111121E+02,9.413069E+02,4.185747E-02,9.072385E-02
22:30:00,4.211388E+02,4.248538E+02,2.173210E-02,4.030344E-02,2.873502E+02,2.169843E+02,1.436013E-02,2.033532E-02,1.672922E+02,2.189644E+02,8.633619E-03,2.112486E-02,6.663831E+01,6.076337E+01,3.436232E-03,5.788232E-03,1.888015E+02,1.173290E+02,9.414411E-03,1.107909E-02,6.080056E+02,7.899894E+02,3.137615E-02,7.450336E-02
22:40:00,2.961141E+02,3.474279E+02,1.510411E-02,3.180755E-02,2.327166E+02,1.793679E+02,1.122750E-02,1.621708E-02,1.114521E+02,1.707516E+02,5.751824E-03,1.599237E-02,4.610543E+01,4.746598E+01,2.358264E-03,4.390316E-03,1.536560E+02,9.460925E+01,7.393134E-03,8.640761E-03,4.051211E+02,6.598722E+02,2.090629E-02,5.993729E-02
22:50:00,1.809516E+02,2.707371E+02,8.874547E-03,2.338685E-02,1.810713E+02,1.444138E+02,8.215311E-03,1.232519E-02,5.568860E+01,1.240546E+02,2.873978E-03,1.098545E-02,2.721256E+01,3.493783E+01,1.346312E-03,3.058333E-03,1.204609E+02,7.327263E+01,5.450429E-03,6.321384E-03,2.070764E+02,5.317181E+02,1.063666E-02,4.555714E-02
23:00:00,7.246276E+01,1.982307E+02,2.913650E-03,1.530701E-02,1.320479E+02,1.114264E+02,5.308831E-03,8.605184E-03,0.000000E+00,7.918082E+01,0.000000E+00,6.128033E-03,9.482730E+00,2.317731E+01,3.812044E-04,1.791844E-03,8.896103E+01,5.313532E+01,3.576043E-03,4.106271E-03,4.678212E+01,4.102784E+02,1.893522E-03,3.172865E-02
23:10:00,1.107949E+02,2.365078E+02,4.454178E-03,1.825955E-02,1.644645E+02,1.230611E+02,6.611213E-03,9.498652E-03,0.000000E+00,1.010594E+02,0.000000E+00,7.815453E-03,1.493651E+01,2.711035E+01,6.003734E-04,2.095096E-03,1.096372E+02,5.985473E+01,4.406662E-03,4.624039E-03,8.983304E+01,4.792327E+02,3.623789E-03,3.704198E-02
23:20:00,1.526066E+02,2.638981E+02,6.134537E-03,2.036609E-02,1.858518E+02,1.335767E+02,7.469045E-03,1.030765E-02,0.000000E+00,1.217056E+02,0.000000E+00,9.400678E-03,2.123149E+01,3.056960E+01,8.533430E-04,2.359363E-03,1.233525E+02,6.578903E+01,4.957159E-03,5.077587E-03,1.360611E+02,5.266449E+02,5.481686E-03,4.064976E-02
23:30:00,1.975338E+02,2.829922E+02,7.940004E-03,2.183457E-02,2.009750E+02,1.406332E+02,8.075554E-03,1.085169E-02,0.000000E+00,1.369039E+02,0.000000E+00,1.056324E-02,2.804983E+01,3.351323E+01,1.127309E-03,2.585855E-03,1.330243E+02,7.009043E+01,5.345057E-03,5.408419E-03,1.892545E+02,5.576148E+02,7.619444E-03,4.302304E-02
23:40:00,2.296252E+02,2.912625E+02,9.229164E-03,2.247292E-02,2.135588E+02,1.453613E+02,8.580785E-03,1.121678E-02,0.000000E+00,1.441220E+02,0.000000E+00,1.111958E-02,3.404377E+01,3.562855E+01,1.368073E-03,2.749122E-03,1.410571E+02,7.291593E+01,5.667519E-03,5.626579E-03,2.465415E+02,5.703944E+02,9.921681E-03,4.400940E-02
23:50:00,2.543193E+02,3.004619E+02,1.022040E-02,2.318292E-02,2.247601E+02,1.486118E+02,9.030508E-03,1.146777E-02,0.000000E+00,1.510528E+02,0.000000E+00,1.165435E-02,3.881648E+01,3.747301E+01,1.559778E-03,2.891480E-03,1.481490E+02,7.510447E+01,5.952217E-03,5.795550E-03,3.027753E+02,5.839386E+02,1.217831E-02,4.505469E-02
24:00:00,2.745025E+02,3.069888E+02,1.103129E-02,2.368672E-02,2.347976E+02,1.509525E+02,9.433525E-03,1.164850E-02,1.659572E+00,1.572715E+02,6.694641E-05,1.213420E-02,4.298749E+01,3.899592E+01,1.727315E-03,3.009022E-03,1.544877E+02,7.676156E+01,6.206697E-03,5.923491E-03,3.245683E+02,5.932617E+02,1.304386E-02,4.577427E-02
Peak,9.997849E+02,1.386027E+03,5.130965E-02,1.358198E-01,5.319011E+02,9.562564E+02,2.733949E-02,9.370407E-02,5.076447E+02,5.741345E+02,2.604088E-02,5.576816E-02,1.681441E+02,2.950247E+02,8.642849E-03,2.890882E-02,3.431984E+02,5.475266E+02,1.764218E-02,5.365252E-02,1.494752E+03,2.292244E+03,7.666773E-02,2.246223E-01

Peak Vol Flow (m3/s),,,4.263538E-02,1.128585E-01,,,2.271755E-02,7.786272E-02,,,2.163848E-02,4.634015E-02,,,7.181713E-03,2.402158E-02,,,1.465964E-02,4.458217E-02,,,6.370650E-02,1.866483E-01
