Time,ROOM_23F1C225:BOSTON LOGAN INTL ARPT ANN HTG 99.6% CONDNS DB:Des Heat Load [W],ROOM_23F1C225:BOSTON LOGAN INTL ARPT ANN CLG .4% CONDNS DB=>MWB:Des Sens Cool Load [W],ROOM_23F1C225:BOSTON LOGAN INTL ARPT ANN HTG 99.6% CONDNS DB:Des Heat Mass Flow [kg/s],ROOM_23F1C225:BOSTON LOGAN INTL ARPT ANN CLG .4% CONDNS DB=>MWB:Des Cool Mass Flow [kg/s],ROOM_2F7AE989:BOSTON LOGAN INTL ARPT ANN HTG 99.6% CONDNS DB:Des Heat Load [W],ROOM_2F7AE989:BOSTON LOGAN INTL ARPT ANN CLG .4% CONDNS DB=>MWB:Des Sens Cool Load [W],ROOM_2F7AE989:BOSTON LOGAN INTL ARPT ANN HTG 99.6% CONDNS DB:Des Heat Mass Flow [kg/s],ROOM_2F7AE989:BOSTON LOGAN INTL ARPT ANN CLG .4% CONDNS DB=>MWB:Des Cool Mass Flow [kg/s],ROOM_4E85EE91:BOSTON LOGAN INTL ARPT ANN HTG 99.6% CONDNS DB:Des Heat Load [W],ROOM_4E85EE91:BOSTON LOGAN INTL ARPT ANN CLG .4% CONDNS DB=>MWB:Des Sens Cool Load [W],ROOM_4E85EE91:BOSTON LOGAN INTL ARPT ANN HTG 99.6% CONDNS DB:Des Heat Mass Flow [kg/s],ROOM_4E85EE91:BOSTON LOGAN INTL ARPT ANN CLG .4% CONDNS DB=>MWB:Des Cool Mass Flow [kg/s],ROOM_60F2EDB3:BOSTON LOGAN INTL ARPT ANN HTG 99.6% CONDNS DB:Des Heat Load [W],ROOM_60F2EDB3:BOSTON LOGAN INTL ARPT ANN CLG .4% CONDNS DB=>MWB:Des Sens Cool Load [W],ROOM_60F2EDB3:BOSTON LOGAN INTL ARPT ANN HTG 99.6% CONDNS DB:Des Heat Mass Flow [kg/s],ROOM_60F2EDB3:BOSTON LOGAN INTL ARPT ANN CLG .4% CONDNS DB=>MWB:Des Cool Mass Flow [kg/s],ROOM_956F0B03:BOSTON LOGAN INTL ARPT ANN HTG 99.6% CONDNS DB:Des Heat Load [W],ROOM_956F0B03:BOSTON LOGAN INTL ARPT ANN CLG .4% CONDNS DB=>MWB:Des Sens Cool Load [W],ROOM_956F0B03:BOSTON LOGAN INTL ARPT ANN HTG 99.6% CONDNS DB:Des Heat Mass Flow [kg/s],ROOM_956F0B03:BOSTON LOGAN INTL ARPT ANN CLG .4% CONDNS DB=>MWB:Des Cool Mass Flow [kg/s],ROOM_D73A2775:BOSTON LOGAN INTL ARPT ANN HTG 99.6% CONDNS DB:Des Heat Load [W],ROOM_D73A2775:BOSTON LOGAN INTL ARPT ANN CLG .4% CONDNS DB=>MWB:Des Sens Cool Load [W],ROOM_D73A2775:BOSTON LOGAN INTL ARPT ANN HTG 99.6% CONDNS DB:Des Heat Mass Flow [kg/s],ROOM_D73A2775:BOSTON LOGAN INTL ARPT ANN CLG .4% CONDNS DB=>MWB:Des Cool Mass Flow [kg/s],ROOM_E4E9384E:BOSTON LOGAN INTL ARPT ANN HTG 99.6% CONDNS DB:Des Heat Load [W],ROOM_E4E9384E:BOSTON LOGAN INTL ARPT ANN CLG .4% CONDNS DB=>MWB:Des Sens Cool Load [W],ROOM_E4E9384E:BOSTON LOGAN INTL ARPT ANN HTG 99.6% CONDNS DB:Des Heat Mass Flow [kg/s],ROOM_E4E9384E:BOSTON LOGAN INTL ARPT ANN CLG .4% CONDNS DB=>MWB:Des Cool Mass Flow [kg/s],ROOM_E681BE48:BOSTON LOGAN INTL ARPT ANN HTG 99.6% CONDNS DB:Des Heat Load [W],ROOM_E681BE48:BOSTON LOGAN INTL ARPT ANN CLG .4% CONDNS DB=>MWB:Des Sens Cool Load [W],ROOM_E681BE48:BOSTON LOGAN INTL ARPT ANN HTG 99.6% CONDNS DB:Des Heat Mass Flow [kg/s],ROOM_E681BE48:BOSTON LOGAN INTL ARPT ANN CLG .4% CONDNS DB=>MWB:Des Cool Mass Flow [kg/s],ROOM_FFC704B2:BOSTON LOGAN INTL ARPT ANN HTG 99.6% CONDNS DB:Des Heat Load [W],ROOM_FFC704B2:BOSTON LOGAN INTL ARPT ANN CLG .4% CONDNS DB=>MWB:Des Sens Cool Load [W],ROOM_FFC704B2:BOSTON LOGAN INTL ARPT ANN HTG 99.6% CONDNS DB:Des Heat Mass Flow [kg/s],ROOM_FFC704B2:BOSTON LOGAN INTL ARPT ANN CLG .4% CONDNS DB=>MWB:Des Cool Mass Flow [kg/s]
00:10:00,2.420253E+02,3.929607E+01,9.722449E-03,3.032407E-03,1.531414E+02,5.575858E+01,6.152683E-03,4.302630E-03,3.756791E+02,3.399577E+02,1.509580E-02,2.623155E-02,3.724054E+02,3.288727E+02,1.496510E-02,2.537552E-02,2.552953E+02,1.402540E+02,1.025807E-02,1.082222E-02,5.233977E+01,6.624682E+01,2.103370E-03,5.111473E-03,4.685114E+02,2.966785E+02,1.882474E-02,2.289279E-02,9.457584E+01,1.228237E+02,3.800756E-03,9.476767E-03,9.239400E+01,4.213933E+02,3.713692E-03,3.251285E-02
00:20:00,2.478354E+02,4.029249E+01,9.955644E-03,3.109320E-03,1.584587E+02,5.707281E+01,6.366174E-03,4.404069E-03,3.880603E+02,3.416428E+02,1.559298E-02,2.636165E-02,3.863467E+02,3.333928E+02,1.552502E-02,2.572440E-02,2.646194E+02,1.429032E+02,1.063249E-02,1.102669E-02,5.915104E+01,6.852544E+01,2.377043E-03,5.287314E-03,4.811961E+02,2.975595E+02,1.933396E-02,2.296085E-02,1.058000E+02,1.265105E+02,4.251751E-03,9.761276E-03,1.172041E+02,4.277333E+02,4.710397E-03,3.300208E-02
00:30:00,2.529114E+02,4.106710E+01,1.015956E-02,3.169107E-03,1.635030E+02,5.811970E+01,6.568821E-03,4.484866E-03,3.997389E+02,3.426043E+02,1.606213E-02,2.643587E-02,3.987208E+02,3.371666E+02,1.602208E-02,2.601565E-02,2.732703E+02,1.450618E+02,1.097999E-02,1.119329E-02,6.459204E+01,7.048158E+01,2.595644E-03,5.438264E-03,4.924259E+02,2.977943E+02,1.978503E-02,2.297899E-02,1.145634E+02,1.297001E+02,4.603844E-03,1.000742E-02,1.349358E+02,4.330835E+02,5.422969E-03,3.341491E-02
00:40:00,2.573613E+02,4.164963E+01,1.033836E-02,3.214063E-03,1.682220E+02,5.893489E+01,6.758436E-03,4.547775E-03,4.104911E+02,3.429855E+02,1.649410E-02,2.646529E-02,4.100227E+02,3.403260E+02,1.647608E-02,2.625948E-02,2.816421E+02,1.468018E+02,1.131633E-02,1.132758E-02,6.935267E+01,7.215245E+01,2.786906E-03,5.567195E-03,5.024752E+02,2.975113E+02,2.018872E-02,2.295716E-02,1.222167E+02,1.324590E+02,4.911329E-03,1.022031E-02,1.529839E+02,4.376132E+02,6.148252E-03,3.376442E-02
00:50:00,2.612764E+02,4.206729E+01,1.049567E-02,3.246294E-03,1.725290E+02,5.955079E+01,6.931496E-03,4.595300E-03,4.204514E+02,3.429017E+02,1.689425E-02,2.645881E-02,4.204769E+02,3.429782E+02,1.689605E-02,2.646413E-02,2.896231E+02,1.481858E+02,1.163700E-02,1.143438E-02,7.354563E+01,7.357348E+01,2.955359E-03,5.676842E-03,5.115240E+02,2.968142E+02,2.055225E-02,2.290335E-02,1.289470E+02,1.348464E+02,5.181729E-03,1.040452E-02,1.679099E+02,4.414610E+02,6.748047E-03,3.406128E-02
01:00:00,2.647365E+02,4.234460E+01,1.063470E-02,3.267690E-03,1.764307E+02,5.999642E+01,7.088267E-03,4.629682E-03,4.297177E+02,3.424461E+02,1.726654E-02,2.642363E-02,4.303725E+02,3.452106E+02,1.729361E-02,2.663638E-02,2.970450E+02,1.492679E+02,1.193521E-02,1.151788E-02,7.735930E+01,7.477744E+01,3.108573E-03,5.769735E-03,5.197836E+02,2.957870E+02,2.088410E-02,2.282406E-02,1.349326E+02,1.369152E+02,5.422200E-03,1.056414E-02,1.811821E+02,4.447411E+02,7.281373E-03,3.431433E-02
01:10:00,2.678106E+02,4.257043E+01,1.075822E-02,3.285113E-03,1.799717E+02,6.037323E+01,7.230539E-03,4.658751E-03,4.382656E+02,3.420629E+02,1.760997E-02,2.639402E-02,4.399651E+02,3.476066E+02,1.767901E-02,2.682124E-02,3.039288E+02,1.503065E+02,1.221180E-02,1.159801E-02,8.093423E+01,7.589370E+01,3.252201E-03,5.855858E-03,5.274459E+02,2.948126E+02,2.119198E-02,2.274884E-02,1.404211E+02,1.389157E+02,5.642705E-03,1.071849E-02,1.931768E+02,4.481466E+02,7.763357E-03,3.457705E-02
01:20:00,2.705559E+02,4.270978E+01,1.086853E-02,3.295862E-03,1.831948E+02,6.063915E+01,7.360036E-03,4.679265E-03,4.461306E+02,3.414803E+02,1.792597E-02,2.634904E-02,4.493917E+02,3.497602E+02,1.805777E-02,2.698740E-02,3.103065E+02,1.511538E+02,1.246806E-02,1.166338E-02,8.438846E+01,7.685878E+01,3.390987E-03,5.930315E-03,5.345298E+02,2.936670E+02,2.147663E-02,2.266041E-02,1.455921E+02,1.407029E+02,5.850462E-03,1.085638E-02,2.040318E+02,4.511997E+02,8.199531E-03,3.481258E-02
01:30:00,2.730224E+02,4.277912E+01,1.096763E-02,3.301209E-03,1.861394E+02,6.081340E+01,7.478349E-03,4.692704E-03,4.532978E+02,3.407439E+02,1.821393E-02,2.629219E-02,4.584517E+02,3.517151E+02,1.842181E-02,2.713822E-02,3.162087E+02,1.518427E+02,1.270521E-02,1.171652E-02,8.767771E+01,7.769499E+01,3.523152E-03,5.994828E-03,5.411190E+02,2.923923E+02,2.174142E-02,2.256203E-02,1.505230E+02,1.423095E+02,6.048578E-03,1.098033E-02,2.140045E+02,4.539571E+02,8.600250E-03,3.502529E-02
01:40:00,2.752664E+02,4.279229E+01,1.105779E-02,3.302221E-03,1.888412E+02,6.091218E+01,7.586909E-03,4.700321E-03,4.599239E+02,3.398914E+02,1.848013E-02,2.622638E-02,4.670984E+02,3.535067E+02,1.876924E-02,2.727644E-02,3.216481E+02,1.524005E+02,1.292376E-02,1.175955E-02,9.081974E+01,7.842128E+01,3.649406E-03,6.050859E-03,5.473080E+02,2.910236E+02,2.199012E-02,2.245640E-02,1.552490E+02,1.437627E+02,6.238473E-03,1.109245E-02,2.233303E+02,4.564664E+02,8.974974E-03,3.521887E-02
01:50:00,2.773089E+02,4.276137E+01,1.113985E-02,3.299832E-03,1.913359E+02,6.094962E+01,7.687146E-03,4.703205E-03,4.661030E+02,3.389540E+02,1.872840E-02,2.615404E-02,4.753709E+02,3.551657E+02,1.910164E-02,2.740444E-02,3.266413E+02,1.528511E+02,1.312438E-02,1.179431E-02,9.387600E+01,7.905436E+01,3.772217E-03,6.099700E-03,5.531240E+02,2.895900E+02,2.222382E-02,2.234576E-02,1.598531E+02,1.450865E+02,6.423471E-03,1.119458E-02,2.321666E+02,4.587684E+02,9.330025E-03,3.539645E-02
02:00:00,2.791781E+02,4.269689E+01,1.121495E-02,3.294854E-03,1.936703E+02,6.093777E+01,7.780947E-03,4.702287E-03,4.718889E+02,3.379571E+02,1.896086E-02,2.607711E-02,4.832546E+02,3.567174E+02,1.941841E-02,2.752416E-02,3.312733E+02,1.532147E+02,1.331048E-02,1.182236E-02,9.680826E+01,7.960864E+01,3.890051E-03,6.142461E-03,5.586125E+02,2.881150E+02,2.244437E-02,2.223193E-02,1.643747E+02,1.463008E+02,6.605168E-03,1.128826E-02,2.406474E+02,4.608969E+02,9.670797E-03,3.556065E-02
02:10:00,2.808986E+02,4.259633E+01,1.128408E-02,3.287092E-03,1.958556E+02,6.087863E+01,7.868765E-03,4.697720E-03,4.773489E+02,3.368976E+02,1.918024E-02,2.599535E-02,4.907606E+02,3.581507E+02,1.972000E-02,2.763474E-02,3.355965E+02,1.534903E+02,1.348419E-02,1.184362E-02,9.963733E+01,8.009057E+01,4.003738E-03,6.179641E-03,5.638138E+02,2.865926E+02,2.265338E-02,2.211445E-02,1.687657E+02,1.474116E+02,6.781618E-03,1.137396E-02,2.487741E+02,4.628582E+02,9.997344E-03,3.571196E-02
02:20:00,2.824913E+02,4.246633E+01,1.134808E-02,3.277057E-03,1.979003E+02,6.078051E+01,7.950931E-03,4.690147E-03,4.825574E+02,3.357911E+02,1.938953E-02,2.590997E-02,4.978972E+02,3.594826E+02,2.000675E-02,2.773750E-02,3.396445E+02,1.536927E+02,1.364684E-02,1.185923E-02,1.023145E+02,8.051065E+01,4.111325E-03,6.212048E-03,5.687620E+02,2.850373E+02,2.285221E-02,2.199443E-02,1.730543E+02,1.484332E+02,6.953957E-03,1.145278E-02,2.566424E+02,4.646755E+02,1.031351E-02,3.585216E-02
02:30:00,2.839734E+02,4.231240E+01,1.140762E-02,3.265177E-03,1.998171E+02,6.065047E+01,8.027955E-03,4.680109E-03,4.876433E+02,3.346504E+02,1.959389E-02,2.582194E-02,5.046626E+02,3.607287E+02,2.027859E-02,2.783364E-02,3.434617E+02,1.538367E+02,1.380021E-02,1.187034E-02,1.048519E+02,8.087788E+01,4.213293E-03,6.240379E-03,5.734857E+02,2.834610E+02,2.304202E-02,2.187279E-02,1.771568E+02,1.493781E+02,7.118819E-03,1.152568E-02,2.641723E+02,4.663690E+02,1.061607E-02,3.598281E-02
02:40:00,2.853594E+02,4.213929E+01,1.146331E-02,3.251815E-03,2.016192E+02,6.049451E+01,8.100367E-03,4.668073E-03,4.925529E+02,3.334857E+02,1.979120E-02,2.573207E-02,5.110173E+02,3.619011E+02,2.053392E-02,2.792409E-02,3.471042E+02,1.539311E+02,1.394658E-02,1.187762E-02,1.072606E+02,8.119981E+01,4.310087E-03,6.265215E-03,5.780089E+02,2.818733E+02,2.322378E-02,2.175027E-02,1.810857E+02,1.502564E+02,7.276702E-03,1.159344E-02,2.715780E+02,4.679544E+02,1.091365E-02,3.610512E-02
02:50:00,2.866615E+02,4.195094E+01,1.151562E-02,3.237278E-03,2.033182E+02,6.031784E+01,8.168636E-03,4.654439E-03,4.973111E+02,3.323056E+02,1.998241E-02,2.564100E-02,5.169757E+02,3.630093E+02,2.077331E-02,2.800959E-02,3.506202E+02,1.539837E+02,1.408786E-02,1.188167E-02,1.095429E+02,8.148282E+01,4.401803E-03,6.287049E-03,5.823517E+02,2.802821E+02,2.339828E-02,2.162749E-02,1.848431E+02,1.510765E+02,7.427691E-03,1.165672E-02,2.788178E+02,4.694449E+02,1.120457E-02,3.622011E-02
03:00:00,2.878896E+02,4.175046E+01,1.156496E-02,3.221804E-03,2.049244E+02,6.012497E+01,8.233178E-03,4.639555E-03,5.019228E+02,3.311170E+02,2.016774E-02,2.554929E-02,5.226255E+02,3.640615E+02,2.100031E-02,2.809078E-02,3.539922E+02,1.540014E+02,1.422337E-02,1.188304E-02,1.117063E+02,8.173352E+01,4.488738E-03,6.306390E-03,5.865310E+02,2.786941E+02,2.356622E-02,2.150495E-02,1.884371E+02,1.518458E+02,7.572114E-03,1.171606E-02,2.859308E+02,4.708514E+02,1.149039E-02,3.632862E-02
03:10:00,2.890524E+02,4.153052E+01,1.161168E-02,3.204828E-03,2.064469E+02,5.991187E+01,8.294357E-03,4.623111E-03,5.063983E+02,3.299024E+02,2.034758E-02,2.545556E-02,5.280127E+02,3.650425E+02,2.121676E-02,2.816647E-02,3.572325E+02,1.539774E+02,1.435359E-02,1.188118E-02,1.137583E+02,8.195108E+01,4.571200E-03,6.323174E-03,5.905611E+02,2.770896E+02,2.372815E-02,2.138113E-02,1.918753E+02,1.525626E+02,7.710277E-03,1.177137E-02,2.929450E+02,4.721684E+02,1.177225E-02,3.643023E-02
03:20:00,2.901569E+02,4.129322E+01,1.165605E-02,3.186513E-03,2.078938E+02,5.968074E+01,8.352493E-03,4.605275E-03,5.107456E+02,3.286656E+02,2.052227E-02,2.536013E-02,5.331859E+02,3.659566E+02,2.142462E-02,2.823700E-02,3.603495E+02,1.539152E+02,1.447884E-02,1.187638E-02,1.157062E+02,8.213898E+01,4.649477E-03,6.337670E-03,5.944540E+02,2.754721E+02,2.388458E-02,2.125632E-02,1.951653E+02,1.532313E+02,7.842487E-03,1.182296E-02,2.998972E+02,4.734024E+02,1.205162E-02,3.652543E-02
03:30:00,2.912092E+02,4.104039E+01,1.169833E-02,3.167000E-03,2.092719E+02,5.943345E+01,8.407868E-03,4.586192E-03,5.149720E+02,3.274097E+02,2.069211E-02,2.526322E-02,5.381983E+02,3.668054E+02,2.162603E-02,2.830248E-02,3.633524E+02,1.538152E+02,1.459951E-02,1.186867E-02,1.175565E+02,8.230134E+01,4.723833E-03,6.350197E-03,5.982201E+02,2.738443E+02,2.403591E-02,2.113071E-02,1.983144E+02,1.538553E+02,7.969033E-03,1.187110E-02,3.068608E+02,4.745578E+02,1.233146E-02,3.661457E-02
03:40:00,2.922143E+02,4.077357E+01,1.173871E-02,3.146407E-03,2.105873E+02,5.917173E+01,8.460724E-03,4.565995E-03,5.190841E+02,3.261374E+02,2.085735E-02,2.516505E-02,5.431377E+02,3.675917E+02,2.182451E-02,2.836315E-02,3.662492E+02,1.536818E+02,1.471592E-02,1.185837E-02,1.193151E+02,8.244028E+01,4.794503E-03,6.360915E-03,6.018682E+02,2.722086E+02,2.418249E-02,2.100449E-02,2.013290E+02,1.544376E+02,8.090173E-03,1.191603E-02,3.135996E+02,4.756394E+02,1.260226E-02,3.669802E-02
03:50:00,2.931767E+02,4.049411E+01,1.177737E-02,3.124839E-03,2.118454E+02,5.889707E+01,8.511276E-03,4.544798E-03,5.230874E+02,3.248510E+02,2.101822E-02,2.506579E-02,5.480364E+02,3.683226E+02,2.202137E-02,2.841954E-02,3.690473E+02,1.535183E+02,1.482836E-02,1.184575E-02,1.209869E+02,8.255781E+01,4.861686E-03,6.369982E-03,6.054057E+02,2.705670E+02,2.432463E-02,2.087782E-02,2.042144E+02,1.549810E+02,8.206125E-03,1.195795E-02,3.201703E+02,4.766515E+02,1.286631E-02,3.677610E-02
04:00:00,2.940999E+02,4.020322E+01,1.181446E-02,3.102388E-03,2.130509E+02,5.861058E+01,8.559715E-03,4.522689E-03,5.269873E+02,3.235525E+02,2.117493E-02,2.496559E-02,5.528515E+02,3.689959E+02,2.221487E-02,2.847149E-02,3.717531E+02,1.533273E+02,1.493709E-02,1.183101E-02,1.225760E+02,8.265464E+01,4.925544E-03,6.377453E-03,6.088393E+02,2.689213E+02,2.446260E-02,2.075082E-02,2.069751E+02,1.554880E+02,8.317059E-03,1.199707E-02,3.265585E+02,4.775977E+02,1.312301E-02,3.684910E-02
04:10:00,2.949871E+02,3.991180E+01,1.185011E-02,3.079897E-03,2.142080E+02,5.832012E+01,8.606208E-03,4.500273E-03,5.307884E+02,3.222659E+02,2.132767E-02,2.486631E-02,5.575821E+02,3.696408E+02,2.240498E-02,2.852125E-02,3.743726E+02,1.531244E+02,1.504234E-02,1.181535E-02,1.240849E+02,8.273792E+01,4.986178E-03,6.383878E-03,6.121748E+02,2.672970E+02,2.459663E-02,2.062549E-02,2.096133E+02,1.559706E+02,8.423074E-03,1.203430E-02,3.327655E+02,4.785006E+02,1.337244E-02,3.691876E-02
04:20:00,2.958411E+02,3.962074E+01,1.188442E-02,3.057434E-03,2.153204E+02,5.802759E+01,8.650904E-03,4.477698E-03,5.344950E+02,3.209916E+02,2.147662E-02,2.476799E-02,5.622260E+02,3.702627E+02,2.259159E-02,2.856923E-02,3.769109E+02,1.529124E+02,1.514434E-02,1.179899E-02,1.255129E+02,8.280959E+01,5.043560E-03,6.389407E-03,6.154172E+02,2.656940E+02,2.472691E-02,2.050179E-02,2.121283E+02,1.564313E+02,8.524136E-03,1.206985E-02,3.387909E+02,4.793643E+02,1.361457E-02,3.698540E-02
04:30:00,2.966634E+02,3.933208E+01,1.191745E-02,3.035156E-03,2.163902E+02,5.773522E+01,8.693888E-03,4.455135E-03,5.381062E+02,3.197336E+02,2.162173E-02,2.467092E-02,5.667772E+02,3.708642E+02,2.277449E-02,2.861564E-02,3.793699E+02,1.526944E+02,1.524315E-02,1.178217E-02,1.268502E+02,8.287002E+01,5.097298E-03,6.394069E-03,6.185671E+02,2.641160E+02,2.485348E-02,2.038002E-02,2.145044E+02,1.568721E+02,8.619618E-03,1.210386E-02,3.446268E+02,4.801916E+02,1.384909E-02,3.704923E-02
04:40:00,2.974561E+02,3.923789E+01,1.194930E-02,3.027885E-03,2.174203E+02,5.788006E+01,8.735278E-03,4.466310E-03,5.416262E+02,3.190164E+02,2.176317E-02,2.461558E-02,5.712371E+02,3.722479E+02,2.295371E-02,2.872241E-02,3.817539E+02,1.538537E+02,1.533895E-02,1.187162E-02,1.281175E+02,8.342710E+01,5.148219E-03,6.437052E-03,6.216291E+02,2.633725E+02,2.497651E-02,2.032265E-02,2.167433E+02,1.576452E+02,8.709580E-03,1.216351E-02,3.502748E+02,4.814457E+02,1.407606E-02,3.714599E-02
04:50:00,2.982212E+02,3.954181E+01,1.198004E-02,3.051338E-03,2.184137E+02,5.899383E+01,8.775193E-03,4.552258E-03,5.450596E+02,3.189339E+02,2.190114E-02,2.460921E-02,5.756089E+02,3.750056E+02,2.312939E-02,2.893520E-02,3.840679E+02,1.581451E+02,1.543193E-02,1.220277E-02,1.293229E+02,8.519936E+01,5.196655E-03,6.573799E-03,6.246079E+02,2.639628E+02,2.509620E-02,2.036821E-02,2.188754E+02,1.590792E+02,8.795251E-03,1.227416E-02,3.557382E+02,4.832305E+02,1.429560E-02,3.728370E-02
05:00:00,2.989605E+02,4.044694E+01,1.200974E-02,3.121193E-03,2.193729E+02,6.172603E+01,8.813733E-03,4.763109E-03,5.484101E+02,3.196145E+02,2.203577E-02,2.466174E-02,5.798947E+02,3.797172E+02,2.330161E-02,2.929876E-02,3.863158E+02,1.676868E+02,1.552226E-02,1.293909E-02,1.304759E+02,8.907805E+01,5.242987E-03,6.873085E-03,6.275075E+02,2.663973E+02,2.521271E-02,2.055609E-02,2.209156E+02,1.615383E+02,8.877231E-03,1.246390E-02,3.610178E+02,4.857161E+02,1.450776E-02,3.747547E-02
05:10:00,3.214417E+02,5.013379E+01,1.309725E-02,3.916474E-03,2.425525E+02,7.606104E+01,9.887681E-03,5.944595E-03,6.287995E+02,3.581944E+02,2.560940E-02,2.789742E-02,6.838603E+02,4.352199E+02,2.783827E-02,3.389450E-02,4.387480E+02,2.068847E+02,1.787677E-02,1.616097E-02,1.563060E+02,1.080177E+02,6.375397E-03,8.435767E-03,7.007167E+02,3.028488E+02,2.853910E-02,2.360064E-02,2.677581E+02,1.878109E+02,1.091229E-02,1.463836E-02,4.775577E+02,5.472192E+02,1.942957E-02,4.259904E-02
05:20:00,3.351464E+02,5.715007E+01,1.387581E-02,4.546935E-03,2.558013E+02,8.855307E+01,1.059828E-02,7.053827E-03,6.509235E+02,3.717069E+02,2.690352E-02,2.937815E-02,7.017967E+02,4.549330E+02,2.896705E-02,3.595378E-02,4.596832E+02,2.391233E+02,1.902272E-02,1.902837E-02,1.684644E+02,1.236763E+02,6.984800E-03,9.838256E-03,7.255709E+02,3.199364E+02,3.000064E-02,2.531921E-02,2.836386E+02,2.013292E+02,1.173806E-02,1.594353E-02,4.838898E+02,5.642533E+02,1.991830E-02,4.455439E-02
05:30:00,3.528930E+02,6.719772E+01,1.483104E-02,5.431188E-03,2.746111E+02,1.061433E+02,1.155243E-02,8.590078E-03,7.089877E+02,4.024739E+02,2.977202E-02,3.230318E-02,7.760370E+02,5.003347E+02,3.256228E-02,4.016569E-02,4.996663E+02,2.869065E+02,2.100311E-02,2.319825E-02,1.901011E+02,1.464501E+02,8.009545E-03,1.183696E-02,7.783190E+02,3.521359E+02,3.268378E-02,2.830241E-02,3.211129E+02,2.252641E+02,1.350995E-02,1.812178E-02,5.680136E+02,6.111450E+02,2.381535E-02,4.901150E-02
05:40:00,3.676288E+02,7.655053E+01,1.565480E-02,6.258254E-03,2.900982E+02,1.243616E+02,1.236161E-02,1.018161E-02,7.538199E+02,4.284374E+02,3.206289E-02,3.482826E-02,8.312823E+02,5.391639E+02,3.532800E-02,4.383334E-02,5.315303E+02,3.366051E+02,2.262921E-02,2.753769E-02,2.073680E+02,1.699692E+02,8.843612E-03,1.390156E-02,8.198737E+02,3.806346E+02,3.487831E-02,3.097960E-02,3.500697E+02,2.466534E+02,1.490994E-02,2.008967E-02,6.263731E+02,6.499055E+02,2.658703E-02,5.279168E-02
05:50:00,3.810658E+02,8.560619E+01,1.642219E-02,7.062644E-03,3.042655E+02,1.434872E+02,1.311365E-02,1.185509E-02,7.955540E+02,4.534483E+02,3.422030E-02,3.727617E-02,8.832301E+02,5.761871E+02,3.795213E-02,4.735929E-02,5.609293E+02,3.885602E+02,2.414885E-02,3.208633E-02,2.232063E+02,1.946448E+02,9.615870E-03,1.607102E-02,8.583504E+02,4.080095E+02,3.693997E-02,3.356949E-02,3.768820E+02,2.673819E+02,1.621734E-02,2.200700E-02,6.816486E+02,6.871980E+02,2.922696E-02,5.645325E-02
06:00:00,3.934908E+02,9.416235E+01,1.714571E-02,7.828771E-03,3.173905E+02,1.629787E+02,1.382062E-02,1.356947E-02,8.349505E+02,4.777985E+02,3.627738E-02,3.967225E-02,9.325716E+02,6.110811E+02,4.046472E-02,5.072026E-02,5.884288E+02,4.407030E+02,2.558669E-02,3.668485E-02,2.378846E+02,2.197211E+02,1.033803E-02,1.828792E-02,8.945518E+02,4.338911E+02,3.890377E-02,3.604453E-02,4.019345E+02,2.872325E+02,1.744891E-02,2.385797E-02,7.339673E+02,7.235256E+02,3.174044E-02,6.003943E-02
06:10:00,3.910394E+02,1.017736E+02,1.732431E-02,8.570494E-03,3.198180E+02,1.826985E+02,1.417625E-02,1.538753E-02,8.481369E+02,4.989419E+02,3.757630E-02,4.198860E-02,9.542001E+02,6.412096E+02,4.227491E-02,5.395832E-02,5.976332E+02,4.930281E+02,2.648670E-02,4.151685E-02,2.482044E+02,2.450427E+02,1.101236E-02,2.063378E-02,9.006736E+02,4.561601E+02,3.990294E-02,3.839233E-02,4.192579E+02,3.048858E+02,1.859470E-02,2.566115E-02,7.727529E+02,7.553893E+02,3.424674E-02,6.355999E-02
06:20:00,3.876463E+02,1.098959E+02,1.743339E-02,9.364307E-03,3.210414E+02,2.036436E+02,1.444797E-02,1.736381E-02,8.589721E+02,5.296119E+02,3.858099E-02,4.506804E-02,9.727396E+02,6.835088E+02,4.365348E-02,5.815352E-02,6.042860E+02,5.485711E+02,2.717047E-02,4.675260E-02,2.568328E+02,2.722316E+02,1.157152E-02,2.320376E-02,9.041036E+02,4.847990E+02,4.062053E-02,4.125988E-02,4.342748E+02,3.267466E+02,1.954075E-02,2.781578E-02,8.137497E+02,8.041300E+02,3.649739E-02,6.841080E-02
06:30:00,3.832863E+02,1.163019E+02,1.751429E-02,1.002259E-02,3.210975E+02,2.228432E+02,1.468838E-02,1.921682E-02,8.654414E+02,5.534189E+02,3.953283E-02,4.763314E-02,9.851965E+02,7.142588E+02,4.498463E-02,6.146450E-02,6.084954E+02,5.978455E+02,2.782045E-02,5.152695E-02,2.635302E+02,2.968566E+02,1.207939E-02,2.559027E-02,9.046813E+02,5.063761E+02,4.132331E-02,4.358373E-02,4.454094E+02,3.437241E+02,2.039437E-02,2.959530E-02,8.420841E+02,8.410309E+02,3.847701E-02,7.237501E-02
06:40:00,3.782856E+02,1.224873E+02,1.755216E-02,1.065841E-02,3.203841E+02,2.421800E+02,1.487833E-02,2.108860E-02,8.704980E+02,5.790979E+02,4.036258E-02,5.034205E-02,9.960987E+02,7.460880E+02,4.616286E-02,6.484235E-02,6.112217E+02,6.465803E+02,2.836606E-02,5.627400E-02,2.693592E+02,3.216086E+02,1.252763E-02,2.799642E-02,9.036344E+02,5.286571E+02,4.190231E-02,4.595443E-02,4.554766E+02,3.609705E+02,2.116159E-02,3.138804E-02,8.703188E+02,8.809956E+02,4.034525E-02,7.657329E-02
06:50:00,3.727453E+02,1.282467E+02,1.755910E-02,1.125653E-02,3.190151E+02,2.613949E+02,1.503180E-02,2.295949E-02,8.738755E+02,6.051380E+02,4.110075E-02,5.308041E-02,1.004896E+03,7.767680E+02,4.722885E-02,6.811628E-02,6.126705E+02,6.940140E+02,2.884130E-02,6.093453E-02,2.743039E+02,3.460217E+02,1.292803E-02,3.038550E-02,9.011716E+02,5.508696E+02,4.240217E-02,4.831881E-02,4.641072E+02,3.775766E+02,2.185197E-02,3.312430E-02,8.955363E+02,9.211980E+02,4.205886E-02,8.078891E-02
07:00:00,3.667655E+02,1.336410E+02,1.754106E-02,1.182236E-02,3.171066E+02,2.803270E+02,1.515549E-02,2.481556E-02,8.758859E+02,6.314615E+02,4.176551E-02,5.584339E-02,1.011997E+03,8.064777E+02,4.820508E-02,7.130336E-02,6.130580E+02,7.398602E+02,2.925891E-02,6.548265E-02,2.785405E+02,3.699145E+02,1.329019E-02,3.274177E-02,8.974993E+02,5.733178E+02,4.283616E-02,5.070459E-02,4.716242E+02,3.936160E+02,2.248264E-02,3.481127E-02,9.186056E+02,9.615708E+02,4.366003E-02,8.501913E-02
07:10:00,3.686983E+02,1.405803E+02,1.789954E-02,1.266313E-02,3.195310E+02,3.021068E+02,1.551432E-02,2.721038E-02,8.837753E+02,6.650955E+02,4.290266E-02,5.987957E-02,1.022159E+03,8.441872E+02,4.961733E-02,7.597849E-02,6.184322E+02,7.911921E+02,3.002470E-02,7.123729E-02,2.817053E+02,3.974525E+02,1.367852E-02,3.579286E-02,9.039378E+02,6.025467E+02,4.388217E-02,5.425239E-02,4.772339E+02,4.144438E+02,2.317033E-02,3.731598E-02,9.297071E+02,1.013440E+03,4.512630E-02,9.122418E-02
07:20:00,3.729002E+02,1.458159E+02,1.832888E-02,1.336978E-02,3.244824E+02,3.213340E+02,1.594990E-02,2.947893E-02,9.079849E+02,6.881243E+02,4.458996E-02,6.300677E-02,1.058476E+03,8.660313E+02,5.195974E-02,7.922977E-02,6.324796E+02,8.343517E+02,3.107371E-02,7.648160E-02,2.883624E+02,4.212436E+02,1.417187E-02,3.863192E-02,9.240927E+02,6.239438E+02,4.539075E-02,5.715010E-02,4.913645E+02,4.289928E+02,2.413792E-02,3.929406E-02,9.744012E+02,1.046746E+03,4.780943E-02,9.579599E-02
07:30:00,3.755252E+02,1.516204E+02,1.868826E-02,1.414246E-02,3.273561E+02,3.404047E+02,1.629450E-02,3.175978E-02,9.205253E+02,7.158951E+02,4.578919E-02,6.668503E-02,1.075049E+03,8.949581E+02,5.346392E-02,8.329648E-02,6.399475E+02,8.776404E+02,3.184355E-02,8.181446E-02,2.918107E+02,4.448762E+02,1.452708E-02,4.149328E-02,9.347772E+02,6.505914E+02,4.650137E-02,6.062736E-02,4.983394E+02,4.458524E+02,2.480027E-02,4.154557E-02,9.915329E+02,1.088296E+03,4.930411E-02,1.013314E-01
07:40:00,3.788756E+02,1.571003E+02,1.907248E-02,1.487639E-02,3.309893E+02,3.584219E+02,1.666429E-02,3.394762E-02,9.362386E+02,7.418414E+02,4.710224E-02,7.016066E-02,1.097003E+03,9.213402E+02,5.517560E-02,8.707203E-02,6.493494E+02,9.179661E+02,3.268044E-02,8.688028E-02,2.962097E+02,4.667924E+02,1.491344E-02,4.419841E-02,9.482542E+02,6.769834E+02,4.771232E-02,6.405729E-02,5.073139E+02,4.613045E+02,2.553298E-02,4.364211E-02,1.016315E+03,1.126586E+03,5.110523E-02,1.065063E-01
07:50:00,3.824139E+02,1.625197E+02,1.946016E-02,1.560112E-02,3.347685E+02,3.754572E+02,1.703503E-02,3.605458E-02,9.521819E+02,7.673047E+02,4.841185E-02,7.358727E-02,1.118925E+03,9.472300E+02,5.686868E-02,9.078596E-02,6.589589E+02,9.553835E+02,3.351585E-02,9.169724E-02,3.007274E+02,4.870214E+02,1.529831E-02,4.675643E-02,9.620212E+02,7.039087E+02,4.892363E-02,6.753825E-02,5.164166E+02,4.761580E+02,2.626062E-02,4.567486E-02,1.040708E+03,1.164173E+03,5.286741E-02,1.116070E-01
08:00:00,3.860759E+02,1.680048E+02,1.984947E-02,1.632950E-02,3.386356E+02,3.918043E+02,1.740519E-02,3.810886E-02,9.681660E+02,7.928157E+02,4.971216E-02,7.702000E-02,1.140779E+03,9.730809E+02,5.854524E-02,9.448660E-02,6.686522E+02,9.903724E+02,3.434623E-02,9.631027E-02,3.053056E+02,5.057519E+02,1.568028E-02,4.918543E-02,9.758961E+02,7.316338E+02,5.012961E-02,7.110038E-02,5.255693E+02,4.906337E+02,2.698173E-02,4.766745E-02,1.064952E+03,1.201826E+03,5.460658E-02,1.167143E-01
08:10:00,3.738255E+02,1.640220E+02,1.929233E-02,1.607259E-02,3.253509E+02,3.946055E+02,1.679127E-02,3.866016E-02,9.242289E+02,7.772724E+02,4.770019E-02,7.616492E-02,1.083758E+03,9.441528E+02,5.593386E-02,9.251828E-02,6.389542E+02,9.913705E+02,3.297685E-02,9.712780E-02,2.890540E+02,5.060068E+02,1.491862E-02,4.957414E-02,9.364797E+02,7.239822E+02,4.833193E-02,7.094306E-02,4.970708E+02,4.781242E+02,2.565471E-02,4.685004E-02,9.987355E+02,1.174169E+03,5.154651E-02,1.150561E-01
08:20:00,3.680617E+02,1.639149E+02,1.899464E-02,1.606281E-02,3.195616E+02,4.017905E+02,1.649234E-02,3.936974E-02,9.217851E+02,7.892545E+02,4.757377E-02,7.734167E-02,1.086349E+03,9.542827E+02,5.606730E-02,9.351351E-02,6.324483E+02,1.005459E+03,3.264085E-02,9.852102E-02,2.833146E+02,5.118516E+02,1.462234E-02,5.015318E-02,9.318370E+02,7.393028E+02,4.809193E-02,7.244715E-02,4.911766E+02,4.800267E+02,2.535041E-02,4.703809E-02,1.002788E+03,1.194052E+03,5.175553E-02,1.170076E-01
08:30:00,3.599748E+02,1.620241E+02,1.857725E-02,1.587762E-02,3.104925E+02,4.070413E+02,1.602427E-02,3.988594E-02,8.969752E+02,7.878406E+02,4.629331E-02,7.720351E-02,1.055444E+03,9.430239E+02,5.447228E-02,9.241056E-02,6.140021E+02,1.011114E+03,3.168882E-02,9.907908E-02,2.720704E+02,5.136603E+02,1.404202E-02,5.033229E-02,9.093861E+02,7.437415E+02,4.693320E-02,7.288259E-02,4.728744E+02,4.738008E+02,2.440582E-02,4.642824E-02,9.656185E+02,1.189605E+03,4.983727E-02,1.165722E-01
08:40:00,3.541126E+02,1.613653E+02,1.827470E-02,1.581305E-02,3.039238E+02,4.134260E+02,1.568527E-02,4.051206E-02,8.814063E+02,7.926993E+02,4.548987E-02,7.767949E-02,1.036971E+03,9.390433E+02,5.351906E-02,9.202023E-02,6.015420E+02,1.017708E+03,3.104578E-02,9.972629E-02,2.640767E+02,5.160717E+02,1.362946E-02,5.056909E-02,8.949415E+02,7.532744E+02,4.618776E-02,7.381667E-02,4.605402E+02,4.707217E+02,2.376927E-02,4.612644E-02,9.433509E+02,1.195409E+03,4.868822E-02,1.171407E-01
08:50:00,3.492744E+02,1.613593E+02,1.802499E-02,1.581248E-02,2.984386E+02,4.203169E+02,1.540216E-02,4.118747E-02,8.683571E+02,8.003077E+02,4.481643E-02,7.842503E-02,1.021428E+03,9.373196E+02,5.271695E-02,9.185121E-02,5.910901E+02,1.023586E+03,3.050636E-02,1.003027E-01,2.573631E+02,5.182857E+02,1.328296E-02,5.078620E-02,8.828745E+02,7.650051E+02,4.556499E-02,7.496618E-02,4.501846E+02,4.687508E+02,2.323482E-02,4.593328E-02,9.245577E+02,1.205343E+03,4.771840E-02,1.181140E-01
09:00:00,3.452089E+02,1.619005E+02,1.781516E-02,1.586554E-02,2.937813E+02,4.274417E+02,1.516179E-02,4.188568E-02,8.571128E+02,8.099995E+02,4.423611E-02,7.937480E-02,1.007943E+03,9.370963E+02,5.202100E-02,9.182933E-02,5.821305E+02,1.028223E+03,3.004394E-02,1.007571E-01,2.516313E+02,5.200394E+02,1.298713E-02,5.095810E-02,8.725177E+02,7.783888E+02,4.503046E-02,7.627773E-02,4.413171E+02,4.675018E+02,2.277716E-02,4.581091E-02,9.082525E+02,1.218336E+03,4.687693E-02,1.193873E-01
09:10:00,3.417575E+02,1.629366E+02,1.763703E-02,1.596709E-02,2.897893E+02,4.346100E+02,1.495576E-02,4.258812E-02,8.472832E+02,8.213758E+02,4.372878E-02,8.048966E-02,9.960658E+02,9.379575E+02,5.140801E-02,9.191377E-02,5.743592E+02,1.031363E+03,2.964284E-02,1.010648E-01,2.466927E+02,5.212022E+02,1.273224E-02,5.107204E-02,8.635008E+02,7.931118E+02,4.456508E-02,7.772054E-02,4.336389E+02,4.667618E+02,2.238087E-02,4.573843E-02,8.939114E+02,1.233820E+03,4.613680E-02,1.209046E-01
09:20:00,3.387989E+02,1.644574E+02,1.748433E-02,1.611615E-02,2.863371E+02,4.416664E+02,1.477758E-02,4.327958E-02,8.385781E+02,8.341282E+02,4.327949E-02,8.173936E-02,9.854363E+02,9.396165E+02,5.085941E-02,9.207638E-02,5.675477E+02,1.032844E+03,2.929129E-02,1.012099E-01,2.424008E+02,5.216790E+02,1.251072E-02,5.111875E-02,8.555437E+02,8.087561E+02,4.415440E-02,7.925361E-02,4.269220E+02,4.663803E+02,2.203419E-02,4.570106E-02,8.811482E+02,1.251325E+03,4.547809E-02,1.226201E-01
09:30:00,3.362383E+02,1.665304E+02,1.735218E-02,1.631930E-02,2.833260E+02,4.483421E+02,1.462217E-02,4.393373E-02,8.307614E+02,8.481336E+02,4.287606E-02,8.311182E-02,9.758445E+02,9.420470E+02,5.036436E-02,9.231459E-02,5.615187E+02,1.032305E+03,2.898012E-02,1.011570E-01,2.386393E+02,5.212338E+02,1.231658E-02,5.107512E-02,8.484265E+02,8.237922E+02,4.378706E-02,8.072705E-02,4.209880E+02,4.663439E+02,2.172793E-02,4.569751E-02,8.696464E+02,1.270368E+03,4.488447E-02,1.244862E-01
09:40:00,3.339876E+02,1.691524E+02,1.723602E-02,1.657626E-02,2.806658E+02,4.545577E+02,1.448488E-02,4.454278E-02,8.236895E+02,8.630505E+02,4.251106E-02,8.457359E-02,9.671047E+02,9.448998E+02,4.991329E-02,9.259417E-02,5.561134E+02,1.029782E+03,2.870114E-02,1.009097E-01,2.353150E+02,5.198875E+02,1.214500E-02,5.094318E-02,8.420125E+02,8.373294E+02,4.345603E-02,8.205359E-02,4.156841E+02,4.664996E+02,2.145417E-02,4.571277E-02,8.591987E+02,1.290575E+03,4.434524E-02,1.264664E-01
09:50:00,3.320024E+02,1.723534E+02,1.713356E-02,1.688996E-02,2.783069E+02,4.602069E+02,1.436313E-02,4.509632E-02,8.172391E+02,8.786082E+02,4.217815E-02,8.609815E-02,9.590784E+02,9.478899E+02,4.949903E-02,9.288719E-02,5.512446E+02,1.025225E+03,2.844985E-02,1.004632E-01,2.323496E+02,5.176053E+02,1.199195E-02,5.071953E-02,8.361839E+02,8.487485E+02,4.315520E-02,8.317253E-02,4.109150E+02,4.667391E+02,2.120802E-02,4.573625E-02,8.496371E+02,1.311604E+03,4.385175E-02,1.285271E-01
10:00:00,3.302365E+02,1.761583E+02,1.704242E-02,1.726283E-02,2.761990E+02,4.651794E+02,1.425434E-02,4.558356E-02,8.113058E+02,8.945794E+02,4.187191E-02,8.766322E-02,9.516480E+02,9.507887E+02,4.911553E-02,9.317126E-02,5.468243E+02,1.018561E+03,2.822171E-02,9.981011E-02,2.296885E+02,5.143400E+02,1.185460E-02,5.039955E-02,8.308412E+02,8.575477E+02,4.287946E-02,8.403473E-02,4.065909E+02,4.669989E+02,2.098485E-02,4.576171E-02,8.408163E+02,1.333144E+03,4.339649E-02,1.306378E-01
10:10:00,3.286518E+02,1.805564E+02,1.696064E-02,1.769384E-02,2.743007E+02,4.693681E+02,1.415636E-02,4.599399E-02,8.058051E+02,9.107583E+02,4.158802E-02,8.924863E-02,9.447188E+02,9.533517E+02,4.875790E-02,9.342242E-02,5.427799E+02,1.009713E+03,2.801297E-02,9.894304E-02,2.272822E+02,5.100411E+02,1.173040E-02,4.997829E-02,8.259045E+02,8.633027E+02,4.262467E-02,8.459858E-02,4.026385E+02,4.672371E+02,2.078085E-02,4.578505E-02,8.326181E+02,1.354913E+03,4.297336E-02,1.327709E-01
10:20:00,3.272177E+02,1.855160E+02,1.688662E-02,1.817986E-02,2.725781E+02,4.726669E+02,1.406746E-02,4.631722E-02,8.006710E+02,9.269517E+02,4.132303E-02,9.083545E-02,9.382167E+02,9.553255E+02,4.842231E-02,9.361584E-02,5.390530E+02,9.985981E+02,2.782062E-02,9.785388E-02,2.250902E+02,5.046619E+02,1.161727E-02,4.945118E-02,8.213109E+02,8.658372E+02,4.238759E-02,8.484685E-02,3.989990E+02,4.674186E+02,2.059301E-02,4.580284E-02,8.249495E+02,1.376654E+03,4.257756E-02,1.349014E-01
10:30:00,3.259097E+02,1.909216E+02,1.681912E-02,1.870959E-02,2.710039E+02,4.751069E+02,1.398621E-02,4.655629E-02,7.958506E+02,9.428644E+02,4.107425E-02,9.239475E-02,9.320825E+02,9.563206E+02,4.810572E-02,9.371333E-02,5.355966E+02,9.853871E+02,2.764223E-02,9.655928E-02,2.230798E+02,4.983109E+02,1.151351E-02,4.882884E-02,8.170104E+02,8.661513E+02,4.216563E-02,8.487752E-02,3.956251E+02,4.674070E+02,2.041887E-02,4.580170E-02,8.177362E+02,1.398205E+03,4.220526E-02,1.370132E-01
10:40:00,3.247080E+02,1.967146E+02,1.675710E-02,1.927729E-02,2.695559E+02,4.765564E+02,1.391148E-02,4.669829E-02,7.913018E+02,9.584438E+02,4.083947E-02,9.392139E-02,9.262689E+02,9.564142E+02,4.780566E-02,9.372247E-02,5.323725E+02,9.698870E+02,2.747582E-02,9.504038E-02,2.212241E+02,4.908662E+02,1.141773E-02,4.809933E-02,8.129626E+02,8.646721E+02,4.195672E-02,8.473247E-02,3.924784E+02,4.672333E+02,2.025646E-02,4.578468E-02,8.109180E+02,1.419360E+03,4.185336E-02,1.390861E-01
10:50:00,3.235954E+02,2.027789E+02,1.669968E-02,1.987156E-02,2.682140E+02,4.769430E+02,1.384222E-02,4.673616E-02,7.869841E+02,9.736287E+02,4.061663E-02,9.540936E-02,9.207291E+02,9.557940E+02,4.751974E-02,9.366167E-02,5.293451E+02,9.520721E+02,2.731958E-02,9.329464E-02,2.194983E+02,4.822984E+02,1.132866E-02,4.725978E-02,8.091303E+02,8.616222E+02,4.175893E-02,8.443353E-02,3.895231E+02,4.669079E+02,2.010393E-02,4.575279E-02,8.044350E+02,1.439934E+03,4.151875E-02,1.411022E-01
11:00:00,3.225591E+02,2.089631E+02,1.664620E-02,2.047759E-02,2.669635E+02,4.762466E+02,1.377768E-02,4.666790E-02,7.828711E+02,9.883240E+02,4.040435E-02,9.684935E-02,9.154338E+02,9.547979E+02,4.724644E-02,9.356403E-02,5.264897E+02,9.320396E+02,2.717220E-02,9.133161E-02,2.178849E+02,4.726396E+02,1.124538E-02,4.631332E-02,8.054882E+02,8.571814E+02,4.157096E-02,8.399831E-02,3.867345E+02,4.664160E+02,1.996001E-02,4.570458E-02,7.982501E+02,1.459764E+03,4.119953E-02,1.430452E-01
11:10:00,3.215890E+02,2.150687E+02,1.659613E-02,2.107589E-02,2.657927E+02,4.744868E+02,1.371726E-02,4.649542E-02,7.789424E+02,1.002391E+03,4.020159E-02,9.822780E-02,9.103604E+02,9.536528E+02,4.698459E-02,9.345179E-02,5.237867E+02,9.100086E+02,2.703270E-02,8.917274E-02,2.163698E+02,4.619805E+02,1.116718E-02,4.526884E-02,8.020167E+02,8.514232E+02,4.139179E-02,8.343400E-02,3.840935E+02,4.657502E+02,1.982370E-02,4.563933E-02,7.923344E+02,1.478683E+03,4.089421E-02,1.448991E-01
11:20:00,3.206767E+02,2.208884E+02,1.654905E-02,2.164617E-02,2.646917E+02,4.717645E+02,1.366043E-02,4.622864E-02,7.751804E+02,1.015748E+03,4.000742E-02,9.953659E-02,9.054889E+02,9.526142E+02,4.673317E-02,9.335001E-02,5.212196E+02,8.864000E+02,2.690021E-02,8.685930E-02,2.149412E+02,4.505039E+02,1.109345E-02,4.414426E-02,7.986989E+02,8.445601E+02,4.122056E-02,8.276142E-02,3.815837E+02,4.649159E+02,1.969416E-02,4.555758E-02,7.866624E+02,1.496556E+03,4.060146E-02,1.466504E-01
11:30:00,3.198153E+02,2.262864E+02,1.650459E-02,2.217513E-02,2.636524E+02,4.682637E+02,1.360679E-02,4.588558E-02,7.715702E+02,1.028307E+03,3.982110E-02,1.007673E-01,9.008025E+02,9.518676E+02,4.649130E-02,9.327684E-02,5.187742E+02,8.618324E+02,2.677400E-02,8.445187E-02,2.135893E+02,4.385039E+02,1.102368E-02,4.296839E-02,7.955208E+02,8.369296E+02,4.105653E-02,8.201365E-02,3.791912E+02,4.639229E+02,1.957068E-02,4.546027E-02,7.812127E+02,1.513274E+03,4.032018E-02,1.482886E-01
11:40:00,3.189991E+02,2.311674E+02,1.646247E-02,2.265342E-02,2.626678E+02,4.642607E+02,1.355598E-02,4.549331E-02,7.680993E+02,1.040017E+03,3.964196E-02,1.019147E-01,8.962869E+02,9.515009E+02,4.625824E-02,9.324091E-02,5.164389E+02,8.371772E+02,2.665347E-02,8.203588E-02,2.123056E+02,4.263920E+02,1.095742E-02,4.178156E-02,7.924706E+02,8.289888E+02,4.089911E-02,8.123549E-02,3.769047E+02,4.627887E+02,1.945266E-02,4.534913E-02,7.759669E+02,1.528743E+03,4.004944E-02,1.498044E-01
11:50:00,3.182234E+02,2.354735E+02,1.642244E-02,2.307537E-02,2.617323E+02,4.601258E+02,1.350770E-02,4.508812E-02,7.647570E+02,1.050809E+03,3.946946E-02,1.029722E-01,8.919299E+02,9.514702E+02,4.603337E-02,9.323790E-02,5.142038E+02,8.135405E+02,2.653811E-02,7.971970E-02,2.110833E+02,4.147004E+02,1.089434E-02,4.063592E-02,7.895381E+02,8.213247E+02,4.074776E-02,8.048444E-02,3.747144E+02,4.615396E+02,1.933962E-02,4.522672E-02,7.709096E+02,1.542887E+03,3.978842E-02,1.511903E-01
12:00:00,3.174842E+02,2.391830E+02,1.638429E-02,2.343885E-02,2.608410E+02,4.562741E+02,1.346170E-02,4.471069E-02,7.615343E+02,1.061136E+03,3.930313E-02,1.039841E-01,8.877210E+02,9.519492E+02,4.581614E-02,9.328485E-02,5.120603E+02,7.921227E+02,2.642749E-02,7.762098E-02,2.099164E+02,4.040130E+02,1.083411E-02,3.958869E-02,7.867149E+02,8.151538E+02,4.060205E-02,7.987974E-02,3.726122E+02,4.604064E+02,1.923112E-02,4.511568E-02,7.660275E+02,1.555649E+03,3.953643E-02,1.524408E-01
12:10:00,3.167781E+02,2.423720E+02,1.634785E-02,2.375132E-02,2.599899E+02,4.528951E+02,1.341777E-02,4.437958E-02,7.584234E+02,1.071684E+03,3.914257E-02,1.050177E-01,8.836510E+02,9.533827E+02,4.560608E-02,9.342534E-02,5.100013E+02,7.733972E+02,2.632122E-02,7.578610E-02,2.088000E+02,3.945706E+02,1.077649E-02,3.866347E-02,7.839935E+02,8.116200E+02,4.046160E-02,7.953348E-02,3.705911E+02,4.596633E+02,1.912680E-02,4.504286E-02,7.613089E+02,1.567012E+03,3.929290E-02,1.535542E-01
12:20:00,3.161023E+02,2.451438E+02,1.631297E-02,2.402292E-02,2.591753E+02,4.500764E+02,1.337573E-02,4.410338E-02,7.554173E+02,1.083048E+03,3.898742E-02,1.061312E-01,8.797118E+02,9.561606E+02,4.540277E-02,9.369758E-02,5.080206E+02,7.575675E+02,2.621899E-02,7.423499E-02,2.077297E+02,3.864924E+02,1.072125E-02,3.787192E-02,7.813675E+02,8.115738E+02,4.032607E-02,7.952900E-02,3.686450E+02,4.594892E+02,1.902636E-02,4.502581E-02,7.567440E+02,1.576982E+03,3.905729E-02,1.545311E-01
12:30:00,3.154545E+02,2.475435E+02,1.627954E-02,2.425806E-02,2.583944E+02,4.478077E+02,1.333543E-02,4.388109E-02,7.525101E+02,1.095732E+03,3.883738E-02,1.073741E-01,8.758965E+02,9.606202E+02,4.520586E-02,9.413462E-02,5.061128E+02,7.445827E+02,2.612053E-02,7.296267E-02,2.067019E+02,3.797721E+02,1.066820E-02,3.721343E-02,7.788312E+02,8.156166E+02,4.019517E-02,7.992526E-02,3.667689E+02,4.599775E+02,1.892953E-02,4.507367E-02,7.523238E+02,1.585526E+03,3.882915E-02,1.553682E-01
12:40:00,3.148324E+02,2.494912E+02,1.624743E-02,2.444890E-02,2.576446E+02,4.459719E+02,1.329673E-02,4.370121E-02,7.496965E+02,1.110158E+03,3.869217E-02,1.087878E-01,8.721986E+02,9.670433E+02,4.501500E-02,9.476408E-02,5.042731E+02,7.341019E+02,2.602558E-02,7.193572E-02,2.057134E+02,3.742602E+02,1.061718E-02,3.667336E-02,7.763798E+02,8.240914E+02,4.006865E-02,8.075584E-02,3.649581E+02,4.611421E+02,1.883608E-02,4.518780E-02,7.480405E+02,1.592645E+03,3.860807E-02,1.560658E-01
12:50:00,3.142344E+02,2.508874E+02,1.621657E-02,2.458570E-02,2.569235E+02,4.443359E+02,1.325952E-02,4.354091E-02,7.469717E+02,1.126656E+03,3.855153E-02,1.104045E-01,8.686125E+02,9.756491E+02,4.482992E-02,9.560745E-02,5.024974E+02,7.254676E+02,2.593394E-02,7.108971E-02,2.047615E+02,3.696499E+02,1.056806E-02,3.622163E-02,7.740086E+02,8.370671E+02,3.994628E-02,8.202748E-02,3.632088E+02,4.629263E+02,1.874579E-02,4.536265E-02,7.438871E+02,1.598333E+03,3.839371E-02,1.566231E-01
13:00:00,3.136589E+02,2.516608E+02,1.618687E-02,2.466147E-02,2.562294E+02,4.425893E+02,1.322369E-02,4.336977E-02,7.443313E+02,1.144981E+03,3.841526E-02,1.122003E-01,8.651329E+02,9.862139E+02,4.465033E-02,9.664278E-02,5.007821E+02,7.178244E+02,2.584540E-02,7.034079E-02,2.038439E+02,3.655342E+02,1.052069E-02,3.581836E-02,7.717138E+02,8.538339E+02,3.982784E-02,8.367065E-02,3.615174E+02,4.650422E+02,1.865849E-02,4.557001E-02,7.398573E+02,1.602573E+03,3.818572E-02,1.570385E-01
13:10:00,3.131044E+02,2.517843E+02,1.615825E-02,2.467355E-02,2.555604E+02,4.405977E+02,1.318917E-02,4.317462E-02,7.417715E+02,1.164615E+03,3.828315E-02,1.141243E-01,8.617552E+02,9.983689E+02,4.447600E-02,9.783395E-02,4.991238E+02,7.109129E+02,2.575982E-02,6.966357E-02,2.029583E+02,3.617768E+02,1.047498E-02,3.545020E-02,7.694916E+02,8.736488E+02,3.971315E-02,8.561248E-02,3.598808E+02,4.671856E+02,1.857402E-02,4.578005E-02,7.359454E+02,1.605319E+03,3.798382E-02,1.573076E-01
13:20:00,3.125698E+02,2.512333E+02,1.613066E-02,2.461953E-02,2.549151E+02,4.382733E+02,1.315586E-02,4.294685E-02,7.392887E+02,1.185041E+03,3.815501E-02,1.161258E-01,8.584751E+02,1.011761E+03,4.430671E-02,9.914630E-02,4.975195E+02,7.045715E+02,2.567702E-02,6.904221E-02,2.021028E+02,3.582877E+02,1.043083E-02,3.510832E-02,7.673388E+02,8.958482E+02,3.960204E-02,8.778796E-02,3.582961E+02,4.691245E+02,1.849223E-02,4.597005E-02,7.321462E+02,1.606511E+03,3.778773E-02,1.574244E-01
13:30:00,3.120539E+02,2.499979E+02,1.610404E-02,2.449845E-02,2.542920E+02,4.355480E+02,1.312370E-02,4.267978E-02,7.368795E+02,1.205757E+03,3.803067E-02,1.181558E-01,8.552884E+02,1.026057E+03,4.414224E-02,1.005473E-01,4.959666E+02,6.986346E+02,2.559687E-02,6.846046E-02,2.012759E+02,3.549776E+02,1.038816E-02,3.478397E-02,7.652522E+02,9.198141E+02,3.949435E-02,9.013652E-02,3.567608E+02,4.707146E+02,1.841299E-02,4.612586E-02,7.284549E+02,1.606114E+03,3.759721E-02,1.573854E-01
13:40:00,3.115558E+02,2.481864E+02,1.607833E-02,2.432092E-02,2.536900E+02,4.323687E+02,1.309263E-02,4.236824E-02,7.345410E+02,1.226288E+03,3.790997E-02,1.201677E-01,8.521914E+02,1.040950E+03,4.398240E-02,1.020067E-01,4.944627E+02,6.930171E+02,2.551926E-02,6.791002E-02,2.004760E+02,3.517990E+02,1.034687E-02,3.447252E-02,7.632290E+02,9.449804E+02,3.938994E-02,9.260268E-02,3.552726E+02,4.718867E+02,1.833618E-02,4.624071E-02,7.248670E+02,1.604060E+03,3.741203E-02,1.571841E-01
13:50:00,3.110745E+02,2.459313E+02,1.605349E-02,2.409992E-02,2.531079E+02,4.286953E+02,1.306259E-02,4.200828E-02,7.322702E+02,1.246212E+03,3.779278E-02,1.221201E-01,8.491808E+02,1.056166E+03,4.382702E-02,1.034978E-01,4.930055E+02,6.876043E+02,2.544405E-02,6.737962E-02,1.997017E+02,3.486915E+02,1.030691E-02,3.416803E-02,7.612667E+02,9.708414E+02,3.928866E-02,9.513689E-02,3.538294E+02,4.726392E+02,1.826169E-02,4.631444E-02,7.213785E+02,1.600292E+03,3.723198E-02,1.568148E-01
14:00:00,3.106093E+02,2.433789E+02,1.602949E-02,2.384979E-02,2.525449E+02,4.245003E+02,1.303354E-02,4.159720E-02,7.300646E+02,1.265165E+03,3.767894E-02,1.239773E-01,8.462531E+02,1.071462E+03,4.367592E-02,1.049966E-01,4.915929E+02,6.823524E+02,2.537114E-02,6.686500E-02,1.989519E+02,3.456311E+02,1.026821E-02,3.386815E-02,7.593628E+02,9.969487E+02,3.919040E-02,9.769521E-02,3.524292E+02,4.730023E+02,1.818943E-02,4.635001E-02,7.179854E+02,1.594766E+03,3.705685E-02,1.562732E-01
14:10:00,3.101594E+02,2.406103E+02,1.600627E-02,2.357848E-02,2.519999E+02,4.197739E+02,1.300541E-02,4.113406E-02,7.279216E+02,1.282819E+03,3.756834E-02,1.257072E-01,8.434054E+02,1.086588E+03,4.352894E-02,1.064790E-01,4.902230E+02,6.771820E+02,2.530044E-02,6.635835E-02,1.982253E+02,3.425979E+02,1.023071E-02,3.357093E-02,7.575149E+02,1.022912E+03,3.909503E-02,1.002394E-01,3.510702E+02,4.729628E+02,1.811929E-02,4.634612E-02,7.146843E+02,1.587438E+03,3.688647E-02,1.555551E-01
14:20:00,3.097242E+02,2.376729E+02,1.598380E-02,2.329062E-02,2.514722E+02,4.144520E+02,1.297817E-02,4.061255E-02,7.258389E+02,1.299198E+03,3.746085E-02,1.273121E-01,8.406348E+02,1.101453E+03,4.338595E-02,1.079355E-01,4.888942E+02,6.717576E+02,2.523186E-02,6.582682E-02,1.975209E+02,3.394838E+02,1.019435E-02,3.326579E-02,7.557210E+02,1.048571E+03,3.900244E-02,1.027537E-01,3.497507E+02,4.724539E+02,1.805119E-02,4.629625E-02,7.114717E+02,1.578319E+03,3.672066E-02,1.546615E-01
14:30:00,3.093029E+02,2.347022E+02,1.596206E-02,2.299951E-02,2.509609E+02,4.085567E+02,1.295178E-02,4.003487E-02,7.238143E+02,1.313991E+03,3.735636E-02,1.287616E-01,8.379385E+02,1.114513E+03,4.324679E-02,1.092153E-01,4.876046E+02,6.662170E+02,2.516530E-02,6.528389E-02,1.968378E+02,3.363339E+02,1.015910E-02,3.295714E-02,7.539789E+02,1.073633E+03,3.891253E-02,1.052096E-01,3.484692E+02,4.715386E+02,1.798505E-02,4.620654E-02,7.083445E+02,1.567360E+03,3.655926E-02,1.535876E-01
14:40:00,3.088949E+02,2.318095E+02,1.594101E-02,2.271604E-02,2.504654E+02,4.021080E+02,1.292621E-02,3.940295E-02,7.218457E+02,1.327031E+03,3.725476E-02,1.300394E-01,8.353140E+02,1.124897E+03,4.311133E-02,1.102329E-01,4.863528E+02,6.605538E+02,2.510070E-02,6.472894E-02,1.961751E+02,3.331373E+02,1.012489E-02,3.264391E-02,7.522869E+02,1.097894E+03,3.882521E-02,1.075869E-01,3.472242E+02,4.702514E+02,1.792079E-02,4.608039E-02,7.052997E+02,1.554572E+03,3.640211E-02,1.523344E-01
14:50:00,3.084998E+02,2.290738E+02,1.592062E-02,2.244796E-02,2.499850E+02,3.951333E+02,1.290142E-02,3.871949E-02,7.199312E+02,1.338249E+03,3.715594E-02,1.311386E-01,8.327588E+02,1.132159E+03,4.297945E-02,1.109443E-01,4.851373E+02,6.547904E+02,2.503797E-02,6.416419E-02,1.955320E+02,3.299030E+02,1.009170E-02,3.232698E-02,7.506430E+02,1.121203E+03,3.874036E-02,1.098710E-01,3.460144E+02,4.686190E+02,1.785835E-02,4.592042E-02,7.023344E+02,1.540001E+03,3.624907E-02,1.509065E-01
15:00:00,3.081170E+02,2.265335E+02,1.590086E-02,2.219904E-02,2.495190E+02,3.876711E+02,1.287737E-02,3.798826E-02,7.180688E+02,1.347612E+03,3.705982E-02,1.320560E-01,8.302705E+02,1.136022E+03,4.285103E-02,1.113228E-01,4.839568E+02,6.488953E+02,2.497704E-02,6.358653E-02,1.949076E+02,3.266141E+02,1.005947E-02,3.200471E-02,7.490456E+02,1.143431E+03,3.865792E-02,1.120491E-01,3.448384E+02,4.666651E+02,1.779765E-02,4.572896E-02,6.994460E+02,1.523733E+03,3.609999E-02,1.493124E-01
15:10:00,3.077461E+02,2.241480E+02,1.588172E-02,2.196528E-02,2.490670E+02,3.797677E+02,1.285404E-02,3.721380E-02,7.162567E+02,1.355098E+03,3.696630E-02,1.327895E-01,8.278471E+02,1.136280E+03,4.272595E-02,1.113479E-01,4.828100E+02,6.428935E+02,2.491785E-02,6.299840E-02,1.943012E+02,3.232675E+02,1.002818E-02,3.167678E-02,7.474930E+02,1.164654E+03,3.857779E-02,1.141287E-01,3.436949E+02,4.644171E+02,1.773864E-02,4.550866E-02,6.966319E+02,1.505885E+03,3.595474E-02,1.475634E-01
15:20:00,3.073864E+02,2.219491E+02,1.586316E-02,2.174981E-02,2.486284E+02,3.715527E+02,1.283140E-02,3.640881E-02,7.144934E+02,1.360496E+03,3.687529E-02,1.333184E-01,8.254862E+02,1.132731E+03,4.260410E-02,1.110001E-01,4.816956E+02,6.370696E+02,2.486033E-02,6.242771E-02,1.937123E+02,3.199470E+02,9.997780E-03,3.135141E-02,7.459836E+02,1.184725E+03,3.849989E-02,1.160955E-01,3.425830E+02,4.619902E+02,1.768125E-02,4.527084E-02,6.938897E+02,1.486622E+03,3.581321E-02,1.456758E-01
15:30:00,3.070378E+02,2.198774E+02,1.584516E-02,2.154680E-02,2.482026E+02,3.630929E+02,1.280943E-02,3.557983E-02,7.127771E+02,1.364032E+03,3.678671E-02,1.336648E-01,8.231860E+02,1.126703E+03,4.248538E-02,1.104092E-01,4.806125E+02,6.312764E+02,2.480443E-02,6.186003E-02,1.931400E+02,3.166054E+02,9.968246E-03,3.102397E-02,7.445161E+02,1.203635E+03,3.842415E-02,1.179484E-01,3.415014E+02,4.593697E+02,1.762542E-02,4.501406E-02,6.912170E+02,1.466252E+03,3.567527E-02,1.436797E-01
15:40:00,3.066996E+02,2.178805E+02,1.582771E-02,2.135112E-02,2.477892E+02,3.544830E+02,1.278809E-02,3.473614E-02,7.111063E+02,1.365884E+03,3.670048E-02,1.338463E-01,8.209444E+02,1.118916E+03,4.236969E-02,1.096460E-01,4.795596E+02,6.254629E+02,2.475009E-02,6.129037E-02,1.925839E+02,3.132294E+02,9.939544E-03,3.069317E-02,7.430889E+02,1.221303E+03,3.835049E-02,1.196797E-01,3.404491E+02,4.565724E+02,1.757111E-02,4.473995E-02,6.886117E+02,1.445118E+03,3.554080E-02,1.416088E-01
15:50:00,3.063715E+02,2.159198E+02,1.581078E-02,2.115899E-02,2.473877E+02,3.458372E+02,1.276737E-02,3.388894E-02,7.094795E+02,1.366217E+03,3.661652E-02,1.338788E-01,8.187597E+02,1.109722E+03,4.225694E-02,1.087451E-01,4.785358E+02,6.196042E+02,2.469725E-02,6.071627E-02,1.920434E+02,3.098148E+02,9.911644E-03,3.035858E-02,7.417008E+02,1.237643E+03,3.827885E-02,1.212808E-01,3.394251E+02,4.536228E+02,1.751826E-02,4.445091E-02,6.860716E+02,1.423619E+03,3.540970E-02,1.395021E-01
16:00:00,3.060532E+02,2.139544E+02,1.579435E-02,2.096639E-02,2.469977E+02,3.372843E+02,1.274724E-02,3.305084E-02,7.078953E+02,1.365234E+03,3.653476E-02,1.337825E-01,8.166301E+02,1.099351E+03,4.214702E-02,1.077287E-01,4.775402E+02,6.136805E+02,2.464587E-02,6.013581E-02,1.915178E+02,3.063606E+02,9.884518E-03,3.002011E-02,7.403503E+02,1.252536E+03,3.820916E-02,1.227401E-01,3.384285E+02,4.505472E+02,1.746682E-02,4.414953E-02,6.835947E+02,1.402210E+03,3.528186E-02,1.374042E-01
16:10:00,3.057443E+02,2.120531E+02,1.577841E-02,2.078008E-02,2.466188E+02,3.289575E+02,1.272769E-02,3.223490E-02,7.063524E+02,1.363230E+03,3.645513E-02,1.335861E-01,8.145538E+02,1.087994E+03,4.203987E-02,1.066157E-01,4.765717E+02,6.076665E+02,2.459589E-02,5.954650E-02,1.910067E+02,3.028725E+02,9.858139E-03,2.967832E-02,7.390364E+02,1.265255E+03,3.814134E-02,1.239865E-01,3.374583E+02,4.473785E+02,1.741675E-02,4.383903E-02,6.811790E+02,1.381384E+03,3.515718E-02,1.353634E-01
16:20:00,3.054444E+02,2.102616E+02,1.576294E-02,2.060453E-02,2.462505E+02,3.210125E+02,1.270868E-02,3.145638E-02,7.048495E+02,1.360480E+03,3.637756E-02,1.333166E-01,8.125293E+02,1.075872E+03,4.193538E-02,1.054279E-01,4.756296E+02,6.016002E+02,2.454726E-02,5.895206E-02,1.905096E+02,2.993508E+02,9.832483E-03,2.933323E-02,7.377578E+02,1.275489E+03,3.807536E-02,1.249893E-01,3.365138E+02,4.442052E+02,1.736800E-02,4.352808E-02,6.788228E+02,1.361709E+03,3.503557E-02,1.334355E-01
16:30:00,3.051533E+02,2.086450E+02,1.574791E-02,2.044612E-02,2.458926E+02,3.135266E+02,1.269021E-02,3.072284E-02,7.033853E+02,1.357065E+03,3.630199E-02,1.329819E-01,8.105550E+02,1.063355E+03,4.183348E-02,1.042012E-01,4.747130E+02,5.955923E+02,2.449995E-02,5.836333E-02,1.900260E+02,2.958007E+02,9.807524E-03,2.898537E-02,7.365135E+02,1.283153E+03,3.801113E-02,1.257401E-01,3.355940E+02,4.411768E+02,1.732053E-02,4.323132E-02,6.765242E+02,1.343452E+03,3.491693E-02,1.316465E-01
16:40:00,3.048706E+02,2.072572E+02,1.573332E-02,2.031013E-02,2.455447E+02,3.065169E+02,1.267226E-02,3.003597E-02,7.019586E+02,1.352904E+03,3.622836E-02,1.325742E-01,8.086294E+02,1.050800E+03,4.173410E-02,1.029710E-01,4.738209E+02,5.897428E+02,2.445391E-02,5.779014E-02,1.895555E+02,2.922304E+02,9.783239E-03,2.863552E-02,7.353022E+02,1.288209E+03,3.794862E-02,1.262356E-01,3.346982E+02,4.384128E+02,1.727430E-02,4.296048E-02,6.742816E+02,1.326666E+03,3.480118E-02,1.300017E-01
16:50:00,3.045961E+02,2.061411E+02,1.571916E-02,2.020077E-02,2.452064E+02,2.999609E+02,1.265480E-02,2.939356E-02,7.005683E+02,1.347834E+03,3.615660E-02,1.320773E-01,8.067511E+02,1.038538E+03,4.163716E-02,1.017694E-01,4.729527E+02,5.841384E+02,2.440910E-02,5.724096E-02,1.890976E+02,2.886488E+02,9.759607E-03,2.828456E-02,7.341230E+02,1.290601E+03,3.788776E-02,1.264698E-01,3.338257E+02,4.360068E+02,1.722926E-02,4.272472E-02,6.720932E+02,1.311270E+03,3.468824E-02,1.284930E-01
17:00:00,3.043295E+02,2.052669E+02,1.570540E-02,2.011511E-02,2.448775E+02,2.936577E+02,1.263782E-02,2.877592E-02,6.992133E+02,1.340994E+03,3.608667E-02,1.314071E-01,8.049186E+02,1.026633E+03,4.154258E-02,1.006028E-01,4.721075E+02,5.785663E+02,2.436548E-02,5.669495E-02,1.886519E+02,2.849779E+02,9.736605E-03,2.792485E-02,7.329748E+02,1.289609E+03,3.782850E-02,1.263726E-01,3.329757E+02,4.339111E+02,1.718539E-02,4.251937E-02,6.699575E+02,1.296765E+03,3.457801E-02,1.270718E-01
17:10:00,3.040704E+02,2.046396E+02,1.569203E-02,2.005364E-02,2.445575E+02,2.875792E+02,1.262131E-02,2.818030E-02,6.978925E+02,1.332412E+03,3.601850E-02,1.305660E-01,8.031308E+02,1.015687E+03,4.145031E-02,9.953016E-02,4.712846E+02,5.732310E+02,2.432302E-02,5.617216E-02,1.882181E+02,2.812638E+02,9.714215E-03,2.756092E-02,7.318568E+02,1.286241E+03,3.777080E-02,1.260424E-01,3.321475E+02,4.322305E+02,1.714265E-02,4.235470E-02,6.678730E+02,1.282970E+03,3.447042E-02,1.257200E-01
17:20:00,3.038187E+02,2.042132E+02,1.567904E-02,2.001186E-02,2.442462E+02,2.816252E+02,1.260524E-02,2.759687E-02,6.966049E+02,1.321818E+03,3.595205E-02,1.295279E-01,8.013862E+02,1.006196E+03,4.136026E-02,9.860015E-02,4.704834E+02,5.681496E+02,2.428166E-02,5.567423E-02,1.877958E+02,2.775247E+02,9.692416E-03,2.719453E-02,7.307680E+02,1.280743E+03,3.771461E-02,1.255036E-01,3.313404E+02,4.309278E+02,1.710099E-02,4.222706E-02,6.658383E+02,1.269494E+03,3.436540E-02,1.243995E-01
17:30:00,3.035742E+02,2.038939E+02,1.566641E-02,1.998058E-02,2.439434E+02,2.757274E+02,1.258961E-02,2.701894E-02,6.953496E+02,1.309000E+03,3.588726E-02,1.282718E-01,7.996836E+02,9.981603E+02,4.127239E-02,9.781278E-02,4.697032E+02,5.632133E+02,2.424140E-02,5.519053E-02,1.873845E+02,2.737651E+02,9.671191E-03,2.682613E-02,7.297074E+02,1.272995E+03,3.765987E-02,1.247443E-01,3.305539E+02,4.298711E+02,1.706040E-02,4.212353E-02,6.638518E+02,1.256108E+03,3.426288E-02,1.230878E-01
17:40:00,3.033364E+02,2.035835E+02,1.565415E-02,1.995017E-02,2.436488E+02,2.698595E+02,1.257441E-02,2.644396E-02,6.941256E+02,1.293827E+03,3.582409E-02,1.267849E-01,7.980219E+02,9.914062E+02,4.118663E-02,9.715098E-02,4.689433E+02,5.582912E+02,2.420218E-02,5.470821E-02,1.869840E+02,2.699838E+02,9.650520E-03,2.645561E-02,7.286744E+02,1.262793E+03,3.760655E-02,1.237445E-01,3.297872E+02,4.289260E+02,1.702083E-02,4.203093E-02,6.619124E+02,1.242752E+03,3.416278E-02,1.217790E-01
17:50:00,3.031054E+02,2.031801E+02,1.564222E-02,1.991065E-02,2.433620E+02,2.640067E+02,1.255961E-02,2.587043E-02,6.929319E+02,1.276211E+03,3.576248E-02,1.250587E-01,7.963999E+02,9.856771E+02,4.110292E-02,9.658962E-02,4.682031E+02,5.532412E+02,2.416397E-02,5.421336E-02,1.865939E+02,2.661776E+02,9.630387E-03,2.608265E-02,7.276679E+02,1.249885E+03,3.755461E-02,1.224796E-01,3.290399E+02,4.279545E+02,1.698226E-02,4.193574E-02,6.600186E+02,1.229362E+03,3.406503E-02,1.204670E-01
18:00:00,3.028807E+02,2.026376E+02,1.563063E-02,1.985749E-02,2.430829E+02,2.582977E+02,1.254520E-02,2.531102E-02,6.917678E+02,1.256661E+03,3.570240E-02,1.231429E-01,7.948165E+02,9.808760E+02,4.102119E-02,9.611919E-02,4.674820E+02,5.481831E+02,2.412676E-02,5.371771E-02,1.862140E+02,2.624243E+02,9.610776E-03,2.571487E-02,7.266873E+02,1.234636E+03,3.750400E-02,1.209853E-01,3.283113E+02,4.269229E+02,1.694465E-02,4.183465E-02,6.581692E+02,1.216225E+03,3.396958E-02,1.191797E-01
18:10:00,3.186055E+02,2.018046E+02,1.644213E-02,1.977586E-02,2.551471E+02,2.526802E+02,1.316782E-02,2.476056E-02,7.230516E+02,1.234726E+03,3.731697E-02,1.209934E-01,8.309469E+02,9.762520E+02,4.288592E-02,9.566611E-02,4.893914E+02,5.427809E+02,2.525750E-02,5.318836E-02,1.934008E+02,2.586737E+02,9.981701E-03,2.534735E-02,7.604273E+02,1.216036E+03,3.924530E-02,1.191626E-01,3.413169E+02,4.256011E+02,1.761589E-02,4.170514E-02,6.821404E+02,1.203202E+03,3.520679E-02,1.179035E-01
18:20:00,3.343411E+02,2.005580E+02,1.725408E-02,1.965369E-02,2.672225E+02,2.471083E+02,1.379095E-02,2.421457E-02,7.543770E+02,1.210200E+03,3.893356E-02,1.185901E-01,8.671313E+02,9.710135E+02,4.475329E-02,9.515281E-02,5.113275E+02,5.367923E+02,2.638953E-02,5.260152E-02,2.005996E+02,2.548977E+02,1.035322E-02,2.497735E-02,7.942054E+02,1.193512E+03,4.098842E-02,1.169553E-01,3.543450E+02,4.239248E+02,1.828826E-02,4.154088E-02,7.061644E+02,1.190194E+03,3.644666E-02,1.166290E-01
18:30:00,3.500971E+02,1.986734E+02,1.806663E-02,1.946900E-02,2.793151E+02,2.415173E+02,1.441475E-02,2.366670E-02,7.857553E+02,1.182209E+03,4.055258E-02,1.158471E-01,9.033777E+02,9.643066E+02,4.662361E-02,9.449559E-02,5.332991E+02,5.297960E+02,2.752314E-02,5.191594E-02,2.078125E+02,2.510516E+02,1.072541E-02,2.460048E-02,8.280384E+02,1.165544E+03,4.273392E-02,1.142147E-01,3.673991E+02,4.215993E+02,1.896187E-02,4.131299E-02,7.302426E+02,1.177066E+03,3.768925E-02,1.153425E-01
18:40:00,3.658698E+02,1.961149E+02,1.887959E-02,1.921827E-02,2.914234E+02,2.359078E+02,1.503912E-02,2.311702E-02,8.171882E+02,1.151379E+03,4.217402E-02,1.128260E-01,9.396904E+02,9.559906E+02,4.849700E-02,9.368067E-02,5.553063E+02,5.217789E+02,2.865828E-02,5.113031E-02,2.150398E+02,2.471348E+02,1.109827E-02,2.421667E-02,8.619254E+02,1.132812E+03,4.448166E-02,1.110071E-01,3.804801E+02,4.185605E+02,1.963677E-02,4.101521E-02,7.543794E+02,1.163780E+03,3.893472E-02,1.140406E-01
18:50:00,3.816538E+02,1.926496E+02,1.969292E-02,1.887867E-02,3.035434E+02,2.302445E+02,1.566394E-02,2.256207E-02,8.486654E+02,1.116939E+03,4.379746E-02,1.094511E-01,9.760590E+02,9.453453E+02,5.037300E-02,9.263748E-02,5.773419E+02,5.123751E+02,2.979465E-02,5.020880E-02,2.222798E+02,2.431233E+02,1.147173E-02,2.382359E-02,8.958542E+02,1.093905E+03,4.623116E-02,1.071945E-01,3.935849E+02,4.143276E+02,2.031280E-02,4.060041E-02,7.785698E+02,1.150259E+03,4.018285E-02,1.127157E-01
19:00:00,3.974476E+02,1.883094E+02,2.050671E-02,1.845335E-02,3.156732E+02,2.245397E+02,1.628923E-02,2.200306E-02,8.801796E+02,1.079846E+03,4.542263E-02,1.058163E-01,1.012475E+03,9.324988E+02,5.225128E-02,9.137856E-02,5.994010E+02,5.016909E+02,3.093213E-02,4.916181E-02,2.295313E+02,2.390223E+02,1.184576E-02,2.342174E-02,9.298163E+02,1.050112E+03,4.798219E-02,1.029030E-01,4.067112E+02,4.088841E+02,2.098987E-02,4.006697E-02,8.028096E+02,1.136473E+03,4.143344E-02,1.113648E-01
19:10:00,3.973071E+02,1.832551E+02,2.049821E-02,1.795803E-02,3.154759E+02,2.188404E+02,1.627832E-02,2.144458E-02,8.793066E+02,1.041368E+03,4.537622E-02,1.020457E-01,1.011258E+03,9.179714E+02,5.218713E-02,8.995493E-02,5.988689E+02,4.900045E+02,3.090364E-02,4.801662E-02,2.292365E+02,2.348626E+02,1.183029E-02,2.301414E-02,9.291117E+02,1.003302E+03,4.794404E-02,9.831588E-02,4.061411E+02,4.023786E+02,2.096003E-02,3.942948E-02,8.013182E+02,1.122516E+03,4.135592E-02,1.099971E-01
19:20:00,3.971702E+02,1.777561E+02,2.049002E-02,1.741915E-02,3.152830E+02,2.131762E+02,1.626771E-02,2.088955E-02,8.784496E+02,1.003286E+03,4.533072E-02,9.831395E-02,1.010061E+03,9.026106E+02,5.212415E-02,8.844963E-02,5.983473E+02,4.777727E+02,3.087577E-02,4.681799E-02,2.289494E+02,2.306633E+02,1.181523E-02,2.260265E-02,9.284198E+02,9.562850E+02,4.790668E-02,9.370849E-02,4.055846E+02,3.951322E+02,2.093090E-02,3.871937E-02,7.998596E+02,1.108420E+03,4.128011E-02,1.086158E-01
19:30:00,3.970263E+02,1.722124E+02,2.048191E-02,1.687588E-02,3.150875E+02,2.077584E+02,1.625720E-02,2.035865E-02,8.775943E+02,9.679324E+02,4.528561E-02,9.484955E-02,1.008874E+03,8.876133E+02,5.206190E-02,8.697996E-02,5.978255E+02,4.658326E+02,3.084814E-02,4.564794E-02,2.286669E+02,2.265573E+02,1.180046E-02,2.220031E-02,9.277216E+02,9.124908E+02,4.786944E-02,8.941698E-02,4.050367E+02,3.877038E+02,2.090230E-02,3.799144E-02,7.984287E+02,1.094639E+03,4.120579E-02,1.072655E-01
19:40:00,3.968783E+02,1.667867E+02,2.047404E-02,1.634419E-02,3.148904E+02,2.026510E+02,1.624684E-02,1.985817E-02,8.767370E+02,9.356598E+02,4.524077E-02,9.168714E-02,1.007689E+03,8.733474E+02,5.200010E-02,8.558200E-02,5.973023E+02,4.544461E+02,3.082074E-02,4.453216E-02,2.283880E+02,2.225964E+02,1.178595E-02,2.181218E-02,9.270157E+02,8.725429E+02,4.783236E-02,8.550244E-02,4.044950E+02,3.803240E+02,2.087413E-02,3.726828E-02,7.970184E+02,1.081334E+03,4.113265E-02,1.059617E-01
19:50:00,3.967306E+02,1.618316E+02,2.046640E-02,1.585862E-02,3.146950E+02,1.979296E+02,1.623671E-02,1.939553E-02,8.758857E+02,9.080277E+02,4.519654E-02,8.897950E-02,1.006514E+03,8.607487E+02,5.193909E-02,8.434743E-02,5.967834E+02,4.441827E+02,3.079379E-02,4.352643E-02,2.281135E+02,2.188448E+02,1.177172E-02,2.144458E-02,9.263127E+02,8.389499E+02,4.779581E-02,8.221066E-02,4.039615E+02,3.736235E+02,2.084647E-02,3.661169E-02,7.956308E+02,1.068708E+03,4.106078E-02,1.047244E-01
20:00:00,3.965845E+02,1.574433E+02,2.045888E-02,1.542861E-02,3.145027E+02,1.936173E+02,1.622678E-02,1.897297E-02,8.750463E+02,8.848218E+02,4.515309E-02,8.670560E-02,1.005355E+03,8.499467E+02,5.187909E-02,8.328895E-02,5.962725E+02,4.351476E+02,3.076736E-02,4.264110E-02,2.278442E+02,2.153369E+02,1.175779E-02,2.110085E-02,9.256192E+02,8.114971E+02,4.775993E-02,7.952063E-02,4.034374E+02,3.677808E+02,2.081935E-02,3.603917E-02,7.942673E+02,1.056865E+03,4.099024E-02,1.035640E-01
20:10:00,3.964401E+02,1.536519E+02,2.045143E-02,1.505709E-02,3.143138E+02,1.897223E+02,1.621704E-02,1.859131E-02,8.742217E+02,8.655492E+02,4.511047E-02,8.481716E-02,1.004216E+03,8.408620E+02,5.182019E-02,8.239877E-02,5.957711E+02,4.273505E+02,3.074147E-02,4.187708E-02,2.275803E+02,2.120975E+02,1.174416E-02,2.078343E-02,9.249381E+02,7.894900E+02,4.772476E-02,7.736424E-02,4.029233E+02,3.628694E+02,2.079278E-02,3.555792E-02,7.929290E+02,1.045886E+03,4.092105E-02,1.024882E-01
20:20:00,3.962982E+02,1.503455E+02,2.044411E-02,1.473310E-02,3.141294E+02,1.862517E+02,1.620752E-02,1.825124E-02,8.734175E+02,8.490692E+02,4.506894E-02,8.320237E-02,1.003105E+03,8.330092E+02,5.176276E-02,8.162931E-02,5.952825E+02,4.205834E+02,3.071625E-02,4.121399E-02,2.273233E+02,2.091472E+02,1.173088E-02,2.049434E-02,9.242740E+02,7.711476E+02,4.769048E-02,7.556698E-02,4.024225E+02,3.586526E+02,2.076691E-02,3.514474E-02,7.916242E+02,1.035837E+03,4.085362E-02,1.015035E-01
20:30:00,3.961593E+02,1.473955E+02,2.043693E-02,1.444404E-02,3.139496E+02,1.830706E+02,1.619824E-02,1.793953E-02,8.726336E+02,8.344298E+02,4.502847E-02,8.176792E-02,1.002021E+03,8.259213E+02,5.170678E-02,8.093481E-02,5.948066E+02,4.144882E+02,3.069168E-02,4.061675E-02,2.270731E+02,2.064164E+02,1.171797E-02,2.022675E-02,9.236266E+02,7.551742E+02,4.765706E-02,7.400182E-02,4.019348E+02,3.549084E+02,2.074173E-02,3.477787E-02,7.903522E+02,1.026461E+03,4.078792E-02,1.005847E-01
20:40:00,3.960233E+02,1.447353E+02,2.042992E-02,1.418336E-02,3.137741E+02,1.801169E+02,1.618919E-02,1.765010E-02,8.718690E+02,8.211614E+02,4.498900E-02,8.046781E-02,1.000963E+03,8.193908E+02,5.165214E-02,8.029491E-02,5.943428E+02,4.089024E+02,3.066774E-02,4.006942E-02,2.268294E+02,2.038722E+02,1.170539E-02,1.997746E-02,9.229951E+02,7.409348E+02,4.762446E-02,7.260657E-02,4.014595E+02,3.515331E+02,2.071719E-02,3.444714E-02,7.891105E+02,1.017641E+03,4.072379E-02,9.972048E-02
20:50:00,3.958904E+02,1.423181E+02,2.042306E-02,1.394651E-02,3.136031E+02,1.773519E+02,1.618036E-02,1.737917E-02,8.711229E+02,8.089721E+02,4.495049E-02,7.927341E-02,9.999294E+02,8.132998E+02,5.159881E-02,7.969808E-02,5.938905E+02,4.037285E+02,3.064440E-02,3.956245E-02,2.265920E+02,2.014904E+02,1.169313E-02,1.974408E-02,9.223790E+02,7.280391E+02,4.759267E-02,7.134296E-02,4.009961E+02,3.484585E+02,2.069327E-02,3.414588E-02,7.878978E+02,1.009299E+03,4.066117E-02,9.890313E-02
21:00:00,3.957606E+02,1.401061E+02,2.041637E-02,1.372975E-02,3.134363E+02,1.747471E+02,1.617175E-02,1.712392E-02,8.703948E+02,7.976505E+02,4.491291E-02,7.816403E-02,9.989205E+02,8.075657E+02,5.154673E-02,7.913621E-02,5.934496E+02,3.988955E+02,3.062164E-02,3.908887E-02,2.263606E+02,1.992503E+02,1.168119E-02,1.952458E-02,9.217779E+02,7.162087E+02,4.756165E-02,7.018372E-02,4.005441E+02,3.456314E+02,2.066994E-02,3.386887E-02,7.867133E+02,1.001373E+03,4.060001E-02,9.812643E-02
21:10:00,3.956339E+02,1.380538E+02,2.040983E-02,1.352864E-02,3.132737E+02,1.722694E+02,1.616337E-02,1.688114E-02,8.696843E+02,7.870090E+02,4.487625E-02,7.712129E-02,9.979352E+02,8.020940E+02,5.149588E-02,7.860004E-02,5.930197E+02,3.943290E+02,3.059946E-02,3.864141E-02,2.261350E+02,1.971274E+02,1.166955E-02,1.931656E-02,9.211916E+02,7.052052E+02,4.753140E-02,6.910551E-02,4.001034E+02,3.429975E+02,2.064719E-02,3.361078E-02,7.855560E+02,9.937845E+02,4.054027E-02,9.738286E-02
21:20:00,3.955097E+02,1.361340E+02,2.040342E-02,1.334052E-02,3.131143E+02,1.699004E+02,1.615514E-02,1.664900E-02,8.689865E+02,7.769250E+02,4.484024E-02,7.613318E-02,9.969667E+02,7.968366E+02,5.144590E-02,7.808487E-02,5.925978E+02,3.899855E+02,3.057769E-02,3.821579E-02,2.259137E+02,1.951062E+02,1.165813E-02,1.911852E-02,9.206162E+02,6.948701E+02,4.750171E-02,6.809278E-02,3.996705E+02,3.405221E+02,2.062485E-02,3.336822E-02,7.844174E+02,9.864891E+02,4.048150E-02,9.666800E-02
21:30:00,3.953878E+02,1.343242E+02,2.039713E-02,1.316318E-02,3.129579E+02,1.676249E+02,1.614707E-02,1.642602E-02,8.683015E+02,7.673041E+02,4.480489E-02,7.519043E-02,9.960151E+02,7.917559E+02,5.139679E-02,7.758702E-02,5.921840E+02,3.858300E+02,3.055634E-02,3.780860E-02,2.256964E+02,1.931735E+02,1.164691E-02,1.892913E-02,9.200518E+02,6.850815E+02,4.747258E-02,6.713360E-02,3.992454E+02,3.381767E+02,2.060291E-02,3.313841E-02,7.832978E+02,9.794486E+02,4.042371E-02,9.597812E-02
21:40:00,3.952684E+02,1.326059E+02,2.039097E-02,1.299479E-02,3.128047E+02,1.654308E+02,1.613917E-02,1.621103E-02,8.676300E+02,7.580728E+02,4.477024E-02,7.428585E-02,9.950819E+02,7.868228E+02,5.134863E-02,7.710363E-02,5.917787E+02,3.818345E+02,3.053542E-02,3.741709E-02,2.254835E+02,1.913179E+02,1.163593E-02,1.874730E-02,9.194990E+02,6.757455E+02,4.744406E-02,6.621877E-02,3.988286E+02,3.359386E+02,2.058140E-02,3.291910E-02,7.821989E+02,9.726320E+02,4.036699E-02,9.531016E-02
21:50:00,3.951517E+02,1.309637E+02,2.038495E-02,1.283388E-02,3.126548E+02,1.633082E+02,1.613143E-02,1.600303E-02,8.669725E+02,7.491742E+02,4.473631E-02,7.341388E-02,9.941673E+02,7.820146E+02,5.130144E-02,7.663247E-02,5.913819E+02,3.779769E+02,3.051495E-02,3.703908E-02,2.252750E+02,1.895301E+02,1.162517E-02,1.857212E-02,9.189581E+02,6.667895E+02,4.741615E-02,6.534117E-02,3.984203E+02,3.337893E+02,2.056033E-02,3.270850E-02,7.811213E+02,9.660137E+02,4.031137E-02,9.466164E-02
22:00:00,3.950375E+02,1.293854E+02,2.037906E-02,1.267921E-02,3.125081E+02,1.612489E+02,1.612386E-02,1.580124E-02,8.663289E+02,7.405636E+02,4.470310E-02,7.257013E-02,9.932714E+02,7.773135E+02,5.125520E-02,7.617181E-02,5.909938E+02,3.742391E+02,3.049492E-02,3.667281E-02,2.250709E+02,1.878022E+02,1.161463E-02,1.840281E-02,9.184291E+02,6.581569E+02,4.738885E-02,6.449525E-02,3.980205E+02,3.317142E+02,2.053970E-02,3.250516E-02,7.800652E+02,9.595728E+02,4.025686E-02,9.403050E-02
22:10:00,3.423815E+02,1.076471E+02,1.751344E-02,1.053893E-02,2.617462E+02,1.350304E+02,1.348906E-02,1.320074E-02,7.216716E+02,6.356295E+02,3.723869E-02,6.183483E-02,8.273516E+02,6.552685E+02,4.269334E-02,6.401783E-02,4.923325E+02,3.140140E+02,2.540406E-02,3.069467E-02,1.874737E+02,1.563258E+02,9.674457E-03,1.530721E-02,7.673875E+02,5.657592E+02,3.957023E-02,5.501166E-02,3.315166E+02,2.756291E+02,1.710779E-02,2.700797E-02,6.496128E+02,8.101798E+02,3.352460E-02,7.912005E-02
22:20:00,2.992337E+02,8.759753E+01,1.503050E-02,8.535586E-03,2.186426E+02,1.106936E+02,1.116267E-02,1.075289E-02,5.850272E+02,5.415098E+02,3.009809E-02,5.198167E-02,6.615858E+02,5.447244E+02,3.413943E-02,5.277895E-02,4.002109E+02,2.587889E+02,2.057699E-02,2.511973E-02,1.499117E+02,1.274969E+02,7.736092E-03,1.242359E-02,6.417068E+02,4.826536E+02,3.277164E-02,4.629228E-02,2.650814E+02,2.244297E+02,1.367943E-02,2.189640E-02,5.193418E+02,6.751578E+02,2.680170E-02,6.535422E-02
22:30:00,2.613603E+02,6.858778E+01,1.275807E-02,6.617318E-03,1.807633E+02,8.820909E+01,9.046573E-03,8.455475E-03,4.652192E+02,4.586599E+02,2.363661E-02,4.301287E-02,5.077108E+02,4.477228E+02,2.606552E-02,4.258914E-02,3.188395E+02,2.086748E+02,1.618409E-02,1.994845E-02,1.123840E+02,1.002971E+02,5.799503E-03,9.672165E-03,5.348241E+02,4.090970E+02,2.673014E-02,3.832518E-02,1.987136E+02,1.762709E+02,1.025454E-02,1.703276E-02,3.892486E+02,5.571660E+02,2.008797E-02,5.291295E-02
22:40:00,2.261273E+02,5.152766E+01,1.059153E-02,4.854558E-03,1.457679E+02,6.796818E+01,7.046182E-03,6.337537E-03,3.590730E+02,3.848368E+02,1.772534E-02,3.476083E-02,3.693115E+02,3.651884E+02,1.862030E-02,3.352989E-02,2.452824E+02,1.647915E+02,1.210524E-02,1.526971E-02,7.489001E+01,7.609491E+01,3.864649E-03,7.155960E-03,4.386941E+02,3.432651E+02,2.112108E-02,3.097597E-02,1.324117E+02,1.346120E+02,6.833055E-03,1.267077E-02,2.593296E+02,4.562485E+02,1.338323E-02,4.180580E-02
22:50:00,1.928021E+02,3.503931E+01,8.501749E-03,3.141088E-03,1.127159E+02,4.855647E+01,5.124125E-03,4.290433E-03,2.602563E+02,3.147005E+02,1.210813E-02,2.682185E-02,2.424165E+02,2.822555E+02,1.163545E-02,2.445578E-02,1.765223E+02,1.217023E+02,8.219018E-03,1.066468E-02,3.742891E+01,5.293351E+01,1.931494E-03,4.725659E-03,3.470188E+02,2.808981E+02,1.569176E-02,2.392264E-02,6.617429E+01,9.513476E+01,3.414899E-03,8.483583E-03,1.295812E+02,3.559490E+02,6.687305E-03,3.076787E-02
23:00:00,1.614023E+02,1.936735E+01,6.489448E-03,1.495655E-03,8.139244E+01,3.017442E+01,3.271752E-03,2.329459E-03,1.667346E+02,2.480053E+02,6.704802E-03,1.917621E-02,1.227318E+02,2.038731E+02,4.940184E-03,1.574834E-02,1.115644E+02,8.095711E+01,4.486244E-03,6.252612E-03,2.151223E+00,3.085882E+01,8.678232E-05,2.384754E-03,2.599788E+02,2.215572E+02,1.044958E-02,1.713052E-02,5.527188E+00,5.693719E+01,2.234198E-04,4.401815E-03,0.000000E+00,2.613023E+02,0.000000E+00,2.018711E-02
23:10:00,1.842600E+02,2.454959E+01,7.406011E-03,1.895462E-03,1.020759E+02,3.682157E+01,4.102800E-03,2.842050E-03,2.210820E+02,2.804515E+02,8.888854E-03,2.167200E-02,1.744043E+02,2.453805E+02,7.016818E-03,1.894796E-02,1.477663E+02,9.836963E+01,5.941060E-03,7.595365E-03,5.705141E+00,3.959603E+01,2.296172E-04,3.058718E-03,3.267960E+02,2.485771E+02,1.313412E-02,1.920922E-02,1.299199E+01,7.449200E+01,5.234377E-04,5.756198E-03,0.000000E+00,3.130585E+02,0.000000E+00,2.417586E-02
23:20:00,1.990808E+02,2.865968E+01,7.999229E-03,2.211685E-03,1.162440E+02,4.237247E+01,4.671638E-03,3.270051E-03,2.702535E+02,3.045393E+02,1.086436E-02,2.350644E-02,2.296798E+02,2.776389E+02,9.238239E-03,2.142310E-02,1.797263E+02,1.122808E+02,7.225168E-03,8.664106E-03,1.086178E+01,4.660690E+01,4.368636E-04,3.598063E-03,3.712996E+02,2.685635E+02,1.492211E-02,2.072946E-02,2.284650E+01,8.853168E+01,9.194925E-04,6.838270E-03,2.376467E+00,3.535060E+02,9.589166E-05,2.727950E-02
23:30:00,2.099784E+02,3.227898E+01,8.436231E-03,2.490736E-03,1.261645E+02,4.677748E+01,5.069593E-03,3.609363E-03,3.049979E+02,3.195214E+02,1.225860E-02,2.465373E-02,2.764914E+02,2.983552E+02,1.111894E-02,2.301999E-02,2.029524E+02,1.224249E+02,8.156715E-03,9.446005E-03,1.806178E+01,5.282758E+01,7.262232E-04,4.076022E-03,3.999745E+02,2.809864E+02,1.607303E-02,2.168095E-02,3.619852E+01,1.007656E+02,1.456097E-03,7.774955E-03,1.412072E+01,3.796567E+02,5.679097E-04,2.929208E-02
23:40:00,2.193962E+02,3.443674E+01,8.814155E-03,2.657287E-03,1.341668E+02,4.957427E+01,5.390873E-03,3.825250E-03,3.285855E+02,3.274021E+02,1.320444E-02,2.526214E-02,3.107398E+02,3.063974E+02,1.248965E-02,2.364078E-02,2.198928E+02,1.275472E+02,8.836341E-03,9.841401E-03,2.656737E+01,5.681113E+01,1.068042E-03,4.383312E-03,4.204459E+02,2.874467E+02,1.689488E-02,2.217981E-02,5.162295E+01,1.076112E+02,2.075972E-03,8.302815E-03,2.759430E+01,3.911917E+02,1.109418E-03,3.018225E-02
23:50:00,2.279324E+02,3.645676E+01,9.156758E-03,2.813218E-03,1.412171E+02,5.211373E+01,5.673928E-03,4.021271E-03,3.470708E+02,3.333241E+02,1.394688E-02,2.571934E-02,3.360687E+02,3.164581E+02,1.350548E-02,2.441725E-02,2.335897E+02,1.329672E+02,9.386422E-03,1.025974E-02,3.618429E+01,6.044251E+01,1.454513E-03,4.663541E-03,4.387591E+02,2.920197E+02,1.763020E-02,2.253295E-02,6.882247E+01,1.132777E+02,2.767172E-03,8.740082E-03,4.603249E+01,4.043354E+02,1.850452E-03,3.119649E-02
24:00:00,2.354415E+02,3.804698E+01,9.458180E-03,2.935982E-03,1.474540E+02,5.413931E+01,5.924333E-03,4.177636E-03,3.623092E+02,3.373698E+02,1.455888E-02,2.603172E-02,3.564350E+02,3.234435E+02,1.432362E-02,2.495645E-02,2.451176E+02,1.370329E+02,9.849363E-03,1.057357E-02,4.458711E+01,6.361131E+01,1.791852E-03,4.908084E-03,4.544362E+02,2.949910E+02,1.825964E-02,2.276244E-02,8.202023E+01,1.185715E+02,3.296239E-03,9.148610E-03,6.777822E+01,4.138576E+02,2.724405E-03,3.193133E-02
Peak,3.974476E+02,2.517843E+02,2.050671E-02,2.467355E-02,3.386356E+02,4.769430E+02,1.740519E-02,4.673616E-02,9.681660E+02,1.366217E+03,4.971216E-02,1.338788E-01,1.140779E+03,1.136280E+03,5.854524E-02,1.113479E-01,6.686522E+02,1.032844E+03,3.434623E-02,1.012099E-01,3.053056E+02,5.216790E+02,1.568028E-02,5.111875E-02,9.758961E+02,1.290601E+03,5.012961E-02,1.264698E-01,5.255693E+02,4.906337E+02,2.698173E-02,4.766745E-02,1.064952E+03,1.606511E+03,5.460658E-02,1.574244E-01

Peak Vol Flow (m3/s),,,1.703991E-02,2.050231E-02,,,1.446272E-02,3.883507E-02,,,4.130796E-02,1.112457E-01,,,4.864775E-02,9.252376E-02,,,2.853975E-02,8.409966E-02,,,1.302941E-02,4.247676E-02,,,4.165484E-02,1.050892E-01,,,2.242027E-02,3.960893E-02,,,4.537495E-02,1.308106E-01
