Time,ROOM_05ABD83F:BOSTON LOGAN INTL ARPT ANN HTG 99.6% CONDNS DB:Des Heat Load [W],ROOM_05ABD83F:BOSTON LOGAN INTL ARPT ANN CLG .4% CONDNS DB=>MWB:Des Sens Cool Load [W],ROOM_05ABD83F:BOSTON LOGAN INTL ARPT ANN HTG 99.6% CONDNS DB:Des Heat Mass Flow [kg/s],ROOM_05ABD83F:BOSTON LOGAN INTL ARPT ANN CLG .4% CONDNS DB=>MWB:Des Cool Mass Flow [kg/s],ROOM_0E759560:BOSTON LOGAN INTL ARPT ANN HTG 99.6% CONDNS DB:Des Heat Load [W],ROOM_0E759560:BOSTON LOGAN INTL ARPT ANN CLG .4% CONDNS DB=>MWB:Des Sens Cool Load [W],ROOM_0E759560:BOSTON LOGAN INTL ARPT ANN HTG 99.6% CONDNS DB:Des Heat Mass Flow [kg/s],ROOM_0E759560:BOSTON LOGAN INTL ARPT ANN CLG .4% CONDNS DB=>MWB:Des Cool Mass Flow [kg/s],ROOM_1FB3609C:BOSTON LOGAN INTL ARPT ANN HTG 99.6% CONDNS DB:Des Heat Load [W],ROOM_1FB3609C:BOSTON LOGAN INTL ARPT ANN CLG .4% CONDNS DB=>MWB:Des Sens Cool Load [W],ROOM_1FB3609C:BOSTON LOGAN INTL ARPT ANN HTG 99.6% CONDNS DB:Des Heat Mass Flow [kg/s],ROOM_1FB3609C:BOSTON LOGAN INTL ARPT ANN CLG .4% CONDNS DB=>MWB:Des Cool Mass Flow [kg/s],ROOM_3452F56A:BOSTON LOGAN INTL ARPT ANN HTG 99.6% CONDNS DB:Des Heat Load [W],ROOM_3452F56A:BOSTON LOGAN INTL ARPT ANN CLG .4% CONDNS DB=>MWB:Des Sens Cool Load [W],ROOM_3452F56A:BOSTON LOGAN INTL ARPT ANN HTG 99.6% CONDNS DB:Des Heat Mass Flow [kg/s],ROOM_3452F56A:BOSTON LOGAN INTL ARPT ANN CLG .4% CONDNS DB=>MWB:Des Cool Mass Flow [kg/s],ROOM_A53D4AB7:BOSTON LOGAN INTL ARPT ANN HTG 99.6% CONDNS DB:Des Heat Load [W],ROOM_A53D4AB7:BOSTON LOGAN INTL ARPT ANN CLG .4% CONDNS DB=>MWB:Des Sens Cool Load [W],ROOM_A53D4AB7:BOSTON LOGAN INTL ARPT ANN HTG 99.6% CONDNS DB:Des Heat Mass Flow [kg/s],ROOM_A53D4AB7:BOSTON LOGAN INTL ARPT ANN CLG .4% CONDNS DB=>MWB:Des Cool Mass Flow [kg/s]
00:10:00,2.563656E+02,1.844175E+02,1.030112E-02,1.422984E-02,7.492358E+01,8.347418E+01,3.010891E-03,6.440654E-03,2.029337E+02,1.231570E+02,8.153545E-03,9.503234E-03,2.566656E+02,2.234300E+02,1.031299E-02,1.724029E-02,4.160754E+02,1.221285E+02,1.671520E-02,9.424296E-03
00:20:00,2.660693E+02,1.868991E+02,1.069093E-02,1.442139E-02,8.183277E+01,8.614893E+01,3.288483E-03,6.647064E-03,2.103987E+02,1.245106E+02,8.453438E-03,9.607724E-03,2.663522E+02,2.246939E+02,1.070212E-02,1.733786E-02,4.252380E+02,1.231262E+02,1.708336E-02,9.501337E-03
00:30:00,2.752360E+02,1.888253E+02,1.105920E-02,1.457005E-02,8.795487E+01,8.843996E+01,3.534450E-03,6.823857E-03,2.174721E+02,1.254535E+02,8.737637E-03,9.680497E-03,2.758786E+02,2.253833E+02,1.108486E-02,1.739107E-02,4.333957E+02,1.237337E+02,1.741115E-02,9.548239E-03
00:40:00,2.840841E+02,1.902886E+02,1.141470E-02,1.468297E-02,9.352650E+01,9.039467E+01,3.758301E-03,6.974690E-03,2.240649E+02,1.260529E+02,9.002537E-03,9.726745E-03,2.846458E+02,2.256047E+02,1.143714E-02,1.740815E-02,4.406671E+02,1.240185E+02,1.770334E-02,9.570222E-03
00:50:00,2.924399E+02,1.913665E+02,1.175044E-02,1.476615E-02,9.876667E+01,9.205689E+01,3.968839E-03,7.102947E-03,2.300923E+02,1.263660E+02,9.244725E-03,9.750896E-03,2.927062E+02,2.254456E+02,1.176100E-02,1.739585E-02,4.471985E+02,1.240372E+02,1.796578E-02,9.571656E-03
01:00:00,3.001490E+02,1.921243E+02,1.206020E-02,1.482461E-02,1.037578E+02,9.346644E+01,4.169377E-03,7.211703E-03,2.355687E+02,1.264416E+02,9.464771E-03,9.756718E-03,3.000656E+02,2.249783E+02,1.205670E-02,1.735978E-02,4.530972E+02,1.238372E+02,1.820281E-02,9.556210E-03
01:10:00,3.072819E+02,1.928580E+02,1.234680E-02,1.488120E-02,1.086365E+02,9.479143E+01,4.365404E-03,7.313931E-03,2.405149E+02,1.264569E+02,9.663509E-03,9.757884E-03,3.067974E+02,2.244845E+02,1.232719E-02,1.732165E-02,4.584580E+02,1.236256E+02,1.841822E-02,9.539873E-03
01:20:00,3.138684E+02,1.933970E+02,1.261145E-02,1.492278E-02,1.132571E+02,9.594283E+01,4.551073E-03,7.402763E-03,2.450117E+02,1.263276E+02,9.844180E-03,9.747894E-03,3.129418E+02,2.238146E+02,1.257407E-02,1.726994E-02,4.633531E+02,1.232932E+02,1.861491E-02,9.514209E-03
01:30:00,3.199480E+02,1.937772E+02,1.285574E-02,1.495210E-02,1.176158E+02,9.694668E+01,4.726215E-03,7.480209E-03,2.491084E+02,1.260821E+02,1.000879E-02,9.728938E-03,3.185014E+02,2.230072E+02,1.279746E-02,1.720761E-02,4.678493E+02,1.228669E+02,1.879558E-02,9.481304E-03
01:40:00,3.255488E+02,1.940287E+02,1.308078E-02,1.497149E-02,1.217413E+02,9.782496E+01,4.891991E-03,7.547967E-03,2.528592E+02,1.257443E+02,1.015949E-02,9.702855E-03,3.235940E+02,2.220941E+02,1.300206E-02,1.713714E-02,4.720258E+02,1.223692E+02,1.896339E-02,9.442884E-03
01:50:00,3.306619E+02,1.941769E+02,1.328623E-02,1.498292E-02,1.256690E+02,9.859702E+01,5.049824E-03,7.607530E-03,2.563123E+02,1.253342E+02,1.029824E-02,9.671207E-03,3.282735E+02,2.211022E+02,1.319008E-02,1.706059E-02,4.759050E+02,1.218190E+02,1.911926E-02,9.400417E-03
02:00:00,3.354065E+02,1.942432E+02,1.347686E-02,1.498802E-02,1.293314E+02,9.927945E+01,5.196999E-03,7.660178E-03,2.595311E+02,1.248690E+02,1.042758E-02,9.635299E-03,3.326226E+02,2.200533E+02,1.336483E-02,1.697965E-02,4.795239E+02,1.212321E+02,1.926467E-02,9.355121E-03
02:10:00,3.398109E+02,1.942292E+02,1.365382E-02,1.498694E-02,1.327633E+02,9.987924E+01,5.334911E-03,7.706450E-03,2.625755E+02,1.243509E+02,1.054991E-02,9.595317E-03,3.366798E+02,2.189497E+02,1.352786E-02,1.689449E-02,4.829147E+02,1.206022E+02,1.940091E-02,9.306509E-03
02:20:00,3.439267E+02,1.941491E+02,1.381920E-02,1.498075E-02,1.359805E+02,1.004084E+02,5.464196E-03,7.747272E-03,2.654376E+02,1.237913E+02,1.066493E-02,9.552133E-03,3.405014E+02,2.178056E+02,1.368142E-02,1.680620E-02,4.861054E+02,1.199394E+02,1.952911E-02,9.255354E-03
02:30:00,3.478018E+02,1.940145E+02,1.397490E-02,1.497036E-02,1.390086E+02,1.008771E+02,5.585881E-03,7.783435E-03,2.681416E+02,1.231995E+02,1.077359E-02,9.506465E-03,3.441830E+02,2.166324E+02,1.382936E-02,1.671567E-02,4.891191E+02,1.192519E+02,1.965020E-02,9.202299E-03
02:40:00,3.514887E+02,1.938351E+02,1.412305E-02,1.495652E-02,1.418572E+02,1.012940E+02,5.700352E-03,7.815596E-03,2.707014E+02,1.225833E+02,1.087646E-02,9.458916E-03,3.476955E+02,2.154395E+02,1.397052E-02,1.662363E-02,4.919758E+02,1.185468E+02,1.976498E-02,9.147884E-03
02:50:00,3.550702E+02,1.936193E+02,1.426697E-02,1.493985E-02,1.445407E+02,1.016662E+02,5.808194E-03,7.844306E-03,2.731320E+02,1.219493E+02,1.097413E-02,9.409990E-03,3.510650E+02,2.142349E+02,1.410593E-02,1.653067E-02,4.946922E+02,1.178300E+02,1.987412E-02,9.092566E-03
03:00:00,3.585151E+02,1.933738E+02,1.440542E-02,1.492091E-02,1.470727E+02,1.019997E+02,5.909943E-03,7.870035E-03,2.754459E+02,1.213029E+02,1.106711E-02,9.360110E-03,3.543002E+02,2.130248E+02,1.423594E-02,1.643730E-02,4.972827E+02,1.171065E+02,1.997820E-02,9.036732E-03
03:10:00,3.618399E+02,1.930885E+02,1.453902E-02,1.489889E-02,1.494645E+02,1.022962E+02,6.006061E-03,7.892912E-03,2.776544E+02,1.206373E+02,1.115586E-02,9.308747E-03,3.574133E+02,2.117992E+02,1.436103E-02,1.634273E-02,4.997592E+02,1.163615E+02,2.007770E-02,8.979236E-03
03:20:00,3.650502E+02,1.927678E+02,1.466803E-02,1.487415E-02,1.517258E+02,1.025578E+02,6.096931E-03,7.913095E-03,2.797672E+02,1.199558E+02,1.124076E-02,9.256160E-03,3.604138E+02,2.105617E+02,1.448161E-02,1.624724E-02,5.021321E+02,1.155976E+02,2.017304E-02,8.920286E-03
03:30:00,3.681545E+02,1.924152E+02,1.479278E-02,1.484694E-02,1.538636E+02,1.027874E+02,6.182843E-03,7.930808E-03,2.817928E+02,1.192612E+02,1.132215E-02,9.202563E-03,3.633105E+02,2.093155E+02,1.459801E-02,1.615107E-02,5.044104E+02,1.148171E+02,2.026458E-02,8.860058E-03
03:40:00,3.711561E+02,1.920338E+02,1.491340E-02,1.481750E-02,1.558793E+02,1.029894E+02,6.263845E-03,7.946392E-03,2.837363E+02,1.185559E+02,1.140025E-02,9.148138E-03,3.661074E+02,2.080629E+02,1.471040E-02,1.605442E-02,5.065996E+02,1.140222E+02,2.035253E-02,8.798708E-03
03:50:00,3.740616E+02,1.916262E+02,1.503016E-02,1.478605E-02,1.577649E+02,1.031656E+02,6.339616E-03,7.959989E-03,2.856045E+02,1.178419E+02,1.147532E-02,9.093040E-03,3.688113E+02,2.068061E+02,1.481906E-02,1.595744E-02,5.087063E+02,1.132145E+02,2.043718E-02,8.736377E-03
04:00:00,3.768780E+02,1.911947E+02,1.514333E-02,1.475276E-02,1.595342E+02,1.033180E+02,6.410713E-03,7.971743E-03,2.874035E+02,1.171209E+02,1.154761E-02,9.037402E-03,3.714293E+02,2.055469E+02,1.492426E-02,1.586028E-02,5.107371E+02,1.123957E+02,2.051877E-02,8.673190E-03
04:10:00,3.796109E+02,1.907558E+02,1.525315E-02,1.471889E-02,1.612081E+02,1.034519E+02,6.477974E-03,7.982072E-03,2.891388E+02,1.164047E+02,1.161733E-02,8.982135E-03,3.739669E+02,2.043017E+02,1.502623E-02,1.576419E-02,5.126974E+02,1.115840E+02,2.059753E-02,8.610555E-03
04:20:00,3.822652E+02,1.903114E+02,1.535981E-02,1.468460E-02,1.628004E+02,1.035711E+02,6.541960E-03,7.991267E-03,2.908150E+02,1.156944E+02,1.168469E-02,8.927328E-03,3.764291E+02,2.030708E+02,1.512517E-02,1.566921E-02,5.145917E+02,1.107809E+02,2.067363E-02,8.548573E-03
04:30:00,3.848454E+02,1.898648E+02,1.546349E-02,1.465013E-02,1.643247E+02,1.036776E+02,6.603213E-03,7.999485E-03,2.924360E+02,1.149924E+02,1.174982E-02,8.873154E-03,3.788201E+02,2.018570E+02,1.522124E-02,1.557556E-02,5.164242E+02,1.099892E+02,2.074726E-02,8.487478E-03
04:40:00,3.873590E+02,1.903128E+02,1.556450E-02,1.468470E-02,1.657983E+02,1.041509E+02,6.662429E-03,8.036001E-03,2.940077E+02,1.148037E+02,1.181297E-02,8.858594E-03,3.811471E+02,2.010424E+02,1.531475E-02,1.551270E-02,5.182006E+02,1.102961E+02,2.081863E-02,8.511156E-03
04:50:00,3.898092E+02,1.926903E+02,1.566296E-02,1.486816E-02,1.672459E+02,1.053984E+02,6.720602E-03,8.132263E-03,2.955330E+02,1.155396E+02,1.187426E-02,8.915382E-03,3.834134E+02,2.007213E+02,1.540582E-02,1.548793E-02,5.199239E+02,1.129165E+02,2.088787E-02,8.713377E-03
05:00:00,3.921979E+02,1.983944E+02,1.575894E-02,1.530833E-02,1.686690E+02,1.078542E+02,6.777795E-03,8.321750E-03,2.970140E+02,1.176218E+02,1.193377E-02,9.076070E-03,3.856206E+02,2.010325E+02,1.549451E-02,1.551195E-02,5.215964E+02,1.192593E+02,2.095506E-02,9.202892E-03
05:10:00,4.489070E+02,2.340034E+02,1.828783E-02,1.825417E-02,2.020428E+02,1.271971E+02,8.239147E-03,9.920426E-03,3.328936E+02,1.368266E+02,1.356669E-02,1.067313E-02,4.384952E+02,2.260565E+02,1.786510E-02,1.761341E-02,5.669893E+02,1.481208E+02,2.309614E-02,1.157345E-02
05:20:00,4.688769E+02,2.582394E+02,1.939489E-02,2.049174E-02,2.159662E+02,1.391999E+02,8.948404E-03,1.103969E-02,3.494841E+02,1.490516E+02,1.446962E-02,1.182214E-02,4.585381E+02,2.371942E+02,1.897159E-02,1.876587E-02,5.876306E+02,1.715467E+02,2.431102E-02,1.365510E-02
05:30:00,5.112908E+02,2.981296E+02,2.148519E-02,2.404051E-02,2.429301E+02,1.583711E+02,1.022911E-02,1.275960E-02,3.773503E+02,1.680683E+02,1.586646E-02,1.353959E-02,4.983251E+02,2.586512E+02,2.094301E-02,2.078172E-02,6.212587E+02,2.060782E+02,2.609422E-02,1.666683E-02
05:40:00,5.446870E+02,3.390327E+02,2.318193E-02,2.767980E-02,2.641513E+02,1.761290E+02,1.125919E-02,1.436379E-02,3.998088E+02,1.856144E+02,1.702732E-02,1.513655E-02,5.298438E+02,2.774098E+02,2.255359E-02,2.257294E-02,6.484628E+02,2.415159E+02,2.759697E-02,1.976108E-02
05:50:00,5.755460E+02,3.822967E+02,2.476914E-02,3.152892E-02,2.836173E+02,1.934274E+02,1.221334E-02,1.593467E-02,4.204304E+02,2.025479E+02,1.810873E-02,1.668741E-02,5.589016E+02,2.957696E+02,2.405787E-02,2.433254E-02,6.735251E+02,2.781547E+02,2.900706E-02,2.297010E-02
06:00:00,6.044588E+02,4.266110E+02,2.627258E-02,3.548729E-02,3.016593E+02,2.098643E+02,1.310600E-02,1.744142E-02,4.396208E+02,2.184534E+02,1.912838E-02,1.816016E-02,5.860705E+02,3.138941E+02,2.548077E-02,2.607517E-02,6.969618E+02,3.145622E+02,3.034698E-02,2.618320E-02
06:10:00,6.152712E+02,4.714181E+02,2.726726E-02,3.969460E-02,3.140348E+02,2.245737E+02,1.393147E-02,1.890318E-02,4.448638E+02,2.322605E+02,1.971807E-02,1.955097E-02,5.955723E+02,3.300511E+02,2.639579E-02,2.777932E-02,6.948159E+02,3.505024E+02,3.078019E-02,2.951837E-02
06:20:00,6.235371E+02,5.216546E+02,2.802845E-02,4.445268E-02,3.247320E+02,2.413282E+02,1.462463E-02,2.054777E-02,4.483572E+02,2.478801E+02,2.016823E-02,2.110431E-02,6.026115E+02,3.516431E+02,2.709383E-02,2.993449E-02,6.910408E+02,3.884600E+02,3.105896E-02,3.310915E-02
06:30:00,6.291130E+02,5.660112E+02,2.875865E-02,4.878121E-02,3.329281E+02,2.543653E+02,1.525465E-02,2.190291E-02,4.501523E+02,2.598841E+02,2.058648E-02,2.237483E-02,6.072595E+02,3.691746E+02,2.776353E-02,3.178646E-02,6.855143E+02,4.215412E+02,3.131109E-02,3.633327E-02
06:40:00,6.332312E+02,6.105030E+02,2.938196E-02,5.313393E-02,3.401975E+02,2.671101E+02,1.581657E-02,2.322713E-02,4.508863E+02,2.715790E+02,2.093170E-02,2.361263E-02,6.104814E+02,3.878367E+02,2.833093E-02,3.372649E-02,6.789211E+02,4.539633E+02,3.148584E-02,3.951047E-02
06:50:00,6.360371E+02,6.542727E+02,2.993301E-02,5.744528E-02,3.464208E+02,2.790522E+02,1.632167E-02,2.448177E-02,4.507097E+02,2.825821E+02,2.122635E-02,2.478990E-02,6.124744E+02,4.067228E+02,2.883030E-02,3.568595E-02,6.714064E+02,4.852624E+02,3.160840E-02,4.260597E-02
07:00:00,6.377595E+02,6.971452E+02,3.042528E-02,6.169971E-02,3.518188E+02,2.902795E+02,1.678196E-02,2.567470E-02,4.497812E+02,2.929654E+02,2.147972E-02,2.591302E-02,6.134485E+02,4.257336E+02,2.927410E-02,3.765752E-02,6.631313E+02,5.153250E+02,3.168860E-02,4.560926E-02
07:10:00,6.434954E+02,7.461637E+02,3.121603E-02,6.719577E-02,3.554422E+02,3.047577E+02,1.724424E-02,2.743963E-02,4.533635E+02,3.062991E+02,2.199395E-02,2.757762E-02,6.186827E+02,4.499908E+02,3.001276E-02,4.052239E-02,6.672185E+02,5.491272E+02,3.236572E-02,4.944745E-02
07:20:00,6.595641E+02,7.866430E+02,3.237494E-02,7.211283E-02,3.641879E+02,3.150512E+02,1.788123E-02,2.886146E-02,4.622205E+02,3.156772E+02,2.269635E-02,2.891678E-02,6.331337E+02,4.680063E+02,3.108036E-02,4.287983E-02,6.782526E+02,5.771157E+02,3.330150E-02,5.290321E-02
07:30:00,6.675941E+02,8.281319E+02,3.319067E-02,7.720965E-02,3.683948E+02,3.267188E+02,1.832228E-02,3.044638E-02,4.668246E+02,3.264681E+02,2.321428E-02,3.041902E-02,6.404066E+02,4.884817E+02,3.184058E-02,4.552924E-02,6.843028E+02,6.056375E+02,3.402121E-02,5.646102E-02
07:40:00,6.779724E+02,8.668606E+02,3.409186E-02,8.205269E-02,3.739695E+02,3.374883E+02,1.881112E-02,3.193119E-02,4.728174E+02,3.365131E+02,2.378177E-02,3.183544E-02,6.498436E+02,5.076280E+02,3.267939E-02,4.803570E-02,6.920953E+02,6.326765E+02,3.480518E-02,5.988372E-02
07:50:00,6.885277E+02,9.032373E+02,3.498968E-02,8.669632E-02,3.796854E+02,3.479036E+02,1.929803E-02,3.337704E-02,4.789757E+02,3.462513E+02,2.434875E-02,3.321731E-02,6.594723E+02,5.261800E+02,3.351608E-02,5.048482E-02,7.001123E+02,6.585699E+02,3.559054E-02,6.321440E-02
08:00:00,6.991580E+02,9.378160E+02,3.588187E-02,9.119412E-02,3.854820E+02,3.581803E+02,1.978189E-02,3.480616E-02,4.852310E+02,3.559252E+02,2.491374E-02,3.458913E-02,6.691949E+02,5.444948E+02,3.434842E-02,5.291349E-02,7.082611E+02,6.838949E+02,3.637507E-02,6.650836E-02
08:10:00,6.669739E+02,9.376869E+02,3.442305E-02,9.187421E-02,3.648919E+02,3.497132E+02,1.883277E-02,3.426681E-02,4.647109E+02,3.474403E+02,2.398385E-02,3.404466E-02,6.392041E+02,5.354536E+02,3.298978E-02,5.246813E-02,6.839577E+02,6.852862E+02,3.529817E-02,6.714376E-02
08:20:00,6.614983E+02,9.539458E+02,3.414029E-02,9.347595E-02,3.586855E+02,3.505282E+02,1.851239E-02,3.434809E-02,4.583889E+02,3.480315E+02,2.365744E-02,3.410418E-02,6.331632E+02,5.420263E+02,3.267783E-02,5.311435E-02,6.774070E+02,6.978783E+02,3.495981E-02,6.838522E-02
08:30:00,6.423515E+02,9.613317E+02,3.315211E-02,9.420205E-02,3.450618E+02,3.464253E+02,1.780926E-02,3.394629E-02,4.453750E+02,3.440918E+02,2.298578E-02,3.371841E-02,6.150994E+02,5.410331E+02,3.174555E-02,5.301738E-02,6.631625E+02,7.057350E+02,3.422462E-02,6.915730E-02
08:40:00,6.295701E+02,9.713020E+02,3.249250E-02,9.517958E-02,3.354899E+02,3.445349E+02,1.731526E-02,3.376103E-02,4.362490E+02,3.423150E+02,2.251480E-02,3.354429E-02,6.029052E+02,5.439002E+02,3.111624E-02,5.329828E-02,6.533694E+02,7.157849E+02,3.371922E-02,7.014269E-02
08:50:00,6.188737E+02,9.818466E+02,3.194047E-02,9.621300E-02,3.274736E+02,3.435248E+02,1.690153E-02,3.366205E-02,4.286292E+02,3.414412E+02,2.212154E-02,3.345867E-02,5.927168E+02,5.485617E+02,3.059041E-02,5.375507E-02,6.452547E+02,7.266239E+02,3.330041E-02,7.120503E-02
09:00:00,6.096893E+02,9.923586E+02,3.146644E-02,9.724314E-02,3.206265E+02,3.431064E+02,1.654813E-02,3.362107E-02,4.221268E+02,3.412010E+02,2.178593E-02,3.343516E-02,5.839897E+02,5.545817E+02,3.013999E-02,5.434502E-02,6.383471E+02,7.377492E+02,3.294389E-02,7.229530E-02
09:10:00,6.017040E+02,1.002482E+03,3.105431E-02,9.823519E-02,3.147199E+02,3.431212E+02,1.624328E-02,3.362254E-02,4.165168E+02,3.414383E+02,2.149639E-02,3.345844E-02,5.764219E+02,5.616879E+02,2.974940E-02,5.504141E-02,6.323894E+02,7.488410E+02,3.263640E-02,7.338223E-02
09:20:00,5.946843E+02,1.011950E+03,3.069200E-02,9.916291E-02,3.095773E+02,3.434513E+02,1.597785E-02,3.365490E-02,4.116285E+02,3.420502E+02,2.124409E-02,3.351842E-02,5.697869E+02,5.696733E+02,2.940695E-02,5.582394E-02,6.271908E+02,7.596611E+02,3.236810E-02,7.444252E-02
09:30:00,5.884283E+02,1.020230E+03,3.036912E-02,9.997428E-02,3.050591E+02,3.441062E+02,1.574465E-02,3.371909E-02,4.073284E+02,3.431475E+02,2.102215E-02,3.362596E-02,5.638887E+02,5.784898E+02,2.910253E-02,5.668791E-02,6.225799E+02,7.699208E+02,3.213012E-02,7.544787E-02
09:40:00,5.828164E+02,1.027269E+03,3.007948E-02,1.006640E-01,3.010544E+02,3.449532E+02,1.553796E-02,3.380208E-02,4.034964E+02,3.445697E+02,2.082437E-02,3.376533E-02,5.586109E+02,5.878926E+02,2.883013E-02,5.760932E-02,6.184685E+02,7.794575E+02,3.191793E-02,7.638238E-02
09:50:00,5.777431E+02,1.032921E+03,2.981763E-02,1.012178E-01,2.974701E+02,3.458957E+02,1.535297E-02,3.389444E-02,4.000662E+02,3.462183E+02,2.064733E-02,3.392689E-02,5.538507E+02,5.977035E+02,2.858445E-02,5.857072E-02,6.147719E+02,7.880927E+02,3.172715E-02,7.722853E-02
10:00:00,5.731184E+02,1.037034E+03,2.957894E-02,1.016208E-01,2.942418E+02,3.468778E+02,1.518634E-02,3.399068E-02,3.969710E+02,3.480425E+02,2.048759E-02,3.410565E-02,5.495209E+02,6.077799E+02,2.836098E-02,5.955813E-02,6.114191E+02,7.956616E+02,3.155411E-02,7.797019E-02
10:10:00,5.688693E+02,1.039443E+03,2.935964E-02,1.018568E-01,2.913110E+02,3.478640E+02,1.503507E-02,3.408732E-02,3.941558E+02,3.499989E+02,2.034229E-02,3.429737E-02,5.455508E+02,6.179841E+02,2.815607E-02,6.055805E-02,6.083525E+02,8.020238E+02,3.139584E-02,7.859360E-02
10:20:00,5.649378E+02,1.039971E+03,2.915672E-02,1.019085E-01,2.886304E+02,3.488229E+02,1.489672E-02,3.418129E-02,3.915762E+02,3.520546E+02,2.020915E-02,3.449881E-02,5.418839E+02,6.281826E+02,2.796682E-02,6.155741E-02,6.055267E+02,8.070320E+02,3.125000E-02,7.908433E-02
10:30:00,5.612770E+02,1.038776E+03,2.896778E-02,1.017913E-01,2.861618E+02,3.496222E+02,1.476931E-02,3.425961E-02,3.891964E+02,3.539915E+02,2.008633E-02,3.468862E-02,5.384751E+02,6.381517E+02,2.779088E-02,6.253429E-02,6.029051E+02,8.106321E+02,3.111470E-02,7.943707E-02
10:40:00,5.578493E+02,1.035574E+03,2.879087E-02,1.014775E-01,2.838740E+02,3.502935E+02,1.465123E-02,3.432538E-02,3.869874E+02,3.558853E+02,1.997232E-02,3.487419E-02,5.352878E+02,6.478724E+02,2.762638E-02,6.348682E-02,6.004585E+02,8.126890E+02,3.098843E-02,7.963857E-02
10:50:00,5.546191E+02,1.030238E+03,2.862415E-02,1.009546E-01,2.817381E+02,3.508503E+02,1.454099E-02,3.437994E-02,3.849226E+02,3.577671E+02,1.986575E-02,3.505859E-02,5.322882E+02,6.573134E+02,2.747157E-02,6.441193E-02,5.981605E+02,8.131349E+02,3.086983E-02,7.968223E-02
11:00:00,5.515623E+02,1.022770E+03,2.846639E-02,1.002228E-01,2.797339E+02,3.512814E+02,1.443755E-02,3.442218E-02,3.829829E+02,3.596354E+02,1.976564E-02,3.524166E-02,5.294528E+02,6.664076E+02,2.732523E-02,6.530306E-02,5.959922E+02,8.119636E+02,3.075792E-02,7.956740E-02
11:10:00,5.486599E+02,1.013263E+03,2.831659E-02,9.929112E-02,2.778456E+02,3.515745E+02,1.434009E-02,3.445090E-02,3.811536E+02,3.614519E+02,1.967123E-02,3.541966E-02,5.267634E+02,6.750508E+02,2.718642E-02,6.615000E-02,5.939389E+02,8.092315E+02,3.065195E-02,7.929963E-02
11:20:00,5.458957E+02,1.002006E+03,2.817393E-02,9.818799E-02,2.760596E+02,3.517295E+02,1.424791E-02,3.446608E-02,3.794219E+02,3.632030E+02,1.958186E-02,3.559125E-02,5.242043E+02,6.831857E+02,2.705434E-02,6.694713E-02,5.919881E+02,8.051152E+02,3.055127E-02,7.889622E-02
11:30:00,5.432560E+02,9.894554E+02,2.803769E-02,9.695810E-02,2.743645E+02,3.517502E+02,1.416042E-02,3.446810E-02,3.777773E+02,3.648825E+02,1.949697E-02,3.575582E-02,5.217624E+02,6.907501E+02,2.692831E-02,6.768835E-02,5.901294E+02,7.999067E+02,3.045534E-02,7.838579E-02
11:40:00,5.407294E+02,9.762937E+02,2.790729E-02,9.566835E-02,2.727508E+02,3.516462E+02,1.407714E-02,3.445792E-02,3.762109E+02,3.664874E+02,1.941613E-02,3.591308E-02,5.194267E+02,6.977195E+02,2.680777E-02,6.837126E-02,5.883540E+02,7.940294E+02,3.036372E-02,7.780983E-02
11:50:00,5.383061E+02,9.634126E+02,2.778222E-02,9.440611E-02,2.712108E+02,3.514344E+02,1.399765E-02,3.443716E-02,3.747152E+02,3.680163E+02,1.933893E-02,3.606290E-02,5.171881E+02,7.040551E+02,2.669223E-02,6.899207E-02,5.866547E+02,7.880418E+02,3.027602E-02,7.722306E-02
12:00:00,5.359780E+02,9.517992E+02,2.766206E-02,9.326810E-02,2.697375E+02,3.511395E+02,1.392161E-02,3.440826E-02,3.732839E+02,3.697548E+02,1.926507E-02,3.623325E-02,5.150385E+02,7.102469E+02,2.658129E-02,6.959878E-02,5.850252E+02,7.825668E+02,3.019192E-02,7.668654E-02
12:10:00,5.337378E+02,9.418365E+02,2.754644E-02,9.229187E-02,2.683253E+02,3.507950E+02,1.384872E-02,3.437450E-02,3.719117E+02,3.721203E+02,1.919425E-02,3.646505E-02,5.129713E+02,7.169871E+02,2.647460E-02,7.025924E-02,5.834603E+02,7.778763E+02,3.011116E-02,7.622692E-02
12:20:00,5.315796E+02,9.336818E+02,2.743505E-02,9.149282E-02,2.669694E+02,3.504355E+02,1.377874E-02,3.433926E-02,3.705940E+02,3.754754E+02,1.912624E-02,3.679383E-02,5.109807E+02,7.248989E+02,2.637186E-02,7.103453E-02,5.819553E+02,7.740781E+02,3.003349E-02,7.585474E-02
12:30:00,5.294980E+02,9.272765E+02,2.732762E-02,9.086521E-02,2.656655E+02,3.500982E+02,1.371144E-02,3.430621E-02,3.693268E+02,3.801368E+02,1.906084E-02,3.725062E-02,5.090616E+02,7.345213E+02,2.627281E-02,7.197744E-02,5.805062E+02,7.711385E+02,2.995870E-02,7.556670E-02
12:40:00,5.274883E+02,9.223208E+02,2.722390E-02,9.037964E-02,2.644100E+02,3.498169E+02,1.364664E-02,3.427865E-02,3.681067E+02,3.863736E+02,1.899786E-02,3.786181E-02,5.072095E+02,7.463025E+02,2.617722E-02,7.313192E-02,5.791096E+02,7.688679E+02,2.988662E-02,7.534422E-02
12:50:00,5.255463E+02,9.182525E+02,2.712367E-02,8.998102E-02,2.631996E+02,3.496186E+02,1.358418E-02,3.425922E-02,3.669306E+02,3.944091E+02,1.893716E-02,3.864925E-02,5.054207E+02,7.606098E+02,2.608490E-02,7.453395E-02,5.777624E+02,7.669080E+02,2.981709E-02,7.515218E-02
13:00:00,5.236684E+02,9.143410E+02,2.702675E-02,8.959776E-02,2.620317E+02,3.495197E+02,1.352390E-02,3.424952E-02,3.657958E+02,4.041293E+02,1.887860E-02,3.960179E-02,5.036915E+02,7.772163E+02,2.599565E-02,7.616128E-02,5.764618E+02,7.647887E+02,2.974997E-02,7.494452E-02
13:10:00,5.218513E+02,9.103589E+02,2.693296E-02,8.920757E-02,2.609038E+02,3.495420E+02,1.346568E-02,3.425172E-02,3.647001E+02,4.152741E+02,1.882205E-02,4.069393E-02,5.020189E+02,7.956371E+02,2.590933E-02,7.796641E-02,5.752053E+02,7.623210E+02,2.968512E-02,7.470270E-02
13:20:00,5.200920E+02,9.061340E+02,2.684216E-02,8.879357E-02,2.598135E+02,3.496864E+02,1.340941E-02,3.426586E-02,3.636412E+02,4.275759E+02,1.876740E-02,4.189943E-02,5.004000E+02,8.153731E+02,2.582578E-02,7.990039E-02,5.739907E+02,7.593103E+02,2.962244E-02,7.440768E-02
13:30:00,5.183876E+02,9.015591E+02,2.675420E-02,8.834528E-02,2.587590E+02,3.499410E+02,1.335498E-02,3.429082E-02,3.626173E+02,4.407660E+02,1.871455E-02,4.319197E-02,4.988323E+02,8.359273E+02,2.574486E-02,8.191454E-02,5.728161E+02,7.555920E+02,2.956182E-02,7.404330E-02
13:40:00,5.167359E+02,8.965395E+02,2.666895E-02,8.785340E-02,2.577385E+02,3.502868E+02,1.330231E-02,3.432471E-02,3.616266E+02,4.545852E+02,1.866343E-02,4.454615E-02,4.973134E+02,8.568326E+02,2.566647E-02,8.396308E-02,5.716794E+02,7.510308E+02,2.950316E-02,7.359632E-02
13:50:00,5.151343E+02,8.909990E+02,2.658629E-02,8.731047E-02,2.567503E+02,3.507000E+02,1.325131E-02,3.436520E-02,3.606676E+02,4.687862E+02,1.861393E-02,4.593773E-02,4.958412E+02,8.776494E+02,2.559049E-02,8.600293E-02,5.705791E+02,7.455332E+02,2.944637E-02,7.305758E-02
14:00:00,5.135809E+02,8.848735E+02,2.650612E-02,8.671022E-02,2.557929E+02,3.511545E+02,1.320190E-02,3.440973E-02,3.597388E+02,4.831512E+02,1.856600E-02,4.734537E-02,4.944136E+02,8.980059E+02,2.551681E-02,8.799766E-02,5.695135E+02,7.390285E+02,2.939137E-02,7.242015E-02
14:10:00,5.120735E+02,8.781416E+02,2.642832E-02,8.605055E-02,2.548650E+02,3.515903E+02,1.315401E-02,3.445244E-02,3.588389E+02,4.974587E+02,1.851955E-02,4.874736E-02,4.930289E+02,9.175783E+02,2.544535E-02,8.991553E-02,5.684811E+02,7.314496E+02,2.933809E-02,7.167745E-02
14:20:00,5.106105E+02,8.706580E+02,2.635281E-02,8.531721E-02,2.539653E+02,3.518570E+02,1.310757E-02,3.447857E-02,3.579667E+02,5.115926E+02,1.847453E-02,5.013235E-02,4.916853E+02,9.364093E+02,2.537600E-02,9.176076E-02,5.674806E+02,7.226268E+02,2.928646E-02,7.081286E-02
14:30:00,5.091901E+02,8.624660E+02,2.627950E-02,8.451446E-02,2.530926E+02,3.519773E+02,1.306253E-02,3.449036E-02,3.571209E+02,5.253949E+02,1.843088E-02,5.148482E-02,4.903812E+02,9.541618E+02,2.530869E-02,9.350029E-02,5.665108E+02,7.127618E+02,2.923641E-02,6.984613E-02
14:40:00,5.078105E+02,8.535882E+02,2.620830E-02,8.364451E-02,2.522459E+02,3.519382E+02,1.301883E-02,3.448652E-02,3.563006E+02,5.387464E+02,1.838854E-02,5.279312E-02,4.891150E+02,9.706440E+02,2.524334E-02,9.511534E-02,5.655703E+02,7.020153E+02,2.918787E-02,6.879303E-02
14:50:00,5.064704E+02,8.440467E+02,2.613914E-02,8.270951E-02,2.514241E+02,3.517244E+02,1.297641E-02,3.446557E-02,3.555047E+02,5.515594E+02,1.834747E-02,5.404864E-02,4.878853E+02,9.857551E+02,2.517988E-02,9.659603E-02,5.646581E+02,6.905315E+02,2.914079E-02,6.766769E-02
15:00:00,5.051683E+02,8.338789E+02,2.607193E-02,8.171316E-02,2.506263E+02,3.513205E+02,1.293524E-02,3.442599E-02,3.547322E+02,5.637508E+02,1.830760E-02,5.524325E-02,4.866909E+02,9.994211E+02,2.511823E-02,9.793512E-02,5.637730E+02,6.784721E+02,2.909512E-02,6.648595E-02
15:10:00,5.039027E+02,8.231023E+02,2.600662E-02,8.065714E-02,2.498515E+02,3.507178E+02,1.289525E-02,3.436693E-02,3.539824E+02,5.752381E+02,1.826890E-02,5.636886E-02,4.855303E+02,1.011589E+03,2.505834E-02,9.912741E-02,5.629142E+02,6.660350E+02,2.905079E-02,6.526719E-02
15:20:00,5.026725E+02,8.119353E+02,2.594312E-02,7.956287E-02,2.490989E+02,3.500226E+02,1.285640E-02,3.429880E-02,3.532543E+02,5.859026E+02,1.823132E-02,5.741386E-02,4.844025E+02,1.021959E+03,2.500013E-02,1.001435E-01,5.620806E+02,6.536455E+02,2.900777E-02,6.405310E-02
15:30:00,5.014764E+02,8.004069E+02,2.588139E-02,7.843318E-02,2.483677E+02,3.491758E+02,1.281867E-02,3.421582E-02,3.525472E+02,5.956997E+02,1.819483E-02,5.837384E-02,4.833061E+02,1.030685E+03,2.494355E-02,1.009985E-01,5.612712E+02,6.413811E+02,2.896600E-02,6.285128E-02
15:40:00,5.003132E+02,7.886138E+02,2.582136E-02,7.727756E-02,2.476571E+02,3.481608E+02,1.278199E-02,3.411635E-02,3.518602E+02,6.045672E+02,1.815938E-02,5.924274E-02,4.822403E+02,1.037869E+03,2.488854E-02,1.017024E-01,5.604853E+02,6.293794E+02,2.892544E-02,6.167521E-02
15:50:00,4.991817E+02,7.766917E+02,2.576296E-02,7.610931E-02,2.469665E+02,3.469695E+02,1.274635E-02,3.399962E-02,3.511928E+02,6.124435E+02,1.812493E-02,6.001450E-02,4.812039E+02,1.043567E+03,2.483505E-02,1.022608E-01,5.597220E+02,6.177780E+02,2.888605E-02,6.053837E-02
16:00:00,4.980810E+02,7.648017E+02,2.570615E-02,7.494420E-02,2.462951E+02,3.455996E+02,1.271169E-02,3.386538E-02,3.505442E+02,6.192642E+02,1.809145E-02,6.068283E-02,4.801959E+02,1.047867E+03,2.478302E-02,1.026820E-01,5.589805E+02,6.066768E+02,2.884778E-02,5.945054E-02
16:10:00,4.970101E+02,7.531574E+02,2.565088E-02,7.380317E-02,2.456422E+02,3.440468E+02,1.267800E-02,3.371322E-02,3.499137E+02,6.249941E+02,1.805892E-02,6.124427E-02,4.792154E+02,1.050897E+03,2.473242E-02,1.029789E-01,5.582601E+02,5.961382E+02,2.881060E-02,5.841785E-02
16:20:00,4.959679E+02,7.419741E+02,2.559709E-02,7.270731E-02,2.450073E+02,3.423931E+02,1.264523E-02,3.355117E-02,3.493009E+02,6.296621E+02,1.802729E-02,6.170166E-02,4.782614E+02,1.052776E+03,2.468318E-02,1.031630E-01,5.575601E+02,5.862738E+02,2.877447E-02,5.745124E-02
16:30:00,4.949535E+02,7.313532E+02,2.554473E-02,7.166658E-02,2.443897E+02,3.408002E+02,1.261335E-02,3.339508E-02,3.487049E+02,6.333691E+02,1.799653E-02,6.206488E-02,4.773332E+02,1.053526E+03,2.463528E-02,1.032364E-01,5.568797E+02,5.772211E+02,2.873936E-02,5.656415E-02
16:40:00,4.939660E+02,7.213127E+02,2.549377E-02,7.068271E-02,2.437888E+02,3.394102E+02,1.258234E-02,3.325888E-02,3.481254E+02,6.362033E+02,1.796662E-02,6.234258E-02,4.764299E+02,1.053047E+03,2.458865E-02,1.031895E-01,5.562184E+02,5.690487E+02,2.870522E-02,5.576334E-02
16:50:00,4.930046E+02,7.118165E+02,2.544415E-02,6.975219E-02,2.432043E+02,3.383455E+02,1.255217E-02,3.315455E-02,3.475617E+02,6.382216E+02,1.793753E-02,6.254032E-02,4.755506E+02,1.051211E+03,2.454328E-02,1.030096E-01,5.555754E+02,5.617821E+02,2.867204E-02,5.505129E-02
17:00:00,4.920685E+02,7.025478E+02,2.539584E-02,6.884396E-02,2.426354E+02,3.375711E+02,1.252281E-02,3.307867E-02,3.470134E+02,6.390551E+02,1.790923E-02,6.262197E-02,4.746947E+02,1.047270E+03,2.449910E-02,1.026233E-01,5.549502E+02,5.551004E+02,2.863978E-02,5.439656E-02
17:10:00,4.911569E+02,6.934717E+02,2.534879E-02,6.795460E-02,2.420817E+02,3.372277E+02,1.249423E-02,3.304503E-02,3.464799E+02,6.389483E+02,1.788169E-02,6.261148E-02,4.738614E+02,1.041322E+03,2.445609E-02,1.020405E-01,5.543422E+02,5.491374E+02,2.860840E-02,5.381226E-02
17:20:00,4.902690E+02,6.844318E+02,2.530296E-02,6.706878E-02,2.415427E+02,3.372848E+02,1.246641E-02,3.305063E-02,3.459608E+02,6.378722E+02,1.785490E-02,6.250601E-02,4.730500E+02,1.033214E+03,2.441421E-02,1.012460E-01,5.537509E+02,5.437969E+02,2.857788E-02,5.328895E-02
17:30:00,4.894041E+02,6.753380E+02,2.525833E-02,6.617768E-02,2.410180E+02,3.375939E+02,1.243933E-02,3.308093E-02,3.454556E+02,6.356424E+02,1.782883E-02,6.228749E-02,4.722598E+02,1.022790E+03,2.437343E-02,1.002244E-01,5.531757E+02,5.388564E+02,2.854820E-02,5.280484E-02
17:40:00,4.885615E+02,6.661307E+02,2.521484E-02,6.527545E-02,2.405071E+02,3.379895E+02,1.241296E-02,3.311971E-02,3.449640E+02,6.320398E+02,1.780346E-02,6.193444E-02,4.714902E+02,1.009938E+03,2.433371E-02,9.896503E-02,5.526162E+02,5.340832E+02,2.851932E-02,5.233712E-02
17:50:00,4.877406E+02,6.567825E+02,2.517247E-02,6.435941E-02,2.400096E+02,3.382920E+02,1.238729E-02,3.314936E-02,3.444853E+02,6.268377E+02,1.777875E-02,6.142466E-02,4.707405E+02,9.945745E+02,2.429502E-02,9.745950E-02,5.520717E+02,5.292383E+02,2.849122E-02,5.186237E-02
18:00:00,4.869407E+02,6.474827E+02,2.513119E-02,6.344812E-02,2.395251E+02,3.384379E+02,1.236228E-02,3.316366E-02,3.440194E+02,6.201845E+02,1.775471E-02,6.077269E-02,4.700102E+02,9.771607E+02,2.425733E-02,9.575307E-02,5.515419E+02,5.243849E+02,2.846388E-02,5.138677E-02
18:10:00,5.088735E+02,6.380997E+02,2.626315E-02,6.252867E-02,2.481500E+02,3.381436E+02,1.280742E-02,3.313482E-02,3.601191E+02,6.115684E+02,1.858561E-02,5.992836E-02,4.910404E+02,9.572769E+02,2.534270E-02,9.380461E-02,5.789939E+02,5.190768E+02,2.988061E-02,5.086661E-02
18:20:00,5.308390E+02,6.285534E+02,2.739671E-02,6.159323E-02,2.567925E+02,3.371793E+02,1.325345E-02,3.304031E-02,3.762389E+02,6.006520E+02,1.941747E-02,5.885863E-02,5.121006E+02,9.347346E+02,2.642953E-02,9.159565E-02,6.064719E+02,5.129708E+02,3.129853E-02,5.026827E-02
18:30:00,5.528452E+02,6.187165E+02,2.853214E-02,6.062930E-02,2.654553E+02,3.351065E+02,1.370047E-02,3.283720E-02,3.923861E+02,5.864902E+02,2.025052E-02,5.747087E-02,5.331994E+02,9.086545E+02,2.751813E-02,8.904001E-02,6.339929E+02,5.054762E+02,3.271808E-02,4.953384E-02
18:40:00,5.748914E+02,6.085848E+02,2.966936E-02,5.963648E-02,2.741382E+02,3.318676E+02,1.414843E-02,3.251980E-02,4.085592E+02,5.694067E+02,2.108464E-02,5.579680E-02,5.543357E+02,8.796788E+02,2.860836E-02,8.620062E-02,6.615515E+02,4.965420E+02,3.413893E-02,4.865832E-02
18:50:00,5.969700E+02,5.980828E+02,3.080803E-02,5.860738E-02,2.828385E+02,3.270085E+02,1.459723E-02,3.204364E-02,4.247524E+02,5.485054E+02,2.191961E-02,5.374863E-02,5.755021E+02,8.470298E+02,2.969994E-02,8.300128E-02,6.891364E+02,4.856335E+02,3.556076E-02,4.758933E-02
19:00:00,6.190757E+02,5.872203E+02,3.194799E-02,5.754295E-02,2.915548E+02,3.205992E+02,1.504681E-02,3.141556E-02,4.409620E+02,5.244631E+02,2.275536E-02,5.139265E-02,5.966937E+02,8.116897E+02,3.079270E-02,7.953824E-02,7.167415E+02,4.728812E+02,3.698350E-02,4.633965E-02
19:10:00,6.184929E+02,5.760716E+02,3.191695E-02,5.645046E-02,2.911889E+02,3.128634E+02,1.502762E-02,3.065750E-02,4.406330E+02,4.982799E+02,2.273753E-02,4.882689E-02,5.961658E+02,7.749186E+02,3.076448E-02,7.593497E-02,7.163969E+02,4.586627E+02,3.696381E-02,4.494629E-02
19:20:00,6.179191E+02,5.646998E+02,3.188643E-02,5.533612E-02,2.908312E+02,3.043037E+02,1.500887E-02,2.981871E-02,4.403094E+02,4.715797E+02,2.272006E-02,4.621048E-02,5.956463E+02,7.385450E+02,3.073676E-02,7.237067E-02,7.160566E+02,4.436565E+02,3.694452E-02,4.347574E-02
19:30:00,6.173442E+02,5.534964E+02,3.185608E-02,5.423828E-02,2.904778E+02,2.956406E+02,1.499041E-02,2.896979E-02,4.399826E+02,4.463987E+02,2.270265E-02,4.374296E-02,5.951250E+02,7.048629E+02,3.070918E-02,6.907014E-02,7.157020E+02,4.289828E+02,3.692508E-02,4.203779E-02
19:40:00,6.167673E+02,5.426374E+02,3.182591E-02,5.317420E-02,2.901280E+02,2.871388E+02,1.497221E-02,2.813670E-02,4.396532E+02,4.231870E+02,2.268537E-02,4.146845E-02,5.946014E+02,6.742171E+02,3.068177E-02,6.606717E-02,7.153371E+02,4.150127E+02,3.690575E-02,4.066880E-02
19:50:00,6.161943E+02,5.323211E+02,3.179614E-02,5.216331E-02,2.897832E+02,2.794532E+02,1.495433E-02,2.738359E-02,4.393258E+02,4.035044E+02,2.266837E-02,3.953977E-02,5.940811E+02,6.481953E+02,3.065474E-02,6.351733E-02,7.149718E+02,4.025450E+02,3.688678E-02,3.944706E-02
20:00:00,6.156291E+02,5.226711E+02,3.176689E-02,5.121770E-02,2.894442E+02,2.727354E+02,1.493679E-02,2.672532E-02,4.390031E+02,3.873298E+02,2.265169E-02,3.795486E-02,5.935680E+02,6.265770E+02,3.062820E-02,6.139903E-02,7.146110E+02,3.917275E+02,3.686817E-02,3.838704E-02
20:10:00,6.150736E+02,5.137815E+02,3.173819E-02,5.034662E-02,2.891114E+02,2.670397E+02,1.491959E-02,2.616723E-02,4.386860E+02,3.743592E+02,2.263532E-02,3.668394E-02,5.930637E+02,6.088582E+02,3.060215E-02,5.966284E-02,7.142561E+02,3.825606E+02,3.684987E-02,3.748879E-02
20:20:00,6.145287E+02,5.057160E+02,3.171005E-02,4.955629E-02,2.887850E+02,2.621335E+02,1.490273E-02,2.568650E-02,4.383749E+02,3.636069E+02,2.261926E-02,3.563038E-02,5.925690E+02,5.938617E+02,3.057660E-02,5.819342E-02,7.139075E+02,3.747059E+02,3.683187E-02,3.671912E-02
20:30:00,6.139946E+02,4.982691E+02,3.168248E-02,4.882658E-02,2.884651E+02,2.578040E+02,1.488622E-02,2.526227E-02,4.380699E+02,3.543458E+02,2.260352E-02,3.472294E-02,5.920840E+02,5.806950E+02,3.055157E-02,5.690328E-02,7.135654E+02,3.676963E+02,3.681421E-02,3.603228E-02
20:40:00,6.134715E+02,4.913398E+02,3.165548E-02,4.814759E-02,2.881518E+02,2.539412E+02,1.487004E-02,2.488378E-02,4.377712E+02,3.462044E+02,2.258810E-02,3.392521E-02,5.916091E+02,5.689030E+02,3.052706E-02,5.574783E-02,7.132300E+02,3.613164E+02,3.679690E-02,3.540712E-02
20:50:00,6.129596E+02,4.848568E+02,3.162906E-02,4.751234E-02,2.878451E+02,2.504668E+02,1.485422E-02,2.454335E-02,4.374788E+02,3.389432E+02,2.257301E-02,3.321371E-02,5.911443E+02,5.581940E+02,3.050306E-02,5.469850E-02,7.129018E+02,3.554403E+02,3.677997E-02,3.483133E-02
21:00:00,6.124588E+02,4.787601E+02,3.160322E-02,4.691493E-02,2.875451E+02,2.473171E+02,1.483873E-02,2.423472E-02,4.371928E+02,3.323859E+02,2.255825E-02,3.257118E-02,5.906896E+02,5.483553E+02,3.047960E-02,5.373443E-02,7.125808E+02,3.499772E+02,3.676340E-02,3.429600E-02
21:10:00,6.119691E+02,4.729785E+02,3.157795E-02,4.634840E-02,2.872518E+02,2.444312E+02,1.482359E-02,2.395194E-02,4.369133E+02,3.263839E+02,2.254383E-02,3.198306E-02,5.902450E+02,5.392063E+02,3.045666E-02,5.283794E-02,7.122670E+02,3.448341E+02,3.674722E-02,3.379202E-02
21:20:00,6.114904E+02,4.674682E+02,3.155324E-02,4.580845E-02,2.869650E+02,2.417652E+02,1.480879E-02,2.369072E-02,4.366400E+02,3.208324E+02,2.252973E-02,3.143908E-02,5.898104E+02,5.306224E+02,3.043423E-02,5.199682E-02,7.119605E+02,3.399556E+02,3.673140E-02,3.331397E-02
21:30:00,6.110226E+02,4.621923E+02,3.152910E-02,4.529147E-02,2.866847E+02,2.392826E+02,1.479432E-02,2.344746E-02,4.363731E+02,3.156496E+02,2.251596E-02,3.093123E-02,5.893857E+02,5.225068E+02,3.041232E-02,5.120158E-02,7.116611E+02,3.352981E+02,3.671595E-02,3.285758E-02
21:40:00,6.105655E+02,4.571205E+02,3.150551E-02,4.479449E-02,2.864108E+02,2.369535E+02,1.478019E-02,2.321924E-02,4.361124E+02,3.107711E+02,2.250250E-02,3.045320E-02,5.889708E+02,5.147837E+02,3.039090E-02,5.044480E-02,7.113688E+02,3.308273E+02,3.670087E-02,3.241948E-02
21:50:00,6.101188E+02,4.522273E+02,3.148246E-02,4.431501E-02,2.861432E+02,2.347531E+02,1.476638E-02,2.300363E-02,4.358577E+02,3.061462E+02,2.248936E-02,3.000001E-02,5.885654E+02,5.073938E+02,3.036999E-02,4.972067E-02,7.110834E+02,3.265158E+02,3.668615E-02,3.199699E-02
22:00:00,6.096825E+02,4.474920E+02,3.145995E-02,4.385100E-02,2.858818E+02,2.326613E+02,1.475289E-02,2.279866E-02,4.356090E+02,3.017349E+02,2.247653E-02,2.956775E-02,5.881695E+02,5.002904E+02,3.034956E-02,4.902462E-02,7.108049E+02,3.223416E+02,3.667178E-02,3.158796E-02
22:10:00,5.078863E+02,3.784355E+02,2.620721E-02,3.692985E-02,2.381256E+02,1.933636E+02,1.228844E-02,1.894070E-02,3.629036E+02,2.565874E+02,1.872508E-02,2.500032E-02,4.899757E+02,4.296047E+02,2.528275E-02,4.177451E-02,6.094983E+02,2.726179E+02,3.124963E-02,2.659589E-02
22:20:00,4.107141E+02,3.161026E+02,2.114157E-02,3.055512E-02,1.904144E+02,1.567742E+02,9.826308E-03,1.530298E-02,2.986733E+02,2.151469E+02,1.531476E-02,2.074511E-02,3.981227E+02,3.652976E+02,2.047199E-02,3.506109E-02,5.272624E+02,2.273125E+02,2.659455E-02,2.197047E-02
22:30:00,3.247592E+02,2.597201E+02,1.653189E-02,2.464744E-02,1.427473E+02,1.225070E+02,7.366453E-03,1.185269E-02,2.420207E+02,1.776308E+02,1.220966E-02,1.679926E-02,3.175364E+02,3.080127E+02,1.611965E-02,2.889858E-02,4.569221E+02,1.860963E+02,2.241877E-02,1.766730E-02
22:40:00,2.476574E+02,2.105096E+02,1.227624E-02,1.930515E-02,9.512316E+01,9.290017E+01,4.908817E-03,8.764590E-03,1.915742E+02,1.442573E+02,9.354190E-03,1.318466E-02,2.456541E+02,2.568750E+02,1.211422E-02,2.322875E-02,3.925801E+02,1.496636E+02,1.848214E-02,1.374438E-02
22:50:00,1.762184E+02,1.625696E+02,8.246846E-03,1.407659E-02,5.136824E+01,6.475145E+01,2.607943E-03,5.795486E-03,1.432111E+02,1.123993E+02,6.582890E-03,9.701335E-03,1.782143E+02,2.084732E+02,8.286393E-03,1.779335E-02,3.314674E+02,1.143611E+02,1.467571E-02,9.922546E-03
23:00:00,1.076800E+02,1.172644E+02,4.334692E-03,9.066610E-03,8.646373E+00,3.765064E+01,3.482860E-04,2.913730E-03,9.784994E+01,8.228921E+01,3.932551E-03,6.366710E-03,1.139967E+02,1.626176E+02,4.588643E-03,1.257703E-02,2.731799E+02,8.085661E+01,1.098282E-02,6.252964E-03
23:10:00,1.438742E+02,1.382239E+02,5.789136E-03,1.068158E-02,1.533318E+01,4.912685E+01,6.170276E-04,3.798968E-03,1.268702E+02,9.445144E+01,5.098615E-03,7.302982E-03,1.505284E+02,1.825923E+02,6.056616E-03,1.411543E-02,3.186324E+02,9.430500E+01,1.280706E-02,7.290428E-03
23:20:00,1.778353E+02,1.541794E+02,7.153367E-03,1.190003E-02,2.449379E+01,5.900679E+01,9.851825E-04,4.557533E-03,1.489655E+02,1.042596E+02,5.986278E-03,8.047724E-03,1.828699E+02,1.981573E+02,7.355698E-03,1.529506E-02,3.473410E+02,1.045704E+02,1.395824E-02,8.071732E-03
23:30:00,2.025200E+02,1.657121E+02,8.140424E-03,1.278595E-02,3.532399E+01,6.756725E+01,1.420423E-03,5.213392E-03,1.648668E+02,1.113397E+02,6.624764E-03,8.590933E-03,2.054435E+02,2.084374E+02,8.257297E-03,1.608279E-02,3.662204E+02,1.118382E+02,1.471368E-02,8.629665E-03
23:40:00,2.199710E+02,1.714374E+02,8.839311E-03,1.322789E-02,4.752491E+01,7.236969E+01,1.910738E-03,5.583724E-03,1.759480E+02,1.153404E+02,7.069758E-03,8.899787E-03,2.212999E+02,2.141145E+02,8.892519E-03,1.652107E-02,3.809298E+02,1.152930E+02,1.530395E-02,8.896450E-03
23:50:00,2.334571E+02,1.771178E+02,9.380942E-03,1.366634E-02,5.697830E+01,7.652657E+01,2.289835E-03,5.904498E-03,1.863358E+02,1.187750E+02,7.486888E-03,9.164931E-03,2.345475E+02,2.184382E+02,9.424552E-03,1.685488E-02,3.940337E+02,1.184852E+02,1.582979E-02,9.142929E-03
24:00:00,2.457872E+02,1.812706E+02,9.876209E-03,1.398692E-02,6.647048E+01,8.036859E+01,2.671245E-03,6.200989E-03,1.950054E+02,1.213144E+02,7.835085E-03,9.360984E-03,2.462900E+02,2.214625E+02,9.896213E-03,1.708838E-02,4.057608E+02,1.206599E+02,1.630077E-02,9.310878E-03
Peak,6.991580E+02,1.039971E+03,3.588187E-02,1.019085E-01,3.854820E+02,3.581803E+02,1.978189E-02,3.480616E-02,4.852310E+02,6.390551E+02,2.491374E-02,6.262197E-02,6.691949E+02,1.053526E+03,3.434842E-02,1.032364E-01,7.167415E+02,8.131349E+02,3.698350E-02,7.968223E-02

Peak Vol Flow (m3/s),,,2.981578E-02,8.468014E-02,,,1.643762E-02,2.892192E-02,,,2.070189E-02,5.203527E-02,,,2.854157E-02,8.578357E-02,,,3.073117E-02,6.621137E-02
