Time,ROOM_123547F1:BOSTON LOGAN INTL ARPT ANN HTG 99.6% CONDNS DB:Des Heat Load [W],ROOM_123547F1:BOSTON LOGAN INTL ARPT ANN CLG .4% CONDNS DB=>MWB:Des Sens Cool Load [W],ROOM_123547F1:BOSTON LOGAN INTL ARPT ANN HTG 99.6% CONDNS DB:Des Heat Mass Flow [kg/s],ROOM_123547F1:BOSTON LOGAN INTL ARPT ANN CLG .4% CONDNS DB=>MWB:Des Cool Mass Flow [kg/s],ROOM_14A32C2F:BOSTON LOGAN INTL ARPT ANN HTG 99.6% CONDNS DB:Des Heat Load [W],ROOM_14A32C2F:BOSTON LOGAN INTL ARPT ANN CLG .4% CONDNS DB=>MWB:Des Sens Cool Load [W],ROOM_14A32C2F:BOSTON LOGAN INTL ARPT ANN HTG 99.6% CONDNS DB:Des Heat Mass Flow [kg/s],ROOM_14A32C2F:BOSTON LOGAN INTL ARPT ANN CLG .4% CONDNS DB=>MWB:Des Cool Mass Flow [kg/s],ROOM_3B83C507:BOSTON LOGAN INTL ARPT ANN HTG 99.6% CONDNS DB:Des Heat Load [W],ROOM_3B83C507:BOSTON LOGAN INTL ARPT ANN CLG .4% CONDNS DB=>MWB:Des Sens Cool Load [W],ROOM_3B83C507:BOSTON LOGAN INTL ARPT ANN HTG 99.6% CONDNS DB:Des Heat Mass Flow [kg/s],ROOM_3B83C507:BOSTON LOGAN INTL ARPT ANN CLG .4% CONDNS DB=>MWB:Des Cool Mass Flow [kg/s],ROOM_50399FA2:BOSTON LOGAN INTL ARPT ANN HTG 99.6% CONDNS DB:Des Heat Load [W],ROOM_50399FA2:BOSTON LOGAN INTL ARPT ANN CLG .4% CONDNS DB=>MWB:Des Sens Cool Load [W],ROOM_50399FA2:BOSTON LOGAN INTL ARPT ANN HTG 99.6% CONDNS DB:Des Heat Mass Flow [kg/s],ROOM_50399FA2:BOSTON LOGAN INTL ARPT ANN CLG .4% CONDNS DB=>MWB:Des Cool Mass Flow [kg/s],ROOM_64455466:BOSTON LOGAN INTL ARPT ANN HUM_N 99.6% CONDNS DP=>MCDB:Des Heat Load [W],ROOM_64455466:BOSTON LOGAN INTL ARPT ANN CLG .4% CONDNS DB=>MWB:Des Sens Cool Load [W],ROOM_64455466:BOSTON LOGAN INTL ARPT ANN HUM_N 99.6% CONDNS DP=>MCDB:Des Heat Mass Flow [kg/s],ROOM_64455466:BOSTON LOGAN INTL ARPT ANN CLG .4% CONDNS DB=>MWB:Des Cool Mass Flow [kg/s],ROOM_7E27C7FA:BOSTON LOGAN INTL ARPT ANN HTG 99.6% CONDNS DB:Des Heat Load [W],ROOM_7E27C7FA:BOSTON LOGAN INTL ARPT ANN CLG .4% CONDNS DB=>MWB:Des Sens Cool Load [W],ROOM_7E27C7FA:BOSTON LOGAN INTL ARPT ANN HTG 99.6% CONDNS DB:Des Heat Mass Flow [kg/s],ROOM_7E27C7FA:BOSTON LOGAN INTL ARPT ANN CLG .4% CONDNS DB=>MWB:Des Cool Mass Flow [kg/s],ROOM_8223911F:BOSTON LOGAN INTL ARPT ANN HTG 99.6% CONDNS DB:Des Heat Load [W],ROOM_8223911F:BOSTON LOGAN INTL ARPT ANN CLG .4% CONDNS DB=>MWB:Des Sens Cool Load [W],ROOM_8223911F:BOSTON LOGAN INTL ARPT ANN HTG 99.6% CONDNS DB:Des Heat Mass Flow [kg/s],ROOM_8223911F:BOSTON LOGAN INTL ARPT ANN CLG .4% CONDNS DB=>MWB:Des Cool Mass Flow [kg/s],ROOM_85EBD173:BOSTON LOGAN INTL ARPT ANN HTG 99.6% CONDNS DB:Des Heat Load [W],ROOM_85EBD173:BOSTON LOGAN INTL ARPT ANN CLG .4% CONDNS DB=>MWB:Des Sens Cool Load [W],ROOM_85EBD173:BOSTON LOGAN INTL ARPT ANN HTG 99.6% CONDNS DB:Des Heat Mass Flow [kg/s],ROOM_85EBD173:BOSTON LOGAN INTL ARPT ANN CLG .4% CONDNS DB=>MWB:Des Cool Mass Flow [kg/s],ROOM_A37391F5:BOSTON LOGAN INTL ARPT ANN HTG 99.6% CONDNS DB:Des Heat Load [W],ROOM_A37391F5:BOSTON LOGAN INTL ARPT ANN CLG .4% CONDNS DB=>MWB:Des Sens Cool Load [W],ROOM_A37391F5:BOSTON LOGAN INTL ARPT ANN HTG 99.6% CONDNS DB:Des Heat Mass Flow [kg/s],ROOM_A37391F5:BOSTON LOGAN INTL ARPT ANN CLG .4% CONDNS DB=>MWB:Des Cool Mass Flow [kg/s],ROOM_B7DA1FB5:BOSTON LOGAN INTL ARPT ANN HTG 99.6% CONDNS DB:Des Heat Load [W],ROOM_B7DA1FB5:BOSTON LOGAN INTL ARPT ANN CLG .4% CONDNS DB=>MWB:Des Sens Cool Load [W],ROOM_B7DA1FB5:BOSTON LOGAN INTL ARPT ANN HTG 99.6% CONDNS DB:Des Heat Mass Flow [kg/s],ROOM_B7DA1FB5:BOSTON LOGAN INTL ARPT ANN CLG .4% CONDNS DB=>MWB:Des Cool Mass Flow [kg/s],ROOM_C8DF9F13:BOSTON LOGAN INTL ARPT ANN HTG 99.6% CONDNS DB:Des Heat Load [W],ROOM_C8DF9F13:BOSTON LOGAN INTL ARPT ANN CLG .4% CONDNS DB=>MWB:Des Sens Cool Load [W],ROOM_C8DF9F13:BOSTON LOGAN INTL ARPT ANN HTG 99.6% CONDNS DB:Des Heat Mass Flow [kg/s],ROOM_C8DF9F13:BOSTON LOGAN INTL ARPT ANN CLG .4% CONDNS DB=>MWB:Des Cool Mass Flow [kg/s],ROOM_E2453104:BOSTON LOGAN INTL ARPT ANN HTG 99.6% CONDNS DB:Des Heat Load [W],ROOM_E2453104:BOSTON LOGAN INTL ARPT ANN CLG .4% CONDNS DB=>MWB:Des Sens Cool Load [W],ROOM_E2453104:BOSTON LOGAN INTL ARPT ANN HTG 99.6% CONDNS DB:Des Heat Mass Flow [kg/s],ROOM_E2453104:BOSTON LOGAN INTL ARPT ANN CLG .4% CONDNS DB=>MWB:Des Cool Mass Flow [kg/s]
00:10:00,4.252136E+01,5.179806E+01,1.708840E-03,3.996611E-03,4.796369E+02,4.786079E+02,1.927423E-02,3.692904E-02,4.937473E+01,1.672324E+02,1.984331E-03,1.290307E-02,4.219975E+02,1.851212E+02,1.695389E-02,1.428547E-02,2.087509E+02,5.134995E+01,8.385310E-03,3.962669E-03,0.000000E+00,2.473628E+01,0.000000E+00,1.908386E-03,2.343420E+02,2.224492E+02,9.416457E-03,1.716451E-02,4.275687E+02,1.549620E+02,1.717713E-02,1.195825E-02,0.000000E+00,2.680765E+01,0.000000E+00,2.068347E-03,0.000000E+00,3.286960E+02,0.000000E+00,2.536013E-02,2.224092E+02,1.124679E+02,8.936568E-03,8.678245E-03,4.265560E+01,2.232881E+02,1.714763E-03,1.722803E-02
00:20:00,4.993877E+01,5.416299E+01,2.006891E-03,4.179113E-03,4.971740E+02,4.831285E+02,1.997858E-02,3.727799E-02,5.918342E+01,1.699679E+02,2.378495E-03,1.311416E-02,4.314115E+02,1.850341E+02,1.733171E-02,1.427878E-02,2.149579E+02,5.236224E+01,8.634452E-03,4.040804E-03,0.000000E+00,2.679941E+01,0.000000E+00,2.067554E-03,2.431018E+02,2.240236E+02,9.768221E-03,1.728605E-02,4.367662E+02,1.554240E+02,1.754624E-02,1.199394E-02,0.000000E+00,2.886612E+01,0.000000E+00,2.227182E-03,0.000000E+00,3.356182E+02,0.000000E+00,2.589423E-02,2.307860E+02,1.145502E+02,9.272953E-03,8.838968E-03,5.738377E+01,2.275911E+02,2.306668E-03,1.756007E-02
00:30:00,5.632148E+01,5.630678E+01,2.263352E-03,4.344548E-03,5.128964E+02,4.867051E+02,2.061014E-02,3.755404E-02,6.816553E+01,1.721617E+02,2.739436E-03,1.328344E-02,4.397125E+02,1.845027E+02,1.766517E-02,1.423778E-02,2.205178E+02,5.309990E+01,8.857795E-03,4.097734E-03,0.000000E+00,2.869824E+01,0.000000E+00,2.214045E-03,2.510389E+02,2.250289E+02,1.008704E-02,1.736363E-02,4.449495E+02,1.554334E+02,1.787499E-02,1.199466E-02,0.000000E+00,3.076372E+01,0.000000E+00,2.373603E-03,0.000000E+00,3.417011E+02,0.000000E+00,2.636357E-02,2.384737E+02,1.162257E+02,9.581780E-03,8.968284E-03,7.065234E+01,2.312226E+02,2.839464E-03,1.784030E-02
00:40:00,6.188925E+01,5.823759E+01,2.487058E-03,4.493544E-03,5.273229E+02,4.895130E+02,2.118967E-02,3.777073E-02,7.588061E+01,1.739000E+02,3.049448E-03,1.341756E-02,4.470999E+02,1.836168E+02,1.796199E-02,1.416940E-02,2.255158E+02,5.360076E+01,9.058599E-03,4.136382E-03,0.000000E+00,3.043882E+01,0.000000E+00,2.348327E-03,2.584215E+02,2.255695E+02,1.038361E-02,1.740534E-02,4.522932E+02,1.550760E+02,1.817006E-02,1.196707E-02,0.000000E+00,3.250041E+01,0.000000E+00,2.507605E-03,0.000000E+00,3.470746E+02,0.000000E+00,2.677815E-02,2.455527E+02,1.175549E+02,9.866179E-03,9.070862E-03,8.129596E+01,2.342929E+02,3.267182E-03,1.807720E-02
00:50:00,6.691072E+01,5.996792E+01,2.688807E-03,4.627067E-03,5.406305E+02,4.916905E+02,2.172427E-02,3.793875E-02,8.261167E+01,1.752551E+02,3.319910E-03,1.352211E-02,4.537033E+02,1.824494E+02,1.822732E-02,1.407929E-02,2.300208E+02,5.389896E+01,9.239602E-03,4.159388E-03,0.000000E+00,3.202479E+01,0.000000E+00,2.470679E-03,2.654355E+02,2.257306E+02,1.066539E-02,1.741777E-02,4.589150E+02,1.544227E+02,1.843613E-02,1.191664E-02,0.000000E+00,3.408272E+01,0.000000E+00,2.629694E-03,0.000000E+00,3.518453E+02,0.000000E+00,2.714621E-02,2.520513E+02,1.185896E+02,1.012727E-02,9.150707E-03,9.161972E+01,2.368932E+02,3.682042E-03,1.827782E-02
01:00:00,7.147446E+01,6.151283E+01,2.872164E-03,4.746277E-03,5.531489E+02,4.933492E+02,2.222718E-02,3.806673E-02,8.871889E+01,1.762888E+02,3.565301E-03,1.360185E-02,4.596439E+02,1.810598E+02,1.846602E-02,1.397204E-02,2.340681E+02,5.402504E+01,9.402224E-03,4.169110E-03,0.000000E+00,3.346559E+01,0.000000E+00,2.581831E-03,2.722073E+02,2.255828E+02,1.093747E-02,1.740634E-02,4.649245E+02,1.535319E+02,1.867760E-02,1.184788E-02,0.000000E+00,3.552350E+01,0.000000E+00,2.740860E-03,0.000000E+00,3.561026E+02,0.000000E+00,2.747465E-02,2.579710E+02,1.193745E+02,1.036511E-02,9.211269E-03,1.004968E+02,2.390998E+02,4.038754E-03,1.844807E-02
01:10:00,7.565759E+01,6.299743E+01,3.040228E-03,4.860830E-03,5.651577E+02,4.952440E+02,2.270964E-02,3.821290E-02,9.439907E+01,1.772459E+02,3.793531E-03,1.367568E-02,4.650267E+02,1.796742E+02,1.868231E-02,1.386508E-02,2.377214E+02,5.407095E+01,9.549019E-03,4.172644E-03,0.000000E+00,3.481957E+01,0.000000E+00,2.686284E-03,2.787065E+02,2.254174E+02,1.119862E-02,1.739355E-02,4.704183E+02,1.526180E+02,1.889835E-02,1.177734E-02,0.000000E+00,3.687627E+01,0.000000E+00,2.845232E-03,0.000000E+00,3.604491E+02,0.000000E+00,2.780997E-02,2.633879E+02,1.201139E+02,1.058275E-02,9.268317E-03,1.084343E+02,2.412896E+02,4.357703E-03,1.861700E-02
01:20:00,7.951662E+01,6.433914E+01,3.195270E-03,4.964355E-03,5.767395E+02,4.968404E+02,2.317497E-02,3.833604E-02,9.965801E+01,1.779920E+02,4.004835E-03,1.373322E-02,4.699306E+02,1.781801E+02,1.887936E-02,1.374977E-02,2.410257E+02,5.400775E+01,9.681789E-03,4.167759E-03,0.000000E+00,3.605675E+01,0.000000E+00,2.781725E-03,2.848074E+02,2.250725E+02,1.144376E-02,1.736692E-02,4.754660E+02,1.515810E+02,1.910118E-02,1.169729E-02,3.079873E-01,3.810426E+01,1.241380E-05,2.939975E-03,5.010755E+00,3.644510E+02,2.014005E-04,2.811870E-02,2.683407E+02,1.206927E+02,1.078175E-02,9.312970E-03,1.156146E+02,2.432244E+02,4.646217E-03,1.876626E-02
01:30:00,8.310548E+01,6.554994E+01,3.339459E-03,5.057777E-03,5.878014E+02,4.981913E+02,2.361943E-02,3.844025E-02,1.045225E+02,1.785623E+02,4.200288E-03,1.377721E-02,4.744260E+02,1.766099E+02,1.905999E-02,1.362858E-02,2.440225E+02,5.385620E+01,9.802199E-03,4.156057E-03,0.000000E+00,3.718825E+01,0.000000E+00,2.869014E-03,2.905296E+02,2.245867E+02,1.167368E-02,1.732941E-02,4.801309E+02,1.504538E+02,1.928862E-02,1.161029E-02,1.352098E+00,3.921763E+01,5.437775E-05,3.025873E-03,9.938665E+00,3.681511E+02,3.994566E-04,2.840414E-02,2.728751E+02,1.211379E+02,1.096394E-02,9.347311E-03,1.221757E+02,2.449442E+02,4.909848E-03,1.889893E-02
01:40:00,8.646882E+01,6.664671E+01,3.474590E-03,5.142400E-03,5.983445E+02,4.993438E+02,2.404304E-02,3.852915E-02,1.090610E+02,1.789876E+02,4.382644E-03,1.381001E-02,4.785963E+02,1.749894E+02,1.922756E-02,1.350352E-02,2.467489E+02,5.363407E+01,9.911743E-03,4.138910E-03,0.000000E+00,3.821819E+01,0.000000E+00,2.948467E-03,2.958912E+02,2.239915E+02,1.188911E-02,1.728347E-02,4.844917E+02,1.492633E+02,1.946383E-02,1.151840E-02,2.807475E+00,4.022904E+01,1.128692E-04,3.103904E-03,1.723135E+01,3.715924E+02,6.925544E-04,2.866961E-02,2.770482E+02,1.214729E+02,1.113161E-02,9.373155E-03,1.282447E+02,2.464852E+02,5.153702E-03,1.901781E-02
01:50:00,8.955329E+01,6.764286E+01,3.598516E-03,5.219258E-03,6.084870E+02,5.003382E+02,2.445056E-02,3.860586E-02,1.132806E+02,1.792940E+02,4.552190E-03,1.383364E-02,4.824683E+02,1.733394E+02,1.938314E-02,1.337618E-02,2.492383E+02,5.335664E+01,1.001177E-02,4.117496E-03,0.000000E+00,3.915763E+01,0.000000E+00,3.020939E-03,3.009124E+02,2.233133E+02,1.209087E-02,1.723113E-02,4.885668E+02,1.480311E+02,1.962757E-02,1.142331E-02,4.802405E+00,4.114936E+01,1.930439E-04,3.174906E-03,2.618829E+01,3.748127E+02,1.052537E-03,2.891805E-02,2.809100E+02,1.217181E+02,1.128677E-02,9.392069E-03,1.339113E+02,2.478779E+02,5.381390E-03,1.912525E-02
02:00:00,9.240164E+01,6.855077E+01,3.712953E-03,5.289307E-03,6.182229E+02,5.012071E+02,2.484174E-02,3.867289E-02,1.172659E+02,1.795031E+02,4.712316E-03,1.384976E-02,4.860815E+02,1.716770E+02,1.952832E-02,1.324788E-02,2.515338E+02,5.303697E+01,1.010399E-02,4.092823E-03,0.000000E+00,4.001638E+01,0.000000E+00,3.087187E-03,3.056063E+02,2.225737E+02,1.227947E-02,1.717405E-02,4.923889E+02,1.467754E+02,1.978114E-02,1.132639E-02,7.230582E+00,4.198990E+01,2.906284E-04,3.239753E-03,3.667762E+01,3.778434E+02,1.474103E-03,2.915185E-02,2.845228E+02,1.218906E+02,1.143194E-02,9.405373E-03,1.392526E+02,2.491473E+02,5.596004E-03,1.922317E-02
02:10:00,9.508415E+01,6.937639E+01,3.820730E-03,5.353007E-03,6.275611E+02,5.019375E+02,2.521695E-02,3.872923E-02,1.210551E+02,1.796254E+02,4.864572E-03,1.385919E-02,4.894703E+02,1.699955E+02,1.966448E-02,1.311812E-02,2.536482E+02,5.267541E+01,1.018894E-02,4.064918E-03,0.000000E+00,4.080345E+01,0.000000E+00,3.147904E-03,3.099620E+02,2.217746E+02,1.245448E-02,1.711238E-02,4.959855E+02,1.454897E+02,1.992565E-02,1.122718E-02,1.004331E+01,4.275825E+01,4.036655E-04,3.299030E-03,4.859971E+01,3.807003E+02,1.953249E-03,2.937225E-02,2.879175E+02,1.219920E+02,1.156834E-02,9.413192E-03,1.443609E+02,2.503011E+02,5.801261E-03,1.931219E-02
02:20:00,9.761743E+01,7.012725E+01,3.922516E-03,5.410938E-03,6.364916E+02,5.025513E+02,2.557578E-02,3.877658E-02,1.246890E+02,1.796757E+02,5.010588E-03,1.386307E-02,4.926634E+02,1.683053E+02,1.979278E-02,1.298768E-02,2.556030E+02,5.228092E+01,1.026748E-02,4.034472E-03,0.000000E+00,4.152692E+01,0.000000E+00,3.203716E-03,3.140392E+02,2.209299E+02,1.261829E-02,1.704720E-02,4.993794E+02,1.441853E+02,2.006201E-02,1.112651E-02,1.289156E+01,4.346203E+01,5.180915E-04,3.353326E-03,5.685269E+01,3.834004E+02,2.284912E-03,2.958055E-02,2.911512E+02,1.220340E+02,1.169828E-02,9.416425E-03,1.492072E+02,2.513564E+02,5.995990E-03,1.939361E-02
02:30:00,1.000198E+02,7.081592E+01,4.019043E-03,5.464070E-03,6.450136E+02,5.030763E+02,2.591819E-02,3.881707E-02,1.282123E+02,1.796667E+02,5.152169E-03,1.386237E-02,4.956855E+02,1.666136E+02,1.991420E-02,1.285714E-02,2.574183E+02,5.186103E+01,1.034042E-02,4.002068E-03,0.000000E+00,4.219526E+01,0.000000E+00,3.255276E-03,3.178641E+02,2.200506E+02,1.277197E-02,1.697935E-02,5.025901E+02,1.428704E+02,2.019101E-02,1.102503E-02,1.530766E+01,4.411089E+01,6.151813E-04,3.403384E-03,6.644867E+01,3.859679E+02,2.670561E-03,2.977863E-02,2.942551E+02,1.220267E+02,1.182301E-02,9.415857E-03,1.537487E+02,2.523297E+02,6.178473E-03,1.946869E-02
02:40:00,1.023581E+02,7.144784E+01,4.112999E-03,5.512824E-03,6.530446E+02,5.035210E+02,2.624088E-02,3.885138E-02,1.316552E+02,1.796084E+02,5.290518E-03,1.385786E-02,4.985563E+02,1.649274E+02,2.002955E-02,1.272700E-02,2.591107E+02,5.142230E+01,1.040841E-02,3.968209E-03,0.000000E+00,4.281475E+01,0.000000E+00,3.303067E-03,3.214744E+02,2.191462E+02,1.291703E-02,1.690956E-02,5.056337E+02,1.415523E+02,2.031330E-02,1.092331E-02,1.758184E+01,4.471058E+01,7.065660E-04,3.449650E-03,7.486523E+01,3.884177E+02,3.008802E-03,2.996762E-02,2.972254E+02,1.219783E+02,1.194238E-02,9.412119E-03,1.580490E+02,2.532320E+02,6.351259E-03,1.953830E-02
02:50:00,1.046813E+02,7.202998E+01,4.206354E-03,5.557738E-03,6.606914E+02,5.039013E+02,2.654810E-02,3.888072E-02,1.350775E+02,1.795090E+02,5.428043E-03,1.385019E-02,5.012923E+02,1.632524E+02,2.013947E-02,1.259775E-02,2.606947E+02,5.097003E+01,1.047205E-02,3.933306E-03,0.000000E+00,4.339060E+01,0.000000E+00,3.347491E-03,3.249030E+02,2.182244E+02,1.305479E-02,1.683843E-02,5.085249E+02,1.402376E+02,2.042946E-02,1.082185E-02,1.956193E+01,4.526732E+01,7.861298E-04,3.492601E-03,8.273039E+01,3.907607E+02,3.324881E-03,3.014838E-02,3.000738E+02,1.218957E+02,1.205684E-02,9.405741E-03,1.622167E+02,2.540725E+02,6.518721E-03,1.960314E-02
03:00:00,1.069881E+02,7.256825E+01,4.299059E-03,5.599266E-03,6.679818E+02,5.042223E+02,2.684102E-02,3.890548E-02,1.383817E+02,1.793755E+02,5.560831E-03,1.383989E-02,5.039071E+02,1.615936E+02,2.024454E-02,1.246973E-02,2.621822E+02,5.050927E+01,1.053181E-02,3.897748E-03,0.000000E+00,4.392750E+01,0.000000E+00,3.388910E-03,3.281864E+02,2.172918E+02,1.318672E-02,1.676647E-02,5.112774E+02,1.389314E+02,2.054006E-02,1.072105E-02,2.132688E+01,4.578527E+01,8.570475E-04,3.532560E-03,9.011129E+01,3.930070E+02,3.621495E-03,3.032168E-02,3.028099E+02,1.217847E+02,1.216679E-02,9.397176E-03,1.662784E+02,2.548586E+02,6.681930E-03,1.966379E-02
03:10:00,1.092421E+02,7.306309E+01,4.389637E-03,5.637445E-03,6.749756E+02,5.044681E+02,2.712203E-02,3.892445E-02,1.415692E+02,1.792064E+02,5.688923E-03,1.382684E-02,5.064124E+02,1.599348E+02,2.034519E-02,1.234172E-02,2.635836E+02,5.003302E+01,1.058812E-02,3.860995E-03,0.000000E+00,4.442958E+01,0.000000E+00,3.427645E-03,3.313996E+02,2.163380E+02,1.331584E-02,1.669287E-02,5.139040E+02,1.376175E+02,2.064558E-02,1.061965E-02,2.293426E+01,4.626737E+01,9.216325E-04,3.569754E-03,9.707503E+01,3.951567E+02,3.901341E-03,3.048753E-02,3.054429E+02,1.216379E+02,1.227259E-02,9.385844E-03,1.702737E+02,2.555880E+02,6.842477E-03,1.972006E-02
03:20:00,1.114589E+02,7.351833E+01,4.478725E-03,5.672567E-03,6.817274E+02,5.046405E+02,2.739332E-02,3.893774E-02,1.446370E+02,1.790064E+02,5.812203E-03,1.381141E-02,5.088180E+02,1.582782E+02,2.044185E-02,1.221388E-02,2.649078E+02,4.954306E+01,1.064132E-02,3.823183E-03,0.000000E+00,4.490048E+01,0.000000E+00,3.463973E-03,3.345083E+02,2.153671E+02,1.344077E-02,1.661795E-02,5.164158E+02,1.362984E+02,2.074651E-02,1.051785E-02,2.441040E+01,4.671721E+01,9.809443E-04,3.604458E-03,1.036616E+02,3.972159E+02,4.166027E-03,3.064639E-02,3.079807E+02,1.214590E+02,1.237457E-02,9.372037E-03,1.742407E+02,2.562654E+02,7.001891E-03,1.977233E-02
03:30:00,1.136523E+02,7.393722E+01,4.566871E-03,5.704886E-03,6.883048E+02,5.047399E+02,2.765761E-02,3.894540E-02,1.475893E+02,1.787792E+02,5.930843E-03,1.379388E-02,5.111322E+02,1.566256E+02,2.053483E-02,1.208635E-02,2.661622E+02,4.904076E+01,1.069171E-02,3.784418E-03,0.000000E+00,4.534332E+01,0.000000E+00,3.498136E-03,3.375270E+02,2.143819E+02,1.356208E-02,1.654194E-02,5.188231E+02,1.349762E+02,2.084322E-02,1.041581E-02,2.578220E+01,4.713786E+01,1.036064E-03,3.636912E-03,1.098977E+02,3.991897E+02,4.416627E-03,3.079867E-02,3.104301E+02,1.212511E+02,1.247300E-02,9.356000E-03,1.782468E+02,2.568942E+02,7.162877E-03,1.982084E-02
03:40:00,1.157872E+02,7.432284E+01,4.652664E-03,5.734637E-03,6.948583E+02,5.047768E+02,2.792095E-02,3.894825E-02,1.504303E+02,1.785281E+02,6.045014E-03,1.377451E-02,5.133622E+02,1.549784E+02,2.062442E-02,1.195924E-02,2.673535E+02,4.852747E+01,1.073957E-02,3.744803E-03,0.000000E+00,4.576080E+01,0.000000E+00,3.530344E-03,3.404557E+02,2.133853E+02,1.367977E-02,1.646503E-02,5.211346E+02,1.336526E+02,2.093609E-02,1.031367E-02,2.706884E+01,4.753208E+01,1.087763E-03,3.667325E-03,1.158145E+02,4.010830E+02,4.654393E-03,3.094474E-02,3.127974E+02,1.210172E+02,1.256812E-02,9.337947E-03,1.822387E+02,2.574777E+02,7.323298E-03,1.986586E-02
03:50:00,1.178618E+02,7.467793E+01,4.736036E-03,5.762033E-03,7.013244E+02,5.047500E+02,2.818081E-02,3.894618E-02,1.531648E+02,1.782559E+02,6.154902E-03,1.375350E-02,5.155140E+02,1.533380E+02,2.071088E-02,1.183264E-02,2.684874E+02,4.800412E+01,1.078513E-02,3.704412E-03,0.000000E+00,4.615528E+01,0.000000E+00,3.560777E-03,3.432993E+02,2.123794E+02,1.379404E-02,1.638741E-02,5.233582E+02,1.323292E+02,2.102543E-02,1.021154E-02,2.826838E+01,4.790224E+01,1.135962E-03,3.695883E-03,1.214532E+02,4.029001E+02,4.880983E-03,3.108493E-02,3.150877E+02,1.207596E+02,1.266016E-02,9.318065E-03,1.861369E+02,2.580189E+02,7.479955E-03,1.990761E-02
04:00:00,1.198727E+02,7.500492E+01,4.816846E-03,5.787260E-03,7.076999E+02,5.046683E+02,2.843702E-02,3.893987E-02,1.557973E+02,1.779648E+02,6.260689E-03,1.373104E-02,5.175929E+02,1.517054E+02,2.079440E-02,1.170665E-02,2.695689E+02,4.747092E+01,1.082858E-02,3.663260E-03,0.000000E+00,4.652879E+01,0.000000E+00,3.589591E-03,3.460616E+02,2.113660E+02,1.390504E-02,1.630922E-02,5.255008E+02,1.310072E+02,2.111151E-02,1.010952E-02,2.942818E+01,4.825043E+01,1.182565E-03,3.722746E-03,1.268804E+02,4.046448E+02,5.099073E-03,3.121953E-02,3.173058E+02,1.204804E+02,1.274929E-02,9.296520E-03,1.899472E+02,2.585202E+02,7.633074E-03,1.994629E-02
04:10:00,1.218189E+02,7.531208E+01,4.895055E-03,5.810959E-03,7.139724E+02,5.045611E+02,2.868908E-02,3.893160E-02,1.583317E+02,1.776637E+02,6.362536E-03,1.370781E-02,5.196035E+02,1.501009E+02,2.087518E-02,1.158284E-02,2.706026E+02,4.693900E+01,1.087011E-02,3.622205E-03,0.000000E+00,4.688309E+01,0.000000E+00,3.616925E-03,3.487463E+02,2.103617E+02,1.401293E-02,1.623172E-02,5.275682E+02,1.297077E+02,2.119458E-02,1.000924E-02,3.053276E+01,4.858055E+01,1.226950E-03,3.748215E-03,1.321006E+02,4.063318E+02,5.308845E-03,3.134969E-02,3.194559E+02,1.201925E+02,1.283568E-02,9.274309E-03,1.936629E+02,2.589954E+02,7.782394E-03,1.998295E-02
04:20:00,1.237001E+02,7.560165E+01,4.970649E-03,5.833300E-03,7.201400E+02,5.044359E+02,2.893693E-02,3.892193E-02,1.607713E+02,1.773544E+02,6.460577E-03,1.368395E-02,5.215499E+02,1.485263E+02,2.095338E-02,1.146132E-02,2.715924E+02,4.640980E+01,1.090987E-02,3.581362E-03,0.000000E+00,4.721977E+01,0.000000E+00,3.642899E-03,3.513572E+02,2.093671E+02,1.411784E-02,1.615498E-02,5.295658E+02,1.284313E+02,2.127484E-02,9.910739E-03,3.159354E+01,4.889433E+01,1.269577E-03,3.772424E-03,1.371299E+02,4.079648E+02,5.510947E-03,3.147567E-02,3.215417E+02,1.198982E+02,1.291950E-02,9.251593E-03,1.972829E+02,2.594469E+02,7.927866E-03,2.001779E-02
04:30:00,1.255163E+02,7.587546E+01,5.043633E-03,5.854425E-03,7.262013E+02,5.042951E+02,2.918051E-02,3.891107E-02,1.631189E+02,1.770394E+02,6.554916E-03,1.365964E-02,5.234355E+02,1.469830E+02,2.102915E-02,1.134222E-02,2.725416E+02,4.588569E+01,1.094800E-02,3.540911E-03,0.000000E+00,4.754024E+01,0.000000E+00,3.667623E-03,3.538976E+02,2.083851E+02,1.421993E-02,1.607921E-02,5.314982E+02,1.271784E+02,2.135247E-02,9.814051E-03,3.261583E+01,4.919325E+01,1.310658E-03,3.795486E-03,1.420168E+02,4.095468E+02,5.707325E-03,3.159772E-02,3.235666E+02,1.196000E+02,1.300086E-02,9.228585E-03,2.008059E+02,2.598769E+02,8.069440E-03,2.005096E-02
04:40:00,1.272679E+02,7.646440E+01,5.114023E-03,5.899865E-03,7.321560E+02,5.064617E+02,2.941980E-02,3.907824E-02,1.653760E+02,1.768918E+02,6.645618E-03,1.364825E-02,5.252637E+02,1.464909E+02,2.110260E-02,1.130425E-02,2.734535E+02,4.593692E+01,1.098464E-02,3.544858E-03,0.000000E+00,4.784930E+01,0.000000E+00,3.691466E-03,3.563707E+02,2.077987E+02,1.431930E-02,1.603396E-02,5.333694E+02,1.266986E+02,2.142765E-02,9.777019E-03,3.360962E+01,4.959193E+01,1.350593E-03,3.826245E-03,1.467851E+02,4.118123E+02,5.898935E-03,3.177251E-02,3.255335E+02,1.203481E+02,1.307989E-02,9.286311E-03,2.042313E+02,2.605548E+02,8.207090E-03,2.010326E-02
04:50:00,1.289553E+02,7.774875E+01,5.181828E-03,5.998966E-03,7.380043E+02,5.133084E+02,2.965481E-02,3.960655E-02,1.675429E+02,1.769722E+02,6.732696E-03,1.365445E-02,5.270372E+02,1.480491E+02,2.117385E-02,1.142450E-02,2.743306E+02,4.726903E+01,1.101987E-02,3.647661E-03,0.000000E+00,4.816842E+01,0.000000E+00,3.716085E-03,3.587794E+02,2.076830E+02,1.441610E-02,1.602504E-02,5.351830E+02,1.275251E+02,2.150052E-02,9.840805E-03,3.460560E+01,5.022700E+01,1.390618E-03,3.875243E-03,1.514428E+02,4.154212E+02,6.086107E-03,3.205095E-02,3.274452E+02,1.234335E+02,1.315671E-02,9.524396E-03,2.075587E+02,2.615505E+02,8.340802E-03,2.018009E-02
05:00:00,1.305779E+02,8.012058E+01,5.247031E-03,6.181981E-03,7.437471E+02,5.276034E+02,2.988558E-02,4.070962E-02,1.696179E+02,1.773751E+02,6.816083E-03,1.368554E-02,5.287585E+02,1.528849E+02,2.124301E-02,1.179771E-02,2.751755E+02,5.066043E+01,1.105382E-02,3.909404E-03,0.000000E+00,4.853933E+01,0.000000E+00,3.744700E-03,3.611266E+02,2.081360E+02,1.451041E-02,1.605999E-02,5.369422E+02,1.302046E+02,2.157119E-02,1.004760E-02,3.558827E+01,5.124413E+01,1.430111E-03,3.953720E-03,1.559595E+02,4.210450E+02,6.267610E-03,3.248485E-02,3.293043E+02,1.303856E+02,1.323141E-02,1.006088E-02,2.107875E+02,2.629729E+02,8.470556E-03,2.028984E-02
05:10:00,1.583479E+02,9.681463E+01,6.460756E-03,7.553863E-03,8.771448E+02,6.140288E+02,3.571366E-02,4.785959E-02,2.121946E+02,1.996854E+02,8.648161E-03,1.555561E-02,5.753060E+02,1.809112E+02,2.344612E-02,1.412300E-02,2.980240E+02,6.534555E+01,1.215312E-02,5.116028E-03,1.069387E+01,5.627551E+01,4.451454E-04,4.389770E-03,4.147887E+02,2.340914E+02,1.690889E-02,1.823758E-02,5.827323E+02,1.533922E+02,2.375091E-02,1.197048E-02,5.053067E+01,6.078958E+01,2.067308E-03,4.745198E-03,2.505707E+02,4.807030E+02,1.016946E-02,3.742989E-02,3.716483E+02,1.604327E+02,1.515173E-02,1.253160E-02,2.761624E+02,2.974334E+02,1.125294E-02,2.316270E-02
05:20:00,1.701620E+02,1.076681E+02,7.054723E-03,8.546639E-03,8.977184E+02,6.607936E+02,3.705479E-02,5.232970E-02,2.249185E+02,2.091237E+02,9.304933E-03,1.653996E-02,5.959834E+02,2.025360E+02,2.466690E-02,1.609309E-02,3.131439E+02,7.963444E+01,1.297933E-02,6.362466E-03,1.654857E+01,6.167205E+01,7.014638E-04,4.894415E-03,4.328491E+02,2.449637E+02,1.791384E-02,1.937538E-02,6.049876E+02,1.689316E+02,2.504568E-02,1.340968E-02,5.978393E+01,6.796607E+01,2.492833E-03,5.400721E-03,2.411844E+02,5.015811E+02,9.847890E-03,3.963079E-02,3.894768E+02,1.847880E+02,1.612791E-02,1.470230E-02,2.861941E+02,3.096672E+02,1.181547E-02,2.447339E-02
05:30:00,1.934192E+02,1.245098E+02,8.150354E-03,1.004139E-02,9.928770E+02,7.469411E+02,4.166327E-02,6.009915E-02,2.589150E+02,2.276841E+02,1.089395E-02,1.828813E-02,6.304930E+02,2.352744E+02,2.649299E-02,1.899318E-02,3.319994E+02,9.826861E+01,1.396880E-02,7.972715E-03,2.793215E+01,6.916763E+01,1.199835E-03,5.575179E-03,4.734886E+02,2.665334E+02,1.990792E-02,2.140843E-02,6.396628E+02,1.926278E+02,2.688387E-02,1.553126E-02,7.453136E+01,7.768617E+01,3.159333E-03,6.269642E-03,3.172541E+02,5.502773E+02,1.327015E-02,4.416329E-02,4.220217E+02,2.207994E+02,1.774876E-02,1.784952E-02,3.353983E+02,3.371700E+02,1.409453E-02,2.706352E-02
05:40:00,2.117972E+02,1.400895E+02,9.033257E-03,1.143293E-02,1.063113E+03,8.301077E+02,4.518342E-02,6.763463E-02,2.846857E+02,2.435293E+02,1.212393E-02,1.980976E-02,6.582672E+02,2.688835E+02,2.802499E-02,2.197159E-02,3.477671E+02,1.173399E+02,1.482349E-02,9.622871E-03,3.697367E+01,7.585309E+01,1.595672E-03,6.188427E-03,5.051844E+02,2.849577E+02,2.151164E-02,2.317969E-02,6.678631E+02,2.148500E+02,2.843940E-02,1.753321E-02,8.655399E+01,8.654183E+01,3.707080E-03,7.067207E-03,3.651886E+02,5.918052E+02,1.546268E-02,4.810201E-02,4.480022E+02,2.578228E+02,1.908318E-02,2.108829E-02,3.708708E+02,3.602641E+02,1.577405E-02,2.928673E-02
05:50:00,2.288113E+02,1.551385E+02,9.857456E-03,1.278485E-02,1.129442E+03,9.148548E+02,4.853627E-02,7.533290E-02,3.085822E+02,2.587604E+02,1.327313E-02,2.128106E-02,6.838604E+02,3.041208E+02,2.946265E-02,2.509799E-02,3.621439E+02,1.365612E+02,1.561787E-02,1.129330E-02,4.549902E+01,8.229973E+01,1.968911E-03,6.782121E-03,5.346122E+02,3.026587E+02,2.301759E-02,2.489225E-02,6.938498E+02,2.365266E+02,2.989918E-02,1.949648E-02,9.765409E+01,9.498232E+01,4.215075E-03,7.831882E-03,4.117110E+02,6.312868E+02,1.759625E-02,5.187994E-02,4.719306E+02,2.961488E+02,2.032897E-02,2.445108E-02,4.042337E+02,3.824275E+02,1.736323E-02,3.143449E-02
06:00:00,2.446893E+02,1.692484E+02,1.063284E-02,1.406553E-02,1.192531E+03,9.988045E+02,5.175067E-02,8.301303E-02,3.308964E+02,2.735353E+02,1.435423E-02,2.271588E-02,7.077887E+02,3.399383E+02,3.082845E-02,2.829270E-02,3.754164E+02,1.550242E+02,1.636438E-02,1.291309E-02,5.350862E+01,8.857140E+01,2.319570E-03,7.361862E-03,5.622552E+02,3.198294E+02,2.444681E-02,2.656296E-02,7.181394E+02,2.571046E+02,3.128571E-02,2.137839E-02,1.079469E+02,1.029070E+02,4.688351E-03,8.556189E-03,4.559115E+02,6.683431E+02,1.963073E-02,5.546970E-02,4.942610E+02,3.342381E+02,2.150591E-02,2.781903E-02,4.356566E+02,4.039379E+02,1.886933E-02,3.353079E-02
06:10:00,2.556188E+02,1.817774E+02,1.133883E-02,1.530173E-02,1.220031E+03,1.080671E+03,5.405049E-02,9.097065E-02,3.483586E+02,2.861732E+02,1.545487E-02,2.408242E-02,7.061879E+02,3.759089E+02,3.128494E-02,3.165578E-02,3.750513E+02,1.723421E+02,1.662024E-02,1.451430E-02,6.583729E+01,9.407175E+01,2.937555E-03,7.917892E-03,5.726380E+02,3.346376E+02,2.537694E-02,2.816323E-02,7.157266E+02,2.754540E+02,3.170699E-02,2.319113E-02,1.187183E+02,1.096941E+02,5.277016E-03,9.233594E-03,5.012828E+02,7.001205E+02,2.222271E-02,5.890770E-02,5.013563E+02,3.719053E+02,2.222142E-02,3.131660E-02,4.587871E+02,4.226492E+02,2.034471E-02,3.556542E-02
06:20:00,2.653221E+02,1.956303E+02,1.194770E-02,1.665824E-02,1.244665E+03,1.178157E+03,5.584891E-02,1.003277E-01,3.641293E+02,3.035297E+02,1.638676E-02,2.583148E-02,7.029529E+02,4.153299E+02,3.159481E-02,3.539783E-02,3.735856E+02,1.890740E+02,1.681087E-02,1.611436E-02,7.725346E+01,1.003332E+02,3.511483E-03,8.545383E-03,5.814010E+02,3.551055E+02,2.613159E-02,3.022329E-02,7.116238E+02,2.958155E+02,3.198776E-02,2.519355E-02,1.282415E+02,1.168977E+02,5.798960E-03,9.955565E-03,5.514844E+02,7.449745E+02,2.470238E-02,6.337134E-02,5.064616E+02,4.117449E+02,2.277703E-02,3.508795E-02,4.830736E+02,4.496885E+02,2.170262E-02,3.826506E-02
06:30:00,2.723182E+02,2.061630E+02,1.247683E-02,1.775372E-02,1.260225E+03,1.259758E+03,5.753581E-02,1.084991E-01,3.759066E+02,3.169982E+02,1.721959E-02,2.728614E-02,6.977166E+02,4.508782E+02,3.186974E-02,3.886307E-02,3.709264E+02,2.032004E+02,1.696125E-02,1.750997E-02,8.667952E+01,1.055552E+02,4.013473E-03,9.093166E-03,5.864971E+02,3.712387E+02,2.680887E-02,3.195770E-02,7.054957E+02,3.119431E+02,3.222649E-02,2.686581E-02,1.357711E+02,1.225644E+02,6.249391E-03,1.055614E-02,5.800840E+02,7.771674E+02,2.651340E-02,6.686460E-02,5.094172E+02,4.464910E+02,2.329411E-02,3.847746E-02,5.000029E+02,4.705376E+02,2.287735E-02,4.049990E-02
06:40:00,2.785618E+02,2.162660E+02,1.295007E-02,1.880654E-02,1.274348E+03,1.342696E+03,5.905112E-02,1.167897E-01,3.868431E+02,3.312806E+02,1.797824E-02,2.880006E-02,6.914839E+02,4.868359E+02,3.206939E-02,4.237577E-02,3.675479E+02,2.163347E+02,1.706459E-02,1.882311E-02,9.543780E+01,1.109232E+02,4.473309E-03,9.650152E-03,5.906230E+02,3.885450E+02,2.740296E-02,3.378167E-02,6.983168E+02,3.276839E+02,3.238849E-02,2.849932E-02,1.426020E+02,1.280774E+02,6.655252E-03,1.113954E-02,6.122990E+02,8.104067E+02,2.838105E-02,7.041944E-02,5.112307E+02,4.805740E+02,2.372959E-02,4.182084E-02,5.165461E+02,4.929686E+02,2.397705E-02,4.285473E-02
06:50:00,2.837617E+02,2.255630E+02,1.336840E-02,1.978879E-02,1.285639E+03,1.424073E+03,6.041769E-02,1.249755E-01,3.964172E+02,3.454783E+02,1.866478E-02,3.030422E-02,6.843008E+02,5.226221E+02,3.221532E-02,4.589177E-02,3.635254E+02,2.285184E+02,1.713165E-02,2.005892E-02,1.032725E+02,1.161705E+02,4.886531E-03,1.019553E-02,5.934032E+02,4.061310E+02,2.792433E-02,3.562842E-02,6.901487E+02,3.426758E+02,3.249479E-02,3.006904E-02,1.485915E+02,1.332272E+02,7.017385E-03,1.168998E-02,6.410047E+02,8.422765E+02,3.007708E-02,7.385043E-02,5.119846E+02,5.134522E+02,2.410667E-02,4.507658E-02,5.311444E+02,5.155525E+02,2.497642E-02,4.522051E-02
07:00:00,2.881431E+02,2.341583E+02,1.374355E-02,2.070960E-02,1.294781E+03,1.503402E+03,6.167103E-02,1.330143E-01,4.049474E+02,3.595645E+02,1.929567E-02,3.179749E-02,6.763443E+02,5.579266E+02,3.231813E-02,4.938406E-02,3.589792E+02,2.398339E+02,1.716933E-02,2.122392E-02,1.104307E+02,1.212960E+02,5.265020E-03,1.072971E-02,5.951203E+02,4.239329E+02,2.838854E-02,3.749370E-02,6.811756E+02,3.569688E+02,3.255633E-02,3.157935E-02,1.539188E+02,1.380547E+02,7.344922E-03,1.221127E-02,6.676581E+02,8.729801E+02,3.166754E-02,7.717690E-02,5.118661E+02,5.449979E+02,2.443624E-02,4.823280E-02,5.443283E+02,5.382605E+02,2.590165E-02,4.759657E-02
07:10:00,2.921344E+02,2.454439E+02,1.418507E-02,2.209955E-02,1.307970E+03,1.594754E+03,6.349044E-02,1.435838E-01,4.099043E+02,3.783152E+02,1.990103E-02,3.406174E-02,6.802806E+02,5.978899E+02,3.302533E-02,5.384245E-02,3.612346E+02,2.529987E+02,1.753810E-02,2.277937E-02,1.136644E+02,1.286115E+02,5.522024E-03,1.158612E-02,6.008913E+02,4.470332E+02,2.917241E-02,4.025276E-02,6.855210E+02,3.746281E+02,3.328067E-02,3.373470E-02,1.572669E+02,1.449572E+02,7.638901E-03,1.305567E-02,6.781210E+02,9.128583E+02,3.291443E-02,8.215053E-02,5.160071E+02,5.806870E+02,2.505207E-02,5.228490E-02,5.518672E+02,5.679392E+02,2.679089E-02,5.113170E-02
07:20:00,3.000019E+02,2.532594E+02,1.474311E-02,2.320091E-02,1.355264E+03,1.662883E+03,6.652581E-02,1.523079E-01,4.232417E+02,3.913426E+02,2.078877E-02,3.584224E-02,6.914175E+02,6.319963E+02,3.397275E-02,5.794757E-02,3.653580E+02,2.640824E+02,1.796110E-02,2.421143E-02,1.176258E+02,1.346241E+02,5.787664E-03,1.235152E-02,6.163087E+02,4.636283E+02,3.027443E-02,4.246879E-02,6.963196E+02,3.877036E+02,3.421794E-02,3.552527E-02,1.615724E+02,1.503227E+02,7.947832E-03,1.378459E-02,7.210477E+02,9.355235E+02,3.536276E-02,8.557609E-02,5.268440E+02,6.102243E+02,2.588554E-02,5.593355E-02,5.753054E+02,5.881705E+02,2.824389E-02,5.385506E-02
07:30:00,3.041612E+02,2.622276E+02,1.514180E-02,2.443746E-02,1.376746E+03,1.736664E+03,6.846495E-02,1.617826E-01,4.293815E+02,4.065782E+02,2.136763E-02,3.788269E-02,6.977435E+02,6.664845E+02,3.471509E-02,6.214801E-02,3.679891E+02,2.751821E+02,1.831669E-02,2.565731E-02,1.197104E+02,1.408705E+02,5.968972E-03,1.314879E-02,6.244458E+02,4.830404E+02,3.106936E-02,4.501311E-02,7.027203E+02,4.023975E+02,3.496638E-02,3.750439E-02,1.640435E+02,1.560320E+02,8.175115E-03,1.455539E-02,7.352423E+02,9.657136E+02,3.655720E-02,8.987043E-02,5.326135E+02,6.401604E+02,2.650332E-02,5.967430E-02,5.852333E+02,6.124381E+02,2.911440E-02,5.705196E-02
07:40:00,3.092867E+02,2.704790E+02,1.557132E-02,2.559168E-02,1.405181E+03,1.804522E+03,7.067296E-02,1.706805E-01,4.375302E+02,4.203590E+02,2.201926E-02,3.976429E-02,7.057222E+02,6.990073E+02,3.551621E-02,6.617379E-02,3.713180E+02,2.857169E+02,1.869519E-02,2.704695E-02,1.222389E+02,1.464973E+02,6.162528E-03,1.387970E-02,6.346136E+02,5.012226E+02,3.193531E-02,4.742093E-02,7.106885E+02,4.163399E+02,3.576994E-02,3.939786E-02,1.669796E+02,1.611929E+02,8.414801E-03,1.526458E-02,7.575327E+02,9.928388E+02,3.808551E-02,9.381751E-02,5.399238E+02,6.681132E+02,2.717433E-02,6.323196E-02,5.988816E+02,6.348815E+02,3.012886E-02,6.004727E-02
07:50:00,3.144657E+02,2.784739E+02,1.599590E-02,2.671543E-02,1.433493E+03,1.868337E+03,7.285376E-02,1.792233E-01,4.457418E+02,4.333778E+02,2.266372E-02,4.156641E-02,7.139622E+02,7.296577E+02,3.632043E-02,7.004514E-02,3.748325E+02,2.957641E+02,1.907639E-02,2.839235E-02,1.247488E+02,1.517224E+02,6.350026E-03,1.456858E-02,6.449529E+02,5.189844E+02,3.279844E-02,4.978620E-02,7.189222E+02,4.299777E+02,3.657656E-02,4.125972E-02,1.699388E+02,1.660528E+02,8.649960E-03,1.593989E-02,7.791037E+02,1.019113E+03,3.956165E-02,9.766467E-02,5.474212E+02,6.942473E+02,2.784486E-02,6.663263E-02,6.124113E+02,6.568311E+02,3.112451E-02,6.299053E-02
08:00:00,3.196469E+02,2.864085E+02,1.641448E-02,2.782873E-02,1.461661E+03,1.929458E+03,7.501103E-02,1.875428E-01,4.539819E+02,4.458042E+02,2.330137E-02,4.330776E-02,7.223394E+02,7.589323E+02,3.712392E-02,7.380950E-02,3.784704E+02,3.055588E+02,1.945863E-02,2.971607E-02,1.272435E+02,1.566041E+02,6.532512E-03,1.522211E-02,6.553403E+02,5.367095E+02,3.365517E-02,5.214863E-02,7.272998E+02,4.437024E+02,3.738261E-02,4.312869E-02,1.728997E+02,1.707162E+02,8.880564E-03,1.659231E-02,8.004373E+02,1.044961E+03,4.101244E-02,1.014582E-01,5.550041E+02,7.189502E+02,2.851199E-02,6.991311E-02,6.258874E+02,6.787467E+02,3.210721E-02,6.593006E-02
08:10:00,3.022825E+02,2.784448E+02,1.560131E-02,2.728372E-02,1.388835E+03,1.910963E+03,7.167914E-02,1.872473E-01,4.278449E+02,4.331791E+02,2.208196E-02,4.244593E-02,6.975366E+02,7.623321E+02,3.599919E-02,7.469076E-02,3.656476E+02,3.035939E+02,1.887011E-02,2.974469E-02,1.176343E+02,1.522186E+02,6.071597E-03,1.491439E-02,6.251717E+02,5.265862E+02,3.226563E-02,5.159961E-02,7.029941E+02,4.362161E+02,3.628059E-02,4.274421E-02,1.621343E+02,1.653803E+02,8.368196E-03,1.620426E-02,7.425913E+02,1.011276E+03,3.832638E-02,9.909345E-02,5.309987E+02,7.176978E+02,2.740516E-02,7.031733E-02,5.881392E+02,6.638007E+02,3.035496E-02,6.504473E-02
08:20:00,2.967094E+02,2.781157E+02,1.531360E-02,2.725251E-02,1.393327E+03,1.942569E+03,7.191060E-02,1.903554E-01,4.228748E+02,4.339859E+02,2.182538E-02,4.252639E-02,6.913246E+02,7.767286E+02,3.567820E-02,7.611090E-02,3.586854E+02,3.049642E+02,1.851057E-02,2.988295E-02,1.121882E+02,1.503187E+02,5.790500E-03,1.472887E-02,6.204482E+02,5.332942E+02,3.202165E-02,5.225883E-02,6.957124E+02,4.396662E+02,3.590438E-02,4.308463E-02,1.562515E+02,1.630978E+02,8.064551E-03,1.598133E-02,7.478492E+02,1.019214E+03,3.859770E-02,9.987390E-02,5.250017E+02,7.269202E+02,2.709546E-02,7.122900E-02,5.860421E+02,6.729607E+02,3.024665E-02,6.594425E-02
08:30:00,2.847748E+02,2.737028E+02,1.469765E-02,2.682024E-02,1.354248E+03,1.948050E+03,6.989375E-02,1.908950E-01,4.060713E+02,4.270417E+02,2.095814E-02,4.184612E-02,6.766225E+02,7.856996E+02,3.491937E-02,7.699283E-02,3.497270E+02,3.048627E+02,1.804821E-02,2.987410E-02,1.043459E+02,1.468012E+02,5.385726E-03,1.438431E-02,6.022344E+02,5.319871E+02,3.108161E-02,5.213104E-02,6.809396E+02,4.385764E+02,3.514190E-02,4.297829E-02,1.477477E+02,1.591084E+02,7.625654E-03,1.559054E-02,7.147738E+02,1.003423E+03,3.689077E-02,9.832689E-02,5.099246E+02,7.298884E+02,2.631731E-02,7.152217E-02,5.633182E+02,6.701140E+02,2.907388E-02,6.566557E-02
08:40:00,2.763223E+02,2.711754E+02,1.426142E-02,2.657255E-02,1.331058E+03,1.961875E+03,6.869715E-02,1.922499E-01,3.947838E+02,4.230836E+02,2.037562E-02,4.145818E-02,6.666778E+02,7.965008E+02,3.440615E-02,7.805206E-02,3.430712E+02,3.055898E+02,1.770471E-02,2.994564E-02,9.843978E+01,1.442990E+02,5.080889E-03,1.413914E-02,5.902278E+02,5.348861E+02,3.046199E-02,5.241505E-02,6.707854E+02,4.406104E+02,3.461786E-02,4.317765E-02,1.413648E+02,1.562810E+02,7.296221E-03,1.531349E-02,6.952142E+02,9.952381E+02,3.588152E-02,9.752460E-02,4.996276E+02,7.340249E+02,2.578589E-02,7.192811E-02,5.489009E+02,6.730520E+02,2.832988E-02,6.595333E-02
08:50:00,2.691740E+02,2.693918E+02,1.389250E-02,2.639777E-02,1.311498E+03,1.978095E+03,6.768771E-02,1.938394E-01,3.852855E+02,4.202465E+02,1.988541E-02,4.118015E-02,6.584202E+02,8.077973E+02,3.397996E-02,7.915929E-02,3.375455E+02,3.065907E+02,1.741952E-02,3.004381E-02,9.344863E+01,1.423172E+02,4.823274E-03,1.394495E-02,5.801516E+02,5.397625E+02,2.994197E-02,5.289288E-02,6.623734E+02,4.444567E+02,3.418370E-02,4.355461E-02,1.359721E+02,1.540454E+02,7.017893E-03,1.509444E-02,6.786503E+02,9.892406E+02,3.502679E-02,9.693680E-02,4.909997E+02,7.379793E+02,2.534061E-02,7.231578E-02,5.367662E+02,6.785691E+02,2.770364E-02,6.649392E-02
09:00:00,2.630274E+02,2.681089E+02,1.357526E-02,2.627208E-02,1.294481E+03,1.995346E+03,6.680951E-02,1.955299E-01,3.771404E+02,4.182091E+02,1.946503E-02,4.098052E-02,6.513959E+02,8.191139E+02,3.361742E-02,8.026833E-02,3.328884E+02,3.076484E+02,1.717917E-02,3.014749E-02,8.919314E+01,1.407322E+02,4.603631E-03,1.378966E-02,5.714997E+02,5.461565E+02,2.949543E-02,5.351948E-02,6.552442E+02,4.498875E+02,3.381575E-02,4.408685E-02,1.313710E+02,1.522553E+02,6.780415E-03,1.491905E-02,6.642785E+02,9.846420E+02,3.428513E-02,9.648618E-02,4.836205E+02,7.413384E+02,2.495975E-02,7.264500E-02,5.263161E+02,6.860461E+02,2.716432E-02,6.722664E-02
09:10:00,2.576923E+02,2.671923E+02,1.329990E-02,2.618228E-02,1.279447E+03,2.012882E+03,6.603361E-02,1.972484E-01,3.700771E+02,4.168119E+02,1.910048E-02,4.084363E-02,6.453389E+02,8.301745E+02,3.330481E-02,8.135221E-02,3.289276E+02,3.086415E+02,1.697475E-02,3.024482E-02,8.554084E+01,1.394707E+02,4.415121E-03,1.366606E-02,5.639745E+02,5.538040E+02,2.910704E-02,5.426892E-02,6.491226E+02,4.567284E+02,3.349980E-02,4.475727E-02,1.274149E+02,1.508208E+02,6.576229E-03,1.477850E-02,6.516417E+02,9.811176E+02,3.363298E-02,9.614085E-02,4.772341E+02,7.438911E+02,2.463013E-02,7.289514E-02,5.171995E+02,6.951311E+02,2.669381E-02,6.811693E-02
09:20:00,2.530239E+02,2.665456E+02,1.305895E-02,2.611892E-02,1.265954E+03,2.030099E+03,6.533723E-02,1.989355E-01,3.638906E+02,4.159403E+02,1.878118E-02,4.075824E-02,6.400531E+02,8.407704E+02,3.303200E-02,8.239051E-02,3.255306E+02,3.094885E+02,1.679942E-02,3.032782E-02,8.238667E+01,1.384698E+02,4.252321E-03,1.356799E-02,5.573558E+02,5.624959E+02,2.876544E-02,5.512070E-02,6.438045E+02,4.648207E+02,3.322533E-02,4.555031E-02,1.239904E+02,1.496714E+02,6.399477E-03,1.466587E-02,6.404050E+02,9.784378E+02,3.305307E-02,9.587829E-02,4.716490E+02,7.454975E+02,2.434187E-02,7.305253E-02,5.091561E+02,7.055310E+02,2.627867E-02,6.913607E-02
09:30:00,2.489080E+02,2.661914E+02,1.284652E-02,2.608423E-02,1.253750E+03,2.046175E+03,6.470737E-02,2.005108E-01,3.584214E+02,4.156143E+02,1.849890E-02,4.072631E-02,6.353639E+02,8.506212E+02,3.278998E-02,8.335579E-02,3.225932E+02,3.102232E+02,1.664782E-02,3.039980E-02,7.964560E+01,1.376762E+02,4.110842E-03,1.349024E-02,5.514546E+02,5.721489E+02,2.846086E-02,5.606665E-02,6.391071E+02,4.741545E+02,3.298289E-02,4.646501E-02,1.210063E+02,1.487821E+02,6.245459E-03,1.457874E-02,6.302999E+02,9.766013E+02,3.253155E-02,9.569837E-02,4.667175E+02,7.459642E+02,2.408735E-02,7.309824E-02,5.019721E+02,7.169432E+02,2.590789E-02,7.025440E-02
09:40:00,2.452528E+02,2.660128E+02,1.265786E-02,2.606673E-02,1.242610E+03,2.060872E+03,6.413238E-02,2.019509E-01,3.535331E+02,4.157032E+02,1.824660E-02,4.073504E-02,6.311806E+02,8.595952E+02,3.257408E-02,8.423514E-02,3.200178E+02,3.107515E+02,1.651491E-02,3.045157E-02,7.724810E+01,1.370448E+02,3.987098E-03,1.342837E-02,5.461592E+02,5.825246E+02,2.818755E-02,5.708341E-02,6.349358E+02,4.843006E+02,3.276760E-02,4.745929E-02,1.183885E+02,1.480883E+02,6.110344E-03,1.451077E-02,6.211389E+02,9.753704E+02,3.205875E-02,9.557778E-02,4.623068E+02,7.452494E+02,2.385970E-02,7.302816E-02,4.955046E+02,7.291323E+02,2.557409E-02,7.144884E-02
09:50:00,2.419758E+02,2.659434E+02,1.248873E-02,2.605993E-02,1.232354E+03,2.073887E+03,6.360304E-02,2.032262E-01,3.491339E+02,4.161284E+02,1.801954E-02,4.077672E-02,6.274141E+02,8.675431E+02,3.237969E-02,8.501394E-02,3.177528E+02,3.109984E+02,1.639801E-02,3.047575E-02,7.513735E+01,1.365369E+02,3.878153E-03,1.337861E-02,5.413659E+02,5.934422E+02,2.794016E-02,5.815325E-02,6.311969E+02,4.949183E+02,3.257464E-02,4.849978E-02,1.160765E+02,1.475465E+02,5.991011E-03,1.445768E-02,6.127637E+02,9.745767E+02,3.162650E-02,9.550002E-02,4.583403E+02,7.432910E+02,2.365498E-02,7.283623E-02,4.896301E+02,7.418829E+02,2.527089E-02,7.269829E-02
10:00:00,2.390241E+02,2.659247E+02,1.233638E-02,2.605811E-02,1.222841E+03,2.084900E+03,6.311206E-02,2.043053E-01,3.451429E+02,4.168316E+02,1.781356E-02,4.084563E-02,6.239922E+02,8.743215E+02,3.220308E-02,8.567813E-02,3.157456E+02,3.109249E+02,1.629442E-02,3.046854E-02,7.326675E+01,1.361199E+02,3.781603E-03,1.333776E-02,5.369913E+02,6.047512E+02,2.771438E-02,5.926145E-02,6.278148E+02,5.057508E+02,3.240009E-02,4.956132E-02,1.140182E+02,1.471179E+02,5.884777E-03,1.441569E-02,6.050474E+02,9.741201E+02,3.122825E-02,9.545531E-02,4.547447E+02,7.400247E+02,2.346941E-02,7.251614E-02,4.842495E+02,7.549989E+02,2.499318E-02,7.398354E-02
10:10:00,2.363510E+02,2.659436E+02,1.219842E-02,2.605996E-02,1.213968E+03,2.093532E+03,6.265413E-02,2.051511E-01,3.414986E+02,4.177427E+02,1.762546E-02,4.093493E-02,6.208602E+02,8.797387E+02,3.204144E-02,8.620893E-02,3.139542E+02,3.105086E+02,1.620196E-02,3.042774E-02,7.159991E+01,1.357657E+02,3.695571E-03,1.330305E-02,5.329722E+02,6.162990E+02,2.750694E-02,6.039304E-02,6.247316E+02,5.166246E+02,3.224096E-02,5.062688E-02,1.121775E+02,1.467813E+02,5.789773E-03,1.438272E-02,5.978973E+02,9.739331E+02,3.085922E-02,9.543700E-02,4.514637E+02,7.353989E+02,2.330007E-02,7.206282E-02,4.792893E+02,7.683027E+02,2.473718E-02,7.528719E-02
10:20:00,2.339150E+02,2.659760E+02,1.207269E-02,2.606315E-02,1.205644E+03,2.099433E+03,6.222450E-02,2.057293E-01,3.381471E+02,4.188098E+02,1.745248E-02,4.103950E-02,6.179719E+02,8.836118E+02,3.189237E-02,8.658842E-02,3.123432E+02,3.096837E+02,1.611882E-02,3.034690E-02,7.010510E+01,1.354502E+02,3.618417E-03,1.327213E-02,5.292539E+02,6.279415E+02,2.731504E-02,6.153391E-02,6.218987E+02,5.273789E+02,3.209476E-02,5.168072E-02,1.105209E+02,1.465147E+02,5.704271E-03,1.435659E-02,5.912293E+02,9.739537E+02,3.051506E-02,9.543903E-02,4.484483E+02,7.293632E+02,2.314444E-02,7.147135E-02,4.746849E+02,7.816343E+02,2.449953E-02,7.659355E-02
10:30:00,2.316815E+02,2.659043E+02,1.195741E-02,2.605612E-02,1.197792E+03,2.102663E+03,6.181925E-02,2.060457E-01,3.350441E+02,4.198801E+02,1.729233E-02,4.114438E-02,6.152899E+02,8.858969E+02,3.175395E-02,8.681229E-02,3.108838E+02,3.081663E+02,1.604350E-02,3.019820E-02,6.875579E+01,1.351527E+02,3.548774E-03,1.324299E-02,5.257917E+02,6.394700E+02,2.713634E-02,6.266360E-02,6.192771E+02,5.377537E+02,3.195945E-02,5.269737E-02,1.090203E+02,1.462671E+02,5.626819E-03,1.433233E-02,5.849736E+02,9.739493E+02,3.019219E-02,9.543861E-02,4.456588E+02,7.219461E+02,2.300047E-02,7.074451E-02,4.703832E+02,7.948887E+02,2.427751E-02,7.789234E-02
10:40:00,2.296221E+02,2.657698E+02,1.185112E-02,2.604294E-02,1.190353E+03,2.102834E+03,6.143531E-02,2.060624E-01,3.321539E+02,4.209739E+02,1.714315E-02,4.125157E-02,6.127844E+02,8.864298E+02,3.162464E-02,8.686447E-02,3.095522E+02,3.059359E+02,1.597478E-02,2.997962E-02,6.753022E+01,1.348557E+02,3.485517E-03,1.321388E-02,5.225496E+02,6.508412E+02,2.696902E-02,6.377786E-02,6.168354E+02,5.479238E+02,3.183344E-02,5.369395E-02,1.076525E+02,1.460407E+02,5.556224E-03,1.431015E-02,5.790752E+02,9.739688E+02,2.988776E-02,9.544052E-02,4.430627E+02,7.130660E+02,2.286648E-02,6.987432E-02,4.663419E+02,8.079346E+02,2.406892E-02,7.917070E-02
10:50:00,2.277131E+02,2.655789E+02,1.175259E-02,2.602423E-02,1.183278E+03,2.099784E+03,6.107017E-02,2.057635E-01,3.294475E+02,4.220788E+02,1.700347E-02,4.135983E-02,6.104316E+02,8.851360E+02,3.150322E-02,8.673764E-02,3.083295E+02,3.030299E+02,1.591168E-02,2.969484E-02,6.641037E+01,1.345438E+02,3.427717E-03,1.318332E-02,5.194986E+02,6.620044E+02,2.681155E-02,6.487174E-02,6.145485E+02,5.580109E+02,3.171541E-02,5.468239E-02,1.063985E+02,1.458280E+02,5.491500E-03,1.428931E-02,5.734892E+02,9.740270E+02,2.959945E-02,9.544623E-02,4.406341E+02,7.027101E+02,2.274113E-02,6.885951E-02,4.625269E+02,8.206572E+02,2.387202E-02,8.041736E-02
11:00:00,2.259349E+02,2.653426E+02,1.166082E-02,2.600107E-02,1.176528E+03,2.093556E+03,6.072179E-02,2.051531E-01,3.269011E+02,4.231773E+02,1.687204E-02,4.146748E-02,6.082121E+02,8.820013E+02,3.138867E-02,8.643042E-02,3.071998E+02,2.995120E+02,1.585338E-02,2.935010E-02,6.538128E+01,1.342047E+02,3.374601E-03,1.315010E-02,5.166150E+02,6.728815E+02,2.666272E-02,6.593758E-02,6.123961E+02,5.681617E+02,3.160433E-02,5.567709E-02,1.052423E+02,1.456258E+02,5.431825E-03,1.426950E-02,5.681787E+02,9.740991E+02,2.932536E-02,9.545330E-02,4.383513E+02,6.909316E+02,2.262332E-02,6.770530E-02,4.589104E+02,8.329552E+02,2.368536E-02,8.162243E-02
11:10:00,2.242686E+02,2.650419E+02,1.157481E-02,2.597161E-02,1.170061E+03,2.084300E+03,6.038798E-02,2.042460E-01,3.244911E+02,4.242264E+02,1.674765E-02,4.157027E-02,6.061076E+02,8.770755E+02,3.128006E-02,8.594767E-02,3.061491E+02,2.955097E+02,1.579915E-02,2.895789E-02,6.442864E+01,1.338288E+02,3.325431E-03,1.311327E-02,5.138754E+02,6.833603E+02,2.652132E-02,6.696439E-02,6.103594E+02,5.784509E+02,3.149921E-02,5.668534E-02,1.041688E+02,1.454220E+02,5.376419E-03,1.424953E-02,5.631045E+02,9.741569E+02,2.906347E-02,9.545896E-02,4.361938E+02,6.778473E+02,2.251197E-02,6.642313E-02,4.554638E+02,8.447249E+02,2.350747E-02,8.277571E-02
11:20:00,2.227008E+02,2.646826E+02,1.149389E-02,2.593639E-02,1.163851E+03,2.072516E+03,6.006746E-02,2.030911E-01,3.222021E+02,4.252041E+02,1.662951E-02,4.166608E-02,6.041056E+02,8.705810E+02,3.117673E-02,8.531122E-02,3.051668E+02,2.912885E+02,1.574845E-02,2.854423E-02,6.354229E+01,1.334094E+02,3.279683E-03,1.307217E-02,5.112642E+02,6.933710E+02,2.638656E-02,6.794532E-02,6.084250E+02,5.889903E+02,3.139938E-02,5.771812E-02,1.031672E+02,1.452143E+02,5.324722E-03,1.422917E-02,5.582434E+02,9.741948E+02,2.881257E-02,9.546267E-02,4.341474E+02,6.637012E+02,2.240635E-02,6.503692E-02,4.521694E+02,8.558786E+02,2.333744E-02,8.386863E-02
11:30:00,2.212208E+02,2.642694E+02,1.141751E-02,2.589591E-02,1.157878E+03,2.059003E+03,5.975922E-02,2.017669E-01,3.200220E+02,4.261007E+02,1.651699E-02,4.175394E-02,6.021962E+02,8.628594E+02,3.107819E-02,8.455452E-02,3.042445E+02,2.872106E+02,1.570085E-02,2.814462E-02,6.271411E+01,1.329431E+02,3.236937E-03,1.302648E-02,5.087696E+02,7.028395E+02,2.625780E-02,6.887313E-02,6.065826E+02,5.998279E+02,3.130430E-02,5.878013E-02,1.022288E+02,1.450008E+02,5.276287E-03,1.420825E-02,5.535776E+02,9.742114E+02,2.857175E-02,9.546430E-02,4.322011E+02,6.488798E+02,2.230590E-02,6.358455E-02,4.490134E+02,8.663443E+02,2.317455E-02,8.489413E-02
11:40:00,2.198193E+02,2.638098E+02,1.134517E-02,2.585087E-02,1.152126E+03,2.044875E+03,5.946234E-02,2.003824E-01,3.179402E+02,4.269152E+02,1.640954E-02,4.183374E-02,6.003709E+02,8.544371E+02,3.098399E-02,8.372916E-02,3.033751E+02,2.834913E+02,1.565599E-02,2.778017E-02,6.193707E+01,1.324305E+02,3.196831E-03,1.297625E-02,5.063807E+02,7.117223E+02,2.613451E-02,6.974354E-02,6.048234E+02,6.110033E+02,3.121351E-02,5.987523E-02,1.013461E+02,1.447813E+02,5.230727E-03,1.418674E-02,5.490906E+02,9.742103E+02,2.834017E-02,9.546419E-02,4.303451E+02,6.339166E+02,2.221011E-02,6.211829E-02,4.459837E+02,8.760610E+02,2.301818E-02,8.584624E-02
11:50:00,2.184883E+02,2.633143E+02,1.127648E-02,2.580231E-02,1.146578E+03,2.031469E+03,5.917602E-02,1.990687E-01,3.159475E+02,4.276521E+02,1.630670E-02,4.190595E-02,5.986225E+02,8.459911E+02,3.089375E-02,8.290150E-02,3.025528E+02,2.802881E+02,1.561355E-02,2.746629E-02,6.120524E+01,1.318765E+02,3.159058E-03,1.292196E-02,5.040888E+02,7.199601E+02,2.601622E-02,7.055073E-02,6.031398E+02,6.225245E+02,3.112662E-02,6.100422E-02,1.005127E+02,1.445572E+02,5.187716E-03,1.416479E-02,5.447685E+02,9.741997E+02,2.811709E-02,9.546316E-02,4.285712E+02,6.194999E+02,2.211856E-02,6.070558E-02,4.430699E+02,8.849777E+02,2.286779E-02,8.671995E-02
12:00:00,2.172210E+02,2.627970E+02,1.121107E-02,2.575162E-02,1.141222E+03,2.019837E+03,5.889955E-02,1.979288E-01,3.140364E+02,4.286641E+02,1.620806E-02,4.200512E-02,5.969449E+02,8.386731E+02,3.080717E-02,8.218438E-02,3.017725E+02,2.778183E+02,1.557328E-02,2.722427E-02,6.051360E+01,1.312910E+02,3.123360E-03,1.286460E-02,5.018859E+02,7.279392E+02,2.590253E-02,7.133259E-02,6.015256E+02,6.343988E+02,3.104331E-02,6.216782E-02,9.972343E+01,1.443317E+02,5.146978E-03,1.414269E-02,5.405991E+02,9.741923E+02,2.790189E-02,9.546242E-02,4.268724E+02,6.063885E+02,2.203088E-02,5.942079E-02,4.402631E+02,8.930532E+02,2.272292E-02,8.751124E-02
12:10:00,2.160116E+02,2.622787E+02,1.114865E-02,2.570083E-02,1.136044E+03,2.010349E+03,5.863232E-02,1.969991E-01,3.122003E+02,4.304383E+02,1.611329E-02,4.217896E-02,5.953327E+02,8.333071E+02,3.072397E-02,8.165858E-02,3.010301E+02,2.761923E+02,1.553496E-02,2.706496E-02,5.985789E+01,1.306883E+02,3.089516E-03,1.280554E-02,4.997656E+02,7.362207E+02,2.579310E-02,7.214408E-02,5.999753E+02,6.467381E+02,3.096330E-02,6.337698E-02,9.897362E+01,1.441118E+02,5.108278E-03,1.412114E-02,5.365717E+02,9.742172E+02,2.769403E-02,9.546487E-02,4.252427E+02,5.949100E+02,2.194677E-02,5.829603E-02,4.375555E+02,9.002701E+02,2.258318E-02,8.821839E-02
12:20:00,2.148551E+02,2.617741E+02,1.108896E-02,2.565138E-02,1.131035E+03,2.003035E+03,5.837380E-02,1.962825E-01,3.104334E+02,4.334006E+02,1.602210E-02,4.246925E-02,5.937815E+02,8.304948E+02,3.064391E-02,8.138303E-02,3.003220E+02,2.754277E+02,1.549842E-02,2.699006E-02,5.923448E+01,1.300837E+02,3.057339E-03,1.274630E-02,4.977221E+02,7.453044E+02,2.568763E-02,7.303419E-02,5.984843E+02,6.596592E+02,3.088635E-02,6.464315E-02,9.825942E+01,1.439015E+02,5.071415E-03,1.410054E-02,5.326773E+02,9.742918E+02,2.749303E-02,9.547218E-02,4.236768E+02,5.852152E+02,2.186595E-02,5.734607E-02,4.349406E+02,9.066230E+02,2.244822E-02,8.884087E-02
12:30:00,2.137471E+02,2.612979E+02,1.103178E-02,2.560472E-02,1.126185E+03,1.997582E+03,5.812350E-02,1.957482E-01,3.087310E+02,4.379199E+02,1.593423E-02,4.291212E-02,5.922874E+02,8.306143E+02,3.056680E-02,8.139479E-02,2.996452E+02,2.755525E+02,1.546349E-02,2.700231E-02,5.864026E+01,1.294917E+02,3.026669E-03,1.268830E-02,4.957504E+02,7.556194E+02,2.558587E-02,7.404497E-02,5.970485E+02,6.732641E+02,3.081225E-02,6.597633E-02,9.757750E+01,1.437047E+02,5.036220E-03,1.408125E-02,5.289078E+02,9.744359E+02,2.729847E-02,9.548630E-02,4.221703E+02,5.772958E+02,2.178820E-02,5.657008E-02,4.324126E+02,9.120859E+02,2.231774E-02,8.937615E-02
12:40:00,2.126839E+02,2.608623E+02,1.097690E-02,2.556204E-02,1.121487E+03,1.993311E+03,5.788100E-02,1.953297E-01,3.070887E+02,4.443077E+02,1.584947E-02,4.353810E-02,5.908467E+02,8.337829E+02,3.049245E-02,8.170536E-02,2.989971E+02,2.766039E+02,1.543005E-02,2.710535E-02,5.807258E+01,1.289238E+02,2.997369E-03,1.263265E-02,4.938462E+02,7.675224E+02,2.548759E-02,7.521137E-02,5.956646E+02,6.876228E+02,3.074083E-02,6.738338E-02,9.692503E+01,1.435240E+02,5.002543E-03,1.406355E-02,5.252561E+02,9.746680E+02,2.711000E-02,9.550904E-02,4.207193E+02,5.709616E+02,2.171331E-02,5.594944E-02,4.299664E+02,9.166505E+02,2.219149E-02,8.982341E-02
12:50:00,2.116621E+02,2.604753E+02,1.092416E-02,2.552412E-02,1.116932E+03,1.989226E+03,5.764591E-02,1.949295E-01,3.055028E+02,4.528177E+02,1.576762E-02,4.437203E-02,5.894565E+02,8.398373E+02,3.042070E-02,8.229871E-02,2.983755E+02,2.785926E+02,1.539797E-02,2.730025E-02,5.752914E+01,1.283875E+02,2.969320E-03,1.258010E-02,4.920055E+02,7.813034E+02,2.539259E-02,7.656181E-02,5.943294E+02,7.027807E+02,3.067192E-02,6.886876E-02,9.629953E+01,1.433612E+02,4.970260E-03,1.404759E-02,5.217159E+02,9.750031E+02,2.692727E-02,9.554189E-02,4.193202E+02,5.658241E+02,2.164110E-02,5.544605E-02,4.275975E+02,9.203041E+02,2.206922E-02,9.018139E-02
13:00:00,2.106789E+02,2.601400E+02,1.087342E-02,2.549126E-02,1.112514E+03,1.984497E+03,5.741787E-02,1.944661E-01,3.039700E+02,4.633019E+02,1.568851E-02,4.539942E-02,5.881140E+02,8.480393E+02,3.035141E-02,8.310252E-02,2.977785E+02,2.813961E+02,1.536716E-02,2.757500E-02,5.700797E+01,1.278854E+02,2.942420E-03,1.253091E-02,4.902250E+02,7.967545E+02,2.530070E-02,7.807591E-02,5.930401E+02,7.186458E+02,3.060538E-02,7.042342E-02,9.569888E+01,1.432160E+02,4.939258E-03,1.403337E-02,5.182815E+02,9.754499E+02,2.675001E-02,9.558567E-02,4.179699E+02,5.613632E+02,2.157141E-02,5.500896E-02,4.253019E+02,9.230302E+02,2.195073E-02,9.044849E-02
13:10:00,2.097316E+02,2.598661E+02,1.082453E-02,2.546443E-02,1.108226E+03,1.978902E+03,5.719658E-02,1.939179E-01,3.024874E+02,4.754579E+02,1.561198E-02,4.659063E-02,5.868168E+02,8.578550E+02,3.028446E-02,8.406444E-02,2.972043E+02,2.849267E+02,1.533752E-02,2.792099E-02,5.650734E+01,1.274151E+02,2.916580E-03,1.248482E-02,4.885014E+02,8.134607E+02,2.521174E-02,7.971300E-02,5.917943E+02,7.349816E+02,3.054109E-02,7.202421E-02,9.512122E+01,1.430896E+02,4.909444E-03,1.402098E-02,5.149477E+02,9.760273E+02,2.657795E-02,9.564225E-02,4.166659E+02,5.574287E+02,2.150411E-02,5.462344E-02,4.230758E+02,9.247984E+02,2.183584E-02,9.062173E-02
13:20:00,2.088182E+02,2.596541E+02,1.077738E-02,2.544366E-02,1.104063E+03,1.972246E+03,5.698172E-02,1.932656E-01,3.010522E+02,4.889753E+02,1.553791E-02,4.791525E-02,5.855625E+02,8.687784E+02,3.021973E-02,8.513490E-02,2.966515E+02,2.890743E+02,1.530899E-02,2.832744E-02,5.602575E+01,1.269719E+02,2.891723E-03,1.244140E-02,4.868321E+02,8.309937E+02,2.512558E-02,8.143110E-02,5.905899E+02,7.515031E+02,3.047892E-02,7.364319E-02,9.456492E+01,1.429812E+02,4.880731E-03,1.401036E-02,5.117100E+02,9.767350E+02,2.641084E-02,9.571160E-02,4.154054E+02,5.539070E+02,2.143906E-02,5.427836E-02,4.209161E+02,9.255743E+02,2.172438E-02,9.069773E-02
13:30:00,2.079365E+02,2.594992E+02,1.073187E-02,2.542848E-02,1.100020E+03,1.964390E+03,5.677304E-02,1.924957E-01,2.996622E+02,5.035452E+02,1.546617E-02,4.934298E-02,5.843491E+02,8.803357E+02,3.015711E-02,8.626745E-02,2.961188E+02,2.937203E+02,1.528150E-02,2.878272E-02,5.556188E+01,1.265504E+02,2.867781E-03,1.240010E-02,4.852144E+02,8.489289E+02,2.504209E-02,8.318860E-02,5.894247E+02,7.679148E+02,3.041879E-02,7.525141E-02,9.402855E+01,1.428890E+02,4.853048E-03,1.400133E-02,5.085641E+02,9.775590E+02,2.624846E-02,9.579234E-02,4.141865E+02,5.507102E+02,2.137614E-02,5.396512E-02,4.188198E+02,9.253395E+02,2.161618E-02,9.067469E-02
13:40:00,2.070847E+02,2.593941E+02,1.068791E-02,2.541818E-02,1.096091E+03,1.955246E+03,5.657028E-02,1.915996E-01,2.983151E+02,5.188727E+02,1.539664E-02,5.084495E-02,5.831749E+02,8.920974E+02,3.009651E-02,8.742002E-02,2.956049E+02,2.987469E+02,1.525498E-02,2.927531E-02,5.511456E+01,1.261453E+02,2.844693E-03,1.236041E-02,4.836460E+02,8.668678E+02,2.496115E-02,8.494645E-02,5.882969E+02,7.839399E+02,3.036059E-02,7.682173E-02,9.351085E+01,1.428107E+02,4.826327E-03,1.399366E-02,5.055060E+02,9.784759E+02,2.609063E-02,9.588220E-02,4.130069E+02,5.477646E+02,2.131527E-02,5.367649E-02,4.167841E+02,9.240592E+02,2.151111E-02,9.054921E-02
13:50:00,2.062612E+02,2.593298E+02,1.064541E-02,2.541188E-02,1.092272E+03,1.944717E+03,5.637320E-02,1.905679E-01,2.970090E+02,5.346852E+02,1.532923E-02,5.239442E-02,5.820379E+02,9.036904E+02,3.003783E-02,8.855604E-02,2.951089E+02,3.040424E+02,1.522938E-02,2.979422E-02,5.468276E+01,1.257514E+02,2.822406E-03,1.232181E-02,4.821248E+02,8.844437E+02,2.488263E-02,8.666871E-02,5.872049E+02,7.993209E+02,3.030423E-02,7.832892E-02,9.301068E+01,1.427432E+02,4.800512E-03,1.398704E-02,5.025323E+02,9.794556E+02,2.593714E-02,9.597821E-02,4.118649E+02,5.450067E+02,2.125633E-02,5.340626E-02,4.148064E+02,9.217045E+02,2.140904E-02,9.031845E-02
14:00:00,2.054645E+02,2.592968E+02,1.060429E-02,2.540865E-02,1.088560E+03,1.932759E+03,5.618159E-02,1.893961E-01,2.957420E+02,5.507338E+02,1.526384E-02,5.396701E-02,5.809367E+02,9.147866E+02,2.998100E-02,8.964338E-02,2.946297E+02,3.095024E+02,1.520465E-02,3.032927E-02,5.426557E+01,1.253639E+02,2.800873E-03,1.228384E-02,4.806487E+02,9.013409E+02,2.480645E-02,8.832445E-02,5.861471E+02,8.138359E+02,3.024964E-02,7.975126E-02,9.252706E+01,1.426830E+02,4.775551E-03,1.398115E-02,4.996394E+02,9.804632E+02,2.578784E-02,9.607694E-02,4.107588E+02,5.423812E+02,2.119924E-02,5.314899E-02,4.128844E+02,9.182537E+02,2.130984E-02,8.998027E-02
14:10:00,2.046934E+02,2.592566E+02,1.056449E-02,2.540471E-02,1.084949E+03,1.919327E+03,5.599524E-02,1.880798E-01,2.945125E+02,5.667914E+02,1.520038E-02,5.554048E-02,5.798698E+02,9.251180E+02,2.992593E-02,9.065576E-02,2.941666E+02,3.149489E+02,1.518075E-02,3.086298E-02,5.386216E+01,1.249783E+02,2.780051E-03,1.224606E-02,4.792159E+02,9.172786E+02,2.473251E-02,8.988616E-02,5.851220E+02,8.272920E+02,3.019673E-02,8.106981E-02,9.205906E+01,1.426175E+02,4.751397E-03,1.397472E-02,4.968244E+02,9.814092E+02,2.564255E-02,9.616964E-02,4.096869E+02,5.398256E+02,2.114392E-02,5.289856E-02,4.110160E+02,9.136854E+02,2.121340E-02,8.953260E-02
14:20:00,2.039465E+02,2.590825E+02,1.052594E-02,2.538766E-02,1.081437E+03,1.904116E+03,5.581396E-02,1.865893E-01,2.933189E+02,5.828783E+02,1.513878E-02,5.711681E-02,5.788357E+02,9.345767E+02,2.987256E-02,9.158261E-02,2.937188E+02,3.201879E+02,1.515764E-02,3.137635E-02,5.347179E+01,1.245896E+02,2.759903E-03,1.220797E-02,4.778248E+02,9.323023E+02,2.466071E-02,9.135831E-02,5.841282E+02,8.396521E+02,3.014545E-02,8.228096E-02,9.160589E+01,1.425034E+02,4.728007E-03,1.396355E-02,4.940843E+02,9.820519E+02,2.550112E-02,9.623262E-02,4.086479E+02,5.370740E+02,2.109029E-02,5.262894E-02,4.091990E+02,9.080086E+02,2.111962E-02,8.897631E-02
14:30:00,2.032228E+02,2.588108E+02,1.048859E-02,2.536103E-02,1.078019E+03,1.887279E+03,5.563757E-02,1.849393E-01,2.921598E+02,5.987516E+02,1.507895E-02,5.867220E-02,5.778331E+02,9.429668E+02,2.982082E-02,9.240474E-02,2.932855E+02,3.251698E+02,1.513528E-02,3.186453E-02,5.309379E+01,1.241902E+02,2.740393E-03,1.216883E-02,4.764736E+02,9.461291E+02,2.459097E-02,9.271316E-02,5.831646E+02,8.507409E+02,3.009572E-02,8.336753E-02,9.116679E+01,1.423495E+02,4.705344E-03,1.394847E-02,4.914164E+02,9.824498E+02,2.536342E-02,9.627160E-02,4.076403E+02,5.342097E+02,2.103829E-02,5.234826E-02,4.074315E+02,9.011982E+02,2.102840E-02,8.830893E-02
14:40:00,2.025212E+02,2.584393E+02,1.045238E-02,2.532463E-02,1.074693E+03,1.868877E+03,5.546588E-02,1.831360E-01,2.910339E+02,6.142577E+02,1.502084E-02,6.019160E-02,5.768608E+02,9.501702E+02,2.977064E-02,9.311058E-02,2.928660E+02,3.298488E+02,1.511363E-02,3.232302E-02,5.272756E+01,1.237730E+02,2.721490E-03,1.212796E-02,4.751609E+02,9.586075E+02,2.452322E-02,9.393588E-02,5.822299E+02,8.604665E+02,3.004748E-02,8.432051E-02,9.074111E+01,1.421519E+02,4.683373E-03,1.392910E-02,4.888181E+02,9.825917E+02,2.522932E-02,9.628550E-02,4.066629E+02,5.312399E+02,2.098785E-02,5.205725E-02,4.057119E+02,8.932662E+02,2.093965E-02,8.753165E-02
14:50:00,2.018407E+02,2.579601E+02,1.041726E-02,2.527766E-02,1.071454E+03,1.849006E+03,5.529875E-02,1.811888E-01,2.899398E+02,6.292883E+02,1.496437E-02,6.166441E-02,5.759176E+02,9.561287E+02,2.972197E-02,9.369443E-02,2.924598E+02,3.341807E+02,1.509267E-02,3.274749E-02,5.237253E+01,1.233332E+02,2.703165E-03,1.208486E-02,4.738852E+02,9.696636E+02,2.445738E-02,9.501923E-02,5.813231E+02,8.687709E+02,3.000067E-02,8.513423E-02,9.032820E+01,1.419064E+02,4.662062E-03,1.390504E-02,4.862870E+02,9.824545E+02,2.509868E-02,9.627205E-02,4.057145E+02,5.281523E+02,2.093890E-02,5.175470E-02,4.040382E+02,8.842524E+02,2.085326E-02,8.664836E-02
15:00:00,2.011805E+02,2.573683E+02,1.038319E-02,2.521967E-02,1.068301E+03,1.827759E+03,5.513601E-02,1.791067E-01,2.888763E+02,6.437505E+02,1.490948E-02,6.308151E-02,5.750025E+02,9.608165E+02,2.967474E-02,9.415376E-02,2.920664E+02,3.381255E+02,1.507236E-02,3.313404E-02,5.202820E+01,1.228670E+02,2.685393E-03,1.203919E-02,4.726452E+02,9.792575E+02,2.439338E-02,9.595929E-02,5.804430E+02,8.756184E+02,2.995525E-02,8.580519E-02,8.992752E+01,1.416083E+02,4.641382E-03,1.387583E-02,4.838208E+02,9.820122E+02,2.497139E-02,9.622870E-02,4.047940E+02,5.249323E+02,2.089139E-02,5.143916E-02,4.024090E+02,8.742216E+02,2.076918E-02,8.566543E-02
15:10:00,2.005398E+02,2.566579E+02,1.035012E-02,2.515005E-02,1.065230E+03,1.805221E+03,5.497752E-02,1.768982E-01,2.878424E+02,6.575560E+02,1.485612E-02,6.443427E-02,5.741144E+02,9.642527E+02,2.962890E-02,9.449044E-02,2.916851E+02,3.417006E+02,1.505269E-02,3.348435E-02,5.169409E+01,1.223720E+02,2.668148E-03,1.199068E-02,4.714396E+02,9.873674E+02,2.433116E-02,9.675393E-02,5.795886E+02,8.809670E+02,2.991116E-02,8.632927E-02,8.953854E+01,1.412551E+02,4.621305E-03,1.384123E-02,4.814173E+02,9.812485E+02,2.484733E-02,9.615386E-02,4.039003E+02,5.215625E+02,2.084527E-02,5.110895E-02,4.008227E+02,8.632569E+02,2.068730E-02,8.459098E-02
15:20:00,1.999178E+02,2.559312E+02,1.031801E-02,2.507884E-02,1.062239E+03,1.781886E+03,5.482314E-02,1.746115E-01,2.868370E+02,6.704317E+02,1.480423E-02,6.569591E-02,5.732523E+02,9.663909E+02,2.958441E-02,9.469994E-02,2.913154E+02,3.449780E+02,1.503361E-02,3.380550E-02,5.136978E+01,1.218470E+02,2.651409E-03,1.193924E-02,4.702672E+02,9.937664E+02,2.427065E-02,9.738093E-02,5.787591E+02,8.847167E+02,2.986835E-02,8.669665E-02,8.916077E+01,1.408800E+02,4.601807E-03,1.380447E-02,4.790744E+02,9.803368E+02,2.472641E-02,9.606450E-02,4.030325E+02,5.182649E+02,2.080048E-02,5.078582E-02,3.992779E+02,8.514693E+02,2.060757E-02,8.343589E-02
15:30:00,1.993137E+02,2.551306E+02,1.028684E-02,2.500039E-02,1.059325E+03,1.757834E+03,5.467273E-02,1.722546E-01,2.858591E+02,6.824001E+02,1.475376E-02,6.686865E-02,5.724153E+02,9.673383E+02,2.954121E-02,9.479274E-02,2.909570E+02,3.479018E+02,1.501511E-02,3.409199E-02,5.105485E+01,1.212943E+02,2.635154E-03,1.188508E-02,4.691268E+02,9.986349E+02,2.421179E-02,9.785794E-02,5.779534E+02,8.869590E+02,2.982677E-02,8.691634E-02,8.879375E+01,1.404651E+02,4.582864E-03,1.376382E-02,4.767902E+02,9.791590E+02,2.460852E-02,9.594908E-02,4.021895E+02,5.149086E+02,2.075697E-02,5.045693E-02,3.977731E+02,8.390530E+02,2.052991E-02,8.221921E-02
15:40:00,1.987268E+02,2.542389E+02,1.025655E-02,2.491301E-02,1.056485E+03,1.733288E+03,5.452616E-02,1.698493E-01,2.849077E+02,6.934154E+02,1.470465E-02,6.794798E-02,5.716024E+02,9.671831E+02,2.949926E-02,9.477750E-02,2.906093E+02,3.504296E+02,1.499717E-02,3.433968E-02,5.074894E+01,1.207162E+02,2.619365E-03,1.182843E-02,4.680174E+02,1.002100E+03,2.415454E-02,9.819748E-02,5.771709E+02,8.877440E+02,2.978639E-02,8.699321E-02,8.843707E+01,1.400058E+02,4.564455E-03,1.371881E-02,4.745628E+02,9.776753E+02,2.449355E-02,9.580369E-02,4.013705E+02,5.114434E+02,2.071470E-02,5.011737E-02,3.963071E+02,8.262178E+02,2.045424E-02,8.096147E-02
15:50:00,1.981566E+02,2.532464E+02,1.022712E-02,2.481576E-02,1.053717E+03,1.708545E+03,5.438332E-02,1.674247E-01,2.839820E+02,7.034194E+02,1.465687E-02,6.892823E-02,5.708129E+02,9.660114E+02,2.945852E-02,9.466264E-02,2.902720E+02,3.525238E+02,1.497976E-02,3.454488E-02,5.045169E+01,1.201143E+02,2.604023E-03,1.176946E-02,4.669379E+02,1.004273E+03,2.409882E-02,9.841032E-02,5.764106E+02,8.871358E+02,2.974715E-02,8.693358E-02,8.809033E+01,1.394985E+02,4.546559E-03,1.366910E-02,4.723904E+02,9.758658E+02,2.438143E-02,9.562637E-02,4.005747E+02,5.078435E+02,2.067363E-02,4.976461E-02,3.948786E+02,8.132013E+02,2.038051E-02,7.968599E-02
16:00:00,1.976024E+02,2.521416E+02,1.019852E-02,2.470749E-02,1.051020E+03,1.683953E+03,5.424409E-02,1.650148E-01,2.830810E+02,7.123442E+02,1.461037E-02,6.980273E-02,5.700460E+02,9.639283E+02,2.941894E-02,9.445849E-02,2.899447E+02,3.541523E+02,1.496287E-02,3.470446E-02,5.016277E+01,1.194900E+02,2.589110E-03,1.170828E-02,4.658873E+02,1.005291E+03,2.404460E-02,9.851007E-02,5.756718E+02,8.852179E+02,2.970902E-02,8.674560E-02,8.775316E+01,1.389411E+02,4.529157E-03,1.361448E-02,4.702714E+02,9.737221E+02,2.427206E-02,9.541630E-02,3.998013E+02,5.040894E+02,2.063371E-02,4.939675E-02,3.934864E+02,8.002719E+02,2.030866E-02,7.841903E-02
16:10:00,1.970637E+02,2.509155E+02,1.017071E-02,2.458736E-02,1.048390E+03,1.659937E+03,5.410835E-02,1.626615E-01,2.822039E+02,7.201374E+02,1.456510E-02,7.056633E-02,5.693008E+02,9.610254E+02,2.938048E-02,9.417401E-02,2.896270E+02,3.552821E+02,1.494647E-02,3.481515E-02,4.988188E+01,1.188445E+02,2.574612E-03,1.164503E-02,4.648647E+02,1.005344E+03,2.399182E-02,9.851520E-02,5.749537E+02,8.821459E+02,2.967196E-02,8.644454E-02,8.742521E+01,1.383298E+02,4.512230E-03,1.355459E-02,4.682040E+02,9.712347E+02,2.416536E-02,9.517255E-02,3.990494E+02,5.001667E+02,2.059491E-02,4.901235E-02,3.921294E+02,7.877253E+02,2.023862E-02,7.718959E-02
16:20:00,1.965399E+02,2.496385E+02,1.014367E-02,2.446221E-02,1.045825E+03,1.636946E+03,5.397600E-02,1.604085E-01,2.813500E+02,7.267309E+02,1.452103E-02,7.121239E-02,5.685767E+02,9.574164E+02,2.934311E-02,9.382034E-02,2.893185E+02,3.559732E+02,1.493055E-02,3.488286E-02,4.960871E+01,1.181795E+02,2.560513E-03,1.157988E-02,4.638691E+02,1.004616E+03,2.394044E-02,9.844384E-02,5.742557E+02,8.781464E+02,2.963593E-02,8.605259E-02,8.710616E+01,1.376884E+02,4.495763E-03,1.349174E-02,4.661868E+02,9.685430E+02,2.406124E-02,9.490878E-02,3.983183E+02,4.961383E+02,2.055718E-02,4.861761E-02,3.908064E+02,7.758990E+02,2.017034E-02,7.603074E-02
16:30:00,1.960304E+02,2.484554E+02,1.011738E-02,2.434629E-02,1.043325E+03,1.615181E+03,5.384693E-02,1.582758E-01,2.805186E+02,7.320418E+02,1.447812E-02,7.173276E-02,5.678728E+02,9.531225E+02,2.930678E-02,9.339956E-02,2.890189E+02,3.563820E+02,1.491509E-02,3.492291E-02,4.934300E+01,1.174989E+02,2.546799E-03,1.151319E-02,4.628998E+02,1.003162E+03,2.389041E-02,9.830134E-02,5.735770E+02,8.735585E+02,2.960091E-02,8.560299E-02,8.679567E+01,1.370665E+02,4.479738E-03,1.343079E-02,4.642181E+02,9.659199E+02,2.395963E-02,9.465173E-02,3.976074E+02,4.921513E+02,2.052049E-02,4.822691E-02,3.895165E+02,7.649529E+02,2.010376E-02,7.495816E-02
16:40:00,1.955349E+02,2.474928E+02,1.009180E-02,2.425196E-02,1.040886E+03,1.594667E+03,5.372106E-02,1.562656E-01,2.797088E+02,7.360054E+02,1.443632E-02,7.212111E-02,5.671886E+02,9.480745E+02,2.927147E-02,9.290487E-02,2.887280E+02,3.566393E+02,1.490008E-02,3.494811E-02,4.908449E+01,1.168088E+02,2.533455E-03,1.144557E-02,4.619558E+02,1.000913E+03,2.384169E-02,9.808093E-02,5.729170E+02,8.685813E+02,2.956685E-02,8.511525E-02,8.649348E+01,1.365092E+02,4.464141E-03,1.337619E-02,4.622967E+02,9.636025E+02,2.386046E-02,9.442465E-02,3.969160E+02,4.883361E+02,2.048480E-02,4.785307E-02,3.882586E+02,7.549214E+02,2.003884E-02,7.397520E-02
16:50:00,1.950528E+02,2.468592E+02,1.006692E-02,2.418988E-02,1.038507E+03,1.575317E+03,5.359828E-02,1.543695E-01,2.789200E+02,7.385453E+02,1.439561E-02,7.236996E-02,5.665234E+02,9.421512E+02,2.923714E-02,9.232443E-02,2.884453E+02,3.568583E+02,1.488549E-02,3.496956E-02,4.883292E+01,1.161176E+02,2.520471E-03,1.137784E-02,4.610364E+02,9.977413E+02,2.379424E-02,9.777014E-02,5.722752E+02,8.631447E+02,2.953372E-02,8.458250E-02,8.619928E+01,1.360577E+02,4.448956E-03,1.333195E-02,4.604210E+02,9.617923E+02,2.376365E-02,9.424727E-02,3.962434E+02,4.848046E+02,2.045009E-02,4.750701E-02,3.870317E+02,7.457578E+02,1.997552E-02,7.307728E-02
17:00:00,1.945836E+02,2.465186E+02,1.004271E-02,2.415651E-02,1.036186E+03,1.556417E+03,5.347850E-02,1.525176E-01,2.781516E+02,7.392700E+02,1.435595E-02,7.244094E-02,5.658766E+02,9.346260E+02,2.920376E-02,9.158700E-02,2.881707E+02,3.568461E+02,1.487132E-02,3.496837E-02,4.858806E+01,1.154337E+02,2.507833E-03,1.131084E-02,4.601407E+02,9.929412E+02,2.374801E-02,9.729976E-02,5.716509E+02,8.562018E+02,2.950150E-02,8.390214E-02,8.591282E+01,1.357055E+02,4.434171E-03,1.329743E-02,4.585898E+02,9.604227E+02,2.366914E-02,9.411307E-02,3.955891E+02,4.814009E+02,2.041632E-02,4.717349E-02,3.858350E+02,7.371642E+02,1.991375E-02,7.223522E-02
17:10:00,1.941270E+02,2.466080E+02,1.001914E-02,2.416527E-02,1.033922E+03,1.537910E+03,5.336163E-02,1.507040E-01,2.774028E+02,7.383116E+02,1.431731E-02,7.234698E-02,5.652476E+02,9.255503E+02,2.917130E-02,9.069763E-02,2.879038E+02,3.568046E+02,1.485754E-02,3.496429E-02,4.834970E+01,1.147623E+02,2.495530E-03,1.124504E-02,4.592682E+02,9.865658E+02,2.370298E-02,9.667500E-02,5.710435E+02,8.477151E+02,2.947016E-02,8.307049E-02,8.563384E+01,1.355019E+02,4.419772E-03,1.327749E-02,4.568019E+02,9.597269E+02,2.357686E-02,9.404491E-02,3.949524E+02,4.783093E+02,2.038346E-02,4.687055E-02,3.846676E+02,7.290248E+02,1.985350E-02,7.143767E-02
17:20:00,1.936826E+02,2.471029E+02,9.996207E-03,2.421379E-02,1.031712E+03,1.519504E+03,5.324760E-02,1.489005E-01,2.766733E+02,7.356631E+02,1.427965E-02,7.208743E-02,5.646358E+02,9.147899E+02,2.913972E-02,8.964317E-02,2.876444E+02,3.567093E+02,1.484416E-02,3.495495E-02,4.811761E+01,1.141078E+02,2.483551E-03,1.118092E-02,4.584180E+02,9.784204E+02,2.365910E-02,9.587680E-02,5.704526E+02,8.374454E+02,2.943966E-02,8.206411E-02,8.536210E+01,1.354430E+02,4.405747E-03,1.327172E-02,4.550559E+02,9.596380E+02,2.348674E-02,9.403621E-02,3.943328E+02,4.755190E+02,2.035148E-02,4.659713E-02,3.835285E+02,7.210966E+02,1.979470E-02,7.066080E-02
17:30:00,1.932500E+02,2.478683E+02,9.973877E-03,2.428880E-02,1.029556E+03,1.501007E+03,5.313631E-02,1.470879E-01,2.759622E+02,7.312976E+02,1.424295E-02,7.165962E-02,5.640406E+02,9.022208E+02,2.910901E-02,8.841147E-02,2.873923E+02,3.563734E+02,1.483114E-02,3.492204E-02,4.789159E+01,1.134743E+02,2.471885E-03,1.111884E-02,4.575895E+02,9.683346E+02,2.361634E-02,9.488846E-02,5.698775E+02,8.249955E+02,2.940998E-02,8.084409E-02,8.509736E+01,1.354877E+02,4.392083E-03,1.327611E-02,4.533507E+02,9.598899E+02,2.339873E-02,9.406092E-02,3.937297E+02,4.728833E+02,2.032036E-02,4.633887E-02,3.824170E+02,7.132276E+02,1.973734E-02,6.988974E-02
17:40:00,1.928287E+02,2.487541E+02,9.952134E-03,2.437560E-02,1.027452E+03,1.482366E+03,5.302770E-02,1.452613E-01,2.752691E+02,7.251626E+02,1.420718E-02,7.105842E-02,5.634617E+02,8.877708E+02,2.907912E-02,8.699545E-02,2.871471E+02,3.555810E+02,1.481849E-02,3.484439E-02,4.767146E+01,1.128628E+02,2.460523E-03,1.105893E-02,4.567821E+02,9.561968E+02,2.357467E-02,9.369903E-02,5.693179E+02,8.106161E+02,2.938110E-02,7.943498E-02,8.483942E+01,1.355884E+02,4.378770E-03,1.328597E-02,4.516852E+02,9.601951E+02,2.331277E-02,9.409084E-02,3.931427E+02,4.702342E+02,2.029006E-02,4.607929E-02,3.813322E+02,7.053648E+02,1.968135E-02,6.911926E-02
17:50:00,1.924185E+02,2.495987E+02,9.930962E-03,2.445837E-02,1.025398E+03,1.463527E+03,5.292169E-02,1.434152E-01,2.745935E+02,7.172094E+02,1.417231E-02,7.027906E-02,5.628983E+02,8.713953E+02,2.905005E-02,8.539075E-02,2.869087E+02,3.540996E+02,1.480619E-02,3.469921E-02,4.745702E+01,1.122712E+02,2.449455E-03,1.100095E-02,4.559951E+02,9.419246E+02,2.353405E-02,9.230045E-02,5.687731E+02,7.946171E+02,2.935298E-02,7.786716E-02,8.458804E+01,1.356908E+02,4.365796E-03,1.329601E-02,4.500583E+02,9.602530E+02,2.322880E-02,9.409653E-02,3.925712E+02,4.673912E+02,2.026056E-02,4.580071E-02,3.802735E+02,6.974504E+02,1.962671E-02,6.834374E-02
18:00:00,1.920190E+02,2.503483E+02,9.910341E-03,2.453183E-02,1.023393E+03,1.445001E+03,5.281820E-02,1.415998E-01,2.739348E+02,7.076957E+02,1.413832E-02,6.934679E-02,5.623501E+02,8.534263E+02,2.902176E-02,8.362989E-02,2.866768E+02,3.519400E+02,1.479422E-02,3.448759E-02,4.724809E+01,1.116952E+02,2.438671E-03,1.094452E-02,4.552279E+02,9.259423E+02,2.349446E-02,9.073431E-02,5.682428E+02,7.780181E+02,2.932562E-02,7.624056E-02,8.434304E+01,1.357753E+02,4.353150E-03,1.330429E-02,4.484689E+02,9.599708E+02,2.314676E-02,9.406887E-02,3.920148E+02,4.643993E+02,2.023184E-02,4.550752E-02,3.792400E+02,6.896403E+02,1.957337E-02,6.757844E-02
18:10:00,2.004923E+02,2.507375E+02,1.034766E-02,2.456996E-02,1.069844E+03,1.426549E+03,5.521561E-02,1.397916E-01,2.838286E+02,6.963536E+02,1.464895E-02,6.823536E-02,5.898768E+02,8.334198E+02,3.044236E-02,8.166939E-02,3.014342E+02,3.486826E+02,1.555579E-02,3.416837E-02,4.704451E+01,1.111317E+02,2.428164E-03,1.088931E-02,4.763889E+02,9.078705E+02,2.458658E-02,8.896340E-02,5.970834E+02,7.606410E+02,3.081401E-02,7.453772E-02,8.710903E+01,1.357517E+02,4.495910E-03,1.330198E-02,4.622721E+02,9.588891E+02,2.385919E-02,9.396288E-02,4.100012E+02,4.609162E+02,2.116012E-02,4.516621E-02,3.935873E+02,6.818398E+02,2.031386E-02,6.681407E-02
18:20:00,2.089788E+02,2.505538E+02,1.078563E-02,2.455196E-02,1.116365E+03,1.408015E+03,5.761640E-02,1.379755E-01,2.937421E+02,6.830656E+02,1.516058E-02,6.693325E-02,6.174278E+02,8.117434E+02,3.186404E-02,7.954524E-02,3.162025E+02,3.439940E+02,1.631781E-02,3.370891E-02,4.684612E+01,1.105745E+02,2.417924E-03,1.083471E-02,4.975775E+02,8.875392E+02,2.568005E-02,8.697110E-02,6.259479E+02,7.422991E+02,3.230345E-02,7.274034E-02,8.988172E+01,1.355458E+02,4.639009E-03,1.328180E-02,4.761167E+02,9.566557E+02,2.457372E-02,9.374401E-02,4.280086E+02,4.566784E+02,2.208940E-02,4.475094E-02,4.079645E+02,6.739858E+02,2.105586E-02,6.604446E-02
18:30:00,2.174806E+02,2.493929E+02,1.122433E-02,2.443819E-02,1.162964E+03,1.389170E+03,6.002095E-02,1.361288E-01,3.036772E+02,6.672111E+02,1.567328E-02,6.537966E-02,6.450204E+02,7.876090E+02,3.328732E-02,7.718022E-02,3.309916E+02,3.371666E+02,1.708044E-02,3.303986E-02,4.665278E+01,1.100121E+02,2.407945E-03,1.077961E-02,5.188011E+02,8.641947E+02,2.677511E-02,8.468351E-02,6.548542E+02,7.220893E+02,3.379442E-02,7.075993E-02,9.266163E+01,1.350162E+02,4.782468E-03,1.322991E-02,4.900020E+02,9.525736E+02,2.529033E-02,9.334398E-02,4.460451E+02,4.512092E+02,2.301996E-02,4.421499E-02,4.223732E+02,6.659936E+02,2.179942E-02,6.526131E-02
18:40:00,2.259981E+02,2.472162E+02,1.166376E-02,2.422488E-02,1.209649E+03,1.370023E+03,6.242943E-02,1.342526E-01,3.136352E+02,6.492077E+02,1.618708E-02,6.361549E-02,6.726504E+02,7.613902E+02,3.471188E-02,7.461095E-02,3.457973E+02,3.282609E+02,1.784346E-02,3.216714E-02,4.646441E+01,1.094267E+02,2.398222E-03,1.072225E-02,5.400606E+02,8.383914E+02,2.787175E-02,8.215499E-02,6.837971E+02,6.998078E+02,3.528655E-02,6.857648E-02,9.544883E+01,1.341377E+02,4.926284E-03,1.314382E-02,5.039306E+02,9.466014E+02,2.600912E-02,9.275873E-02,4.641102E+02,4.444746E+02,2.395172E-02,4.355504E-02,4.368155E+02,6.578385E+02,2.254464E-02,6.446220E-02
18:50:00,2.345292E+02,2.436117E+02,1.210384E-02,2.387166E-02,1.256405E+03,1.350484E+03,6.484123E-02,1.323379E-01,3.236140E+02,6.284567E+02,1.670189E-02,6.158208E-02,7.003066E+02,7.324541E+02,3.613741E-02,7.177540E-02,3.606149E+02,3.166085E+02,1.860687E-02,3.102526E-02,4.628097E+01,1.087984E+02,2.388754E-03,1.066068E-02,5.613490E+02,8.094756E+02,2.896968E-02,7.932147E-02,7.127651E+02,6.741690E+02,3.677959E-02,6.606403E-02,9.824284E+01,1.327596E+02,5.070436E-03,1.300878E-02,5.179001E+02,9.380082E+02,2.672998E-02,9.191662E-02,4.821981E+02,4.360275E+02,2.488446E-02,4.272727E-02,4.512883E+02,6.494765E+02,2.329135E-02,6.364280E-02
19:00:00,2.430725E+02,2.386650E+02,1.254450E-02,2.338690E-02,1.303221E+03,1.330596E+03,6.725593E-02,1.303890E-01,3.336119E+02,6.056016E+02,1.721764E-02,5.934250E-02,7.279829E+02,7.016694E+02,3.756385E-02,6.875869E-02,3.754425E+02,3.025276E+02,1.937078E-02,2.964542E-02,4.610243E+01,1.081031E+02,2.379539E-03,1.059255E-02,5.826618E+02,7.782915E+02,3.006877E-02,7.626567E-02,7.417526E+02,6.456286E+02,3.827350E-02,6.326725E-02,1.010433E+02,1.308913E+02,5.214912E-03,1.282571E-02,5.319086E+02,9.269569E+02,2.745281E-02,9.083364E-02,5.003047E+02,4.259739E+02,2.581808E-02,4.174208E-02,4.657891E+02,6.408901E+02,2.403945E-02,6.280142E-02
19:10:00,2.427644E+02,2.326014E+02,1.252832E-02,2.279269E-02,1.301682E+03,1.310565E+03,6.717482E-02,1.284261E-01,3.330915E+02,5.814591E+02,1.719050E-02,5.697677E-02,7.276167E+02,6.701506E+02,3.754306E-02,6.567005E-02,3.752967E+02,2.865940E+02,1.936198E-02,2.808401E-02,4.592874E+01,1.073185E+02,2.370574E-03,1.051567E-02,5.820869E+02,7.459231E+02,3.003818E-02,7.309382E-02,7.414003E+02,6.151090E+02,3.825328E-02,6.027650E-02,1.008451E+02,1.285885E+02,5.204614E-03,1.260005E-02,5.305982E+02,9.138497E+02,2.738496E-02,8.954919E-02,4.998998E+02,4.146036E+02,2.579629E-02,4.062785E-02,4.649599E+02,6.321354E+02,2.399630E-02,6.194355E-02
19:20:00,2.424635E+02,2.258951E+02,1.251252E-02,2.213552E-02,1.300169E+03,1.290513E+03,6.709517E-02,1.264612E-01,3.325842E+02,5.572807E+02,1.716404E-02,5.460753E-02,7.272571E+02,6.387548E+02,3.752279E-02,6.259348E-02,3.751548E+02,2.698414E+02,1.935351E-02,2.644236E-02,4.575981E+01,1.064296E+02,2.361855E-03,1.042857E-02,5.815228E+02,7.139275E+02,3.000821E-02,6.995852E-02,7.410541E+02,5.842114E+02,3.823356E-02,5.724871E-02,1.006521E+02,1.259942E+02,5.194586E-03,1.234584E-02,5.293176E+02,8.995449E+02,2.731866E-02,8.814739E-02,4.995035E+02,4.024749E+02,2.577502E-02,3.943931E-02,4.641492E+02,6.232380E+02,2.395411E-02,6.107168E-02
19:30:00,2.421670E+02,2.192067E+02,1.249701E-02,2.148010E-02,1.298667E+03,1.271245E+03,6.701639E-02,1.245732E-01,3.320864E+02,5.346019E+02,1.713813E-02,5.238524E-02,7.268852E+02,6.094658E+02,3.750246E-02,5.972338E-02,3.750059E+02,2.536507E+02,1.934514E-02,2.485578E-02,4.559551E+01,1.054345E+02,2.353375E-03,1.033106E-02,5.809603E+02,6.842965E+02,2.997854E-02,6.705496E-02,7.406942E+02,5.551202E+02,3.821378E-02,5.439797E-02,1.004634E+02,1.233244E+02,5.184791E-03,1.208422E-02,5.280650E+02,8.852395E+02,2.725381E-02,8.674555E-02,4.991064E+02,3.904823E+02,2.575393E-02,3.826412E-02,4.633534E+02,6.144803E+02,2.391274E-02,6.021352E-02
19:40:00,2.418735E+02,2.127464E+02,1.248173E-02,2.084705E-02,1.297167E+03,1.252986E+03,6.693813E-02,1.227839E-01,3.315959E+02,5.136863E+02,1.711265E-02,5.033576E-02,7.265039E+02,5.826986E+02,3.748227E-02,5.710042E-02,3.748532E+02,2.384395E+02,1.933704E-02,2.336522E-02,4.543564E+01,1.043501E+02,2.345123E-03,1.022481E-02,5.803971E+02,6.573284E+02,2.994909E-02,6.441236E-02,7.403246E+02,5.283315E+02,3.819420E-02,5.177289E-02,1.002785E+02,1.206605E+02,5.175209E-03,1.182320E-02,5.268356E+02,8.713246E+02,2.719020E-02,8.538200E-02,4.987078E+02,3.789356E+02,2.573303E-02,3.713263E-02,4.625687E+02,6.059799E+02,2.387203E-02,5.938057E-02
19:50:00,2.415844E+02,2.070846E+02,1.246674E-02,2.029225E-02,1.295679E+03,1.235993E+03,6.686086E-02,1.211188E-01,3.311136E+02,4.957189E+02,1.708766E-02,4.857519E-02,7.261229E+02,5.597051E+02,3.746249E-02,5.484728E-02,3.747009E+02,2.252975E+02,1.932917E-02,2.207742E-02,4.527995E+01,1.032036E+02,2.337088E-03,1.011247E-02,5.798387E+02,6.343704E+02,2.992009E-02,6.216274E-02,7.399553E+02,5.054226E+02,3.817504E-02,4.952803E-02,1.000974E+02,1.182104E+02,5.165842E-03,1.158312E-02,5.256295E+02,8.588572E+02,2.712782E-02,8.416031E-02,4.983123E+02,3.685254E+02,2.571248E-02,3.611253E-02,4.617967E+02,5.978818E+02,2.383204E-02,5.858704E-02
20:00:00,2.413005E+02,2.023106E+02,1.245205E-02,1.982446E-02,1.294211E+03,1.220335E+03,6.678484E-02,1.195844E-01,3.306401E+02,4.806171E+02,1.706316E-02,4.709542E-02,7.257471E+02,5.403613E+02,3.744310E-02,5.295180E-02,3.745500E+02,2.143431E+02,1.932140E-02,2.100401E-02,4.512820E+01,1.020306E+02,2.329255E-03,9.997533E-03,5.792887E+02,6.152278E+02,2.989162E-02,6.028702E-02,7.395908E+02,4.863872E+02,3.815625E-02,4.766277E-02,9.992025E+01,1.160297E+02,5.156685E-03,1.136944E-02,5.244467E+02,8.480247E+02,2.706668E-02,8.309885E-02,4.979228E+02,3.594020E+02,2.569235E-02,3.521853E-02,4.610382E+02,5.902730E+02,2.379280E-02,5.784146E-02
20:10:00,2.410222E+02,1.984277E+02,1.243767E-02,1.944400E-02,1.292768E+03,1.206037E+03,6.671021E-02,1.181833E-01,3.301757E+02,4.681147E+02,1.703916E-02,4.587038E-02,7.253781E+02,5.243013E+02,3.742406E-02,5.137813E-02,3.744007E+02,2.054848E+02,1.931370E-02,2.013601E-02,4.498016E+01,1.008679E+02,2.321614E-03,9.883605E-03,5.787487E+02,5.994691E+02,2.986372E-02,5.874289E-02,7.392325E+02,4.709105E+02,3.813777E-02,4.614625E-02,9.974692E+01,1.141474E+02,5.147732E-03,1.118501E-02,5.232870E+02,8.388653E+02,2.700675E-02,8.220135E-02,4.975407E+02,3.516043E+02,2.567261E-02,3.445446E-02,4.602941E+02,5.832216E+02,2.375433E-02,5.715051E-02
20:20:00,2.407498E+02,1.951826E+02,1.242360E-02,1.912604E-02,1.291352E+03,1.193111E+03,6.663704E-02,1.169167E-01,3.297206E+02,4.574496E+02,1.701565E-02,4.482538E-02,7.250159E+02,5.106407E+02,3.740537E-02,5.003957E-02,3.742532E+02,1.981568E+02,1.930608E-02,1.941797E-02,4.483565E+01,9.974761E+01,2.314155E-03,9.773834E-03,5.782194E+02,5.860921E+02,2.983640E-02,5.743216E-02,7.388804E+02,4.579812E+02,3.811960E-02,4.487935E-02,9.957735E+01,1.125038E+02,5.138975E-03,1.102396E-02,5.221502E+02,8.309412E+02,2.694802E-02,8.142492E-02,4.971662E+02,3.448759E+02,2.565328E-02,3.379517E-02,4.595644E+02,5.767819E+02,2.371663E-02,5.651950E-02
20:30:00,2.404848E+02,1.923591E+02,1.240992E-02,1.884938E-02,1.289972E+03,1.181041E+03,6.656575E-02,1.157341E-01,3.292776E+02,4.481008E+02,1.699277E-02,4.390935E-02,7.246624E+02,4.985672E+02,3.738712E-02,4.885653E-02,3.741085E+02,1.918744E+02,1.929861E-02,1.880238E-02,4.469540E+01,9.869134E+01,2.306916E-03,9.670336E-03,5.777040E+02,5.743008E+02,2.980979E-02,5.627679E-02,7.385366E+02,4.467175E+02,3.810185E-02,4.377568E-02,9.941247E+01,1.110418E+02,5.130463E-03,1.088071E-02,5.210431E+02,8.238746E+02,2.689083E-02,8.073250E-02,4.968014E+02,3.388833E+02,2.563445E-02,3.320798E-02,4.588538E+02,5.708080E+02,2.367992E-02,5.593414E-02
20:40:00,2.402271E+02,1.898539E+02,1.239661E-02,1.860392E-02,1.288626E+03,1.169617E+03,6.649628E-02,1.146146E-01,3.288463E+02,4.397829E+02,1.697050E-02,4.309432E-02,7.243179E+02,4.876779E+02,3.736934E-02,4.778951E-02,3.739671E+02,1.863881E+02,1.929131E-02,1.826480E-02,4.455930E+01,9.770741E+01,2.299892E-03,9.573928E-03,5.772022E+02,5.636941E+02,2.978388E-02,5.523749E-02,7.382012E+02,4.366848E+02,3.808454E-02,4.279260E-02,9.925223E+01,1.097316E+02,5.122191E-03,1.075234E-02,5.199645E+02,8.174828E+02,2.683513E-02,8.010622E-02,4.964464E+02,3.334647E+02,2.561612E-02,3.267703E-02,4.581616E+02,5.652294E+02,2.364418E-02,5.538751E-02
20:50:00,2.399762E+02,1.876030E+02,1.238366E-02,1.838336E-02,1.287314E+03,1.158725E+03,6.642852E-02,1.135474E-01,3.284261E+02,4.322967E+02,1.694880E-02,4.236079E-02,7.239820E+02,4.777233E+02,3.735201E-02,4.681408E-02,3.738289E+02,1.815361E+02,1.928418E-02,1.778937E-02,4.442706E+01,9.679581E+01,2.293066E-03,9.484606E-03,5.767131E+02,5.540191E+02,2.975864E-02,5.428947E-02,7.378740E+02,4.276159E+02,3.806766E-02,4.190395E-02,9.909635E+01,1.085510E+02,5.114144E-03,1.063665E-02,5.189120E+02,8.116449E+02,2.678079E-02,7.953419E-02,4.961004E+02,3.285155E+02,2.559827E-02,3.219208E-02,4.574866E+02,5.599935E+02,2.360933E-02,5.487446E-02
21:00:00,2.397319E+02,1.855594E+02,1.237105E-02,1.818312E-02,1.286032E+03,1.148290E+03,6.636239E-02,1.125248E-01,3.280164E+02,4.254883E+02,1.692766E-02,4.169367E-02,7.236545E+02,4.685234E+02,3.733511E-02,4.591258E-02,3.736940E+02,1.771978E+02,1.927722E-02,1.736427E-02,4.429849E+01,9.595228E+01,2.286430E-03,9.401955E-03,5.762364E+02,5.450930E+02,2.973404E-02,5.341482E-02,7.375550E+02,4.193189E+02,3.805120E-02,4.109093E-02,9.894465E+01,1.074809E+02,5.106314E-03,1.053181E-02,5.178844E+02,8.062655E+02,2.672773E-02,7.900709E-02,4.957632E+02,3.239552E+02,2.558087E-02,3.174522E-02,4.568281E+02,5.550547E+02,2.357534E-02,5.439052E-02
21:10:00,2.394939E+02,1.836796E+02,1.235877E-02,1.799893E-02,1.284782E+03,1.138210E+03,6.629783E-02,1.115371E-01,3.276169E+02,4.192268E+02,1.690704E-02,4.108014E-02,7.233352E+02,4.599174E+02,3.731864E-02,4.506928E-02,3.735623E+02,1.732661E+02,1.927043E-02,1.697901E-02,4.417343E+01,9.517085E+01,2.279975E-03,9.325388E-03,5.757716E+02,5.367586E+02,2.971005E-02,5.259816E-02,7.372439E+02,4.116234E+02,3.803515E-02,4.033686E-02,9.879696E+01,1.065028E+02,5.098692E-03,1.043596E-02,5.168807E+02,8.012544E+02,2.667591E-02,7.851608E-02,4.954347E+02,3.197035E+02,2.556392E-02,3.132861E-02,4.561855E+02,5.503602E+02,2.354216E-02,5.393051E-02
21:20:00,2.392621E+02,1.819350E+02,1.234681E-02,1.782798E-02,1.283560E+03,1.128439E+03,6.623480E-02,1.105796E-01,3.272273E+02,4.134158E+02,1.688693E-02,4.051074E-02,7.230240E+02,4.517997E+02,3.730258E-02,4.427382E-02,3.734338E+02,1.696664E+02,1.926380E-02,1.662628E-02,4.405172E+01,9.444503E+01,2.273694E-03,9.254270E-03,5.753183E+02,5.289101E+02,2.968666E-02,5.182910E-02,7.369405E+02,4.044173E+02,3.801949E-02,3.963073E-02,9.865314E+01,1.056026E+02,5.091269E-03,1.034777E-02,5.159001E+02,7.965493E+02,2.662528E-02,7.805505E-02,4.951145E+02,3.157084E+02,2.554739E-02,3.093714E-02,4.555583E+02,5.458763E+02,2.350979E-02,5.349115E-02
21:30:00,2.390347E+02,1.803026E+02,1.233507E-02,1.766803E-02,1.282360E+03,1.118941E+03,6.617286E-02,1.096489E-01,3.268446E+02,4.079782E+02,1.686718E-02,3.997792E-02,7.227189E+02,4.440883E+02,3.728684E-02,4.351817E-02,3.733077E+02,1.663393E+02,1.925729E-02,1.630026E-02,4.393235E+01,9.376850E+01,2.267532E-03,9.187982E-03,5.748734E+02,5.214651E+02,2.966370E-02,5.109957E-02,7.366431E+02,3.976133E+02,3.800415E-02,3.896400E-02,9.851205E+01,1.047688E+02,5.083987E-03,1.026606E-02,5.149348E+02,7.920992E+02,2.657546E-02,7.761900E-02,4.948004E+02,3.119278E+02,2.553119E-02,3.056667E-02,4.549416E+02,5.415746E+02,2.347796E-02,5.306963E-02
21:40:00,2.388117E+02,1.787638E+02,1.232356E-02,1.751725E-02,1.281181E+03,1.109686E+03,6.611201E-02,1.087420E-01,3.264688E+02,4.028525E+02,1.684778E-02,3.947567E-02,7.224200E+02,4.367194E+02,3.727141E-02,4.279609E-02,3.731840E+02,1.632374E+02,1.925092E-02,1.599630E-02,4.381520E+01,9.313541E+01,2.261486E-03,9.125950E-03,5.744368E+02,5.143596E+02,2.964117E-02,5.040330E-02,7.363515E+02,3.911436E+02,3.798910E-02,3.833003E-02,9.837354E+01,1.039911E+02,5.076838E-03,1.018986E-02,5.139852E+02,7.878629E+02,2.652644E-02,7.720390E-02,4.944924E+02,3.083275E+02,2.551529E-02,3.021389E-02,4.543355E+02,5.374314E+02,2.344668E-02,5.266366E-02
21:50:00,2.385933E+02,1.773037E+02,1.231229E-02,1.737418E-02,1.280025E+03,1.100652E+03,6.605234E-02,1.078567E-01,3.261003E+02,3.979897E+02,1.682877E-02,3.899919E-02,7.221275E+02,4.296430E+02,3.725632E-02,4.210267E-02,3.730629E+02,1.603226E+02,1.924467E-02,1.571068E-02,4.370035E+01,9.254047E+01,2.255558E-03,9.067656E-03,5.740090E+02,5.075432E+02,2.961910E-02,4.973538E-02,7.360661E+02,3.849550E+02,3.797438E-02,3.772360E-02,9.823770E+01,1.032613E+02,5.069828E-03,1.011835E-02,5.130527E+02,7.838071E+02,2.647830E-02,7.680647E-02,4.941909E+02,3.048801E+02,2.549974E-02,2.987608E-02,4.537408E+02,5.334275E+02,2.341598E-02,5.227131E-02
22:00:00,2.383794E+02,1.759099E+02,1.230126E-02,1.723761E-02,1.278892E+03,1.091818E+03,6.599388E-02,1.069911E-01,3.257394E+02,3.933509E+02,1.681014E-02,3.854464E-02,7.218415E+02,4.228198E+02,3.724157E-02,4.143405E-02,3.729443E+02,1.575643E+02,1.923855E-02,1.544040E-02,4.358779E+01,9.197900E+01,2.249748E-03,9.012642E-03,5.735901E+02,5.009766E+02,2.959748E-02,4.909192E-02,7.357868E+02,3.790058E+02,3.795997E-02,3.714062E-02,9.810454E+01,1.025722E+02,5.062956E-03,1.005083E-02,5.121379E+02,7.799047E+02,2.643108E-02,7.642409E-02,4.938960E+02,3.015635E+02,2.548452E-02,2.955109E-02,4.531577E+02,5.295466E+02,2.338589E-02,5.189103E-02
22:10:00,1.985601E+02,1.460095E+02,1.024643E-02,1.430764E-02,1.065269E+03,9.255819E+02,5.497046E-02,9.030143E-02,2.712985E+02,3.332472E+02,1.400066E-02,3.250221E-02,6.181539E+02,3.648051E+02,3.170280E-02,3.543115E-02,3.192806E+02,1.319627E+02,1.637333E-02,1.289389E-02,3.627610E+01,7.641424E+01,1.872361E-03,7.487516E-03,4.778166E+02,4.290908E+02,2.465553E-02,4.175002E-02,6.320060E+02,3.243407E+02,3.238963E-02,3.155752E-02,8.169812E+01,8.518886E+01,4.216257E-03,8.347477E-03,4.263991E+02,6.518706E+02,2.200616E-02,6.380511E-02,4.114566E+02,2.529841E+02,2.123073E-02,2.472717E-02,3.773876E+02,4.455576E+02,1.947566E-02,4.353900E-02
22:20:00,1.587776E+02,1.168292E+02,8.193508E-03,1.143899E-02,8.518418E+02,7.766828E+02,4.395708E-02,7.498373E-02,2.169198E+02,2.779219E+02,1.119438E-02,2.684750E-02,5.340804E+02,3.120400E+02,2.695248E-02,2.986777E-02,2.755189E+02,1.081591E+02,1.390761E-02,1.049801E-02,2.898375E+01,6.095052E+01,1.495973E-03,5.972290E-03,3.855091E+02,3.638850E+02,1.985391E-02,3.496122E-02,5.479133E+02,2.741642E+02,2.761274E-02,2.634998E-02,6.531456E+01,6.792915E+01,3.370738E-03,6.656235E-03,3.408173E+02,5.364167E+02,1.758934E-02,5.217017E-02,3.366504E+02,2.083759E+02,1.728463E-02,2.022470E-02,3.017177E+02,3.687556E+02,1.557060E-02,3.576279E-02
22:30:00,1.190311E+02,8.910178E+01,6.142443E-03,8.689998E-03,6.547693E+02,6.474940E+02,3.360438E-02,6.122103E-02,1.626018E+02,2.288010E+02,8.391243E-03,2.168818E-02,4.626553E+02,2.648562E+02,2.271113E-02,2.475135E-02,2.361512E+02,8.608678E+01,1.161724E-02,8.244492E-03,2.171035E+01,4.558202E+01,1.120562E-03,4.466394E-03,3.022789E+02,3.058971E+02,1.541903E-02,2.874251E-02,4.757560E+02,2.290036E+02,2.331540E-02,2.154329E-02,4.895341E+01,5.078602E+01,2.526376E-03,4.976416E-03,2.553895E+02,4.328021E+02,1.318047E-02,4.147870E-02,2.711934E+02,1.679487E+02,1.371643E-02,1.605415E-02,2.261459E+02,3.006460E+02,1.167060E-02,2.866417E-02
22:40:00,7.931984E+01,6.469089E+01,4.093196E-03,6.198386E-03,4.777456E+02,5.343195E+02,2.406549E-02,4.871297E-02,1.083433E+02,1.851399E+02,5.591176E-03,1.696219E-02,3.968312E+02,2.222224E+02,1.869394E-02,2.000601E-02,1.994685E+02,6.603515E+01,9.434571E-03,6.155368E-03,1.445551E+01,3.141303E+01,7.461091E-04,3.055273E-03,2.272823E+02,2.540573E+02,1.131533E-02,2.301507E-02,4.089607E+02,1.882642E+02,1.923280E-02,1.709467E-02,3.261423E+01,3.527931E+01,1.683147E-03,3.425235E-03,1.701126E+02,3.456950E+02,8.779393E-03,3.205771E-02,2.119855E+02,1.324246E+02,1.039858E-02,1.227207E-02,1.506703E+02,2.422132E+02,7.775570E-03,2.232383E-02
22:50:00,3.964306E+01,4.209287E+01,2.045728E-03,3.851059E-03,3.157532E+02,4.240804E+02,1.512800E-02,3.646117E-02,5.414315E+01,1.435011E+02,2.794117E-03,1.240727E-02,3.344750E+02,1.821529E+02,1.481648E-02,1.548111E-02,1.647396E+02,4.696910E+01,7.330529E-03,4.151147E-03,7.218851E+00,1.868090E+01,3.725951E-04,1.756441E-03,1.578440E+02,2.049641E+02,7.434955E-03,1.752120E-02,3.458517E+02,1.497664E+02,1.529868E-02,1.283863E-02,1.629657E+01,2.105925E+01,8.410296E-04,1.975431E-03,8.498378E+01,2.608007E+02,4.385953E-03,2.281923E-02,1.562753E+02,9.773138E+01,7.221233E-03,8.565013E-03,7.528901E+01,1.842944E+02,3.885403E-03,1.603607E-02
23:00:00,0.000000E+00,1.946884E+01,0.000000E+00,1.506104E-03,1.626840E+02,3.192536E+02,6.548836E-03,2.465610E-02,0.000000E+00,1.041843E+02,0.000000E+00,8.046029E-03,2.751277E+02,1.440537E+02,1.106031E-02,1.113013E-02,1.317468E+02,2.892852E+01,5.296370E-03,2.234553E-03,0.000000E+00,5.895712E+00,0.000000E+00,4.552121E-04,9.223384E+01,1.584020E+02,3.709149E-03,1.224364E-02,2.857839E+02,1.131944E+02,1.148713E-02,8.750162E-03,0.000000E+00,6.838125E+00,0.000000E+00,5.276497E-04,0.000000E+00,1.792642E+02,0.000000E+00,1.385221E-02,1.035327E+02,6.492945E+01,4.163632E-03,5.014468E-03,0.000000E+00,1.297782E+02,0.000000E+00,1.002338E-02
23:10:00,2.111988E+00,2.644288E+01,8.503880E-05,2.044183E-03,2.298916E+02,3.754186E+02,9.249804E-03,2.898455E-02,0.000000E+00,1.222869E+02,0.000000E+00,9.441552E-03,3.219466E+02,1.589710E+02,1.293976E-02,1.228022E-02,1.536514E+02,3.471618E+01,6.175836E-03,2.681135E-03,0.000000E+00,8.710909E+00,0.000000E+00,6.724019E-04,1.249568E+02,1.793470E+02,5.024188E-03,1.385835E-02,3.315429E+02,1.270885E+02,1.332543E-02,9.819661E-03,0.000000E+00,9.952925E+00,0.000000E+00,7.679626E-04,0.000000E+00,2.251298E+02,0.000000E+00,1.738901E-02,1.351047E+02,7.880740E+01,5.432367E-03,6.084870E-03,0.000000E+00,1.575885E+02,0.000000E+00,1.216817E-02
23:20:00,5.573029E+00,3.348096E+01,2.241411E-04,2.586578E-03,3.014643E+02,4.174153E+02,1.212618E-02,3.221724E-02,3.557770E+00,1.373424E+02,1.429964E-04,1.060006E-02,3.514857E+02,1.702276E+02,1.412511E-02,1.313827E-02,1.671037E+02,3.958212E+01,6.714270E-03,3.054998E-03,0.000000E+00,1.188163E+01,0.000000E+00,9.170207E-04,1.565176E+02,1.955311E+02,6.292291E-03,1.509203E-02,3.598478E+02,1.380193E+02,1.446057E-02,1.065309E-02,0.000000E+00,1.347169E+01,0.000000E+00,1.039447E-03,0.000000E+00,2.609883E+02,0.000000E+00,2.015456E-02,1.607646E+02,8.998085E+01,6.463148E-03,6.943693E-03,0.000000E+00,1.801842E+02,0.000000E+00,1.390340E-02
23:30:00,1.083414E+01,3.980803E+01,4.355840E-04,3.071467E-03,3.608619E+02,4.425291E+02,1.451186E-02,3.414407E-02,9.008549E+00,1.477328E+02,3.620660E-04,1.139826E-02,3.705599E+02,1.772974E+02,1.488940E-02,1.368095E-02,1.775297E+02,4.349492E+01,7.132330E-03,3.356255E-03,0.000000E+00,1.546901E+01,0.000000E+00,1.193785E-03,1.810818E+02,2.061942E+02,7.277947E-03,1.590962E-02,3.783115E+02,1.452722E+02,1.520046E-02,1.120980E-02,0.000000E+00,1.740941E+01,0.000000E+00,1.343258E-03,0.000000E+00,2.873194E+02,0.000000E+00,2.216870E-02,1.788251E+02,9.810533E+01,7.186765E-03,7.569599E-03,2.987999E+00,1.958443E+02,1.205252E-04,1.511020E-02
23:40:00,1.758820E+01,4.351270E+01,7.070210E-04,3.357230E-03,4.037821E+02,4.541737E+02,1.622932E-02,3.504293E-02,1.667357E+01,1.540369E+02,6.701230E-04,1.188476E-02,3.858938E+02,1.810512E+02,1.550479E-02,1.397094E-02,1.864834E+02,4.607765E+01,7.491605E-03,3.555647E-03,0.000000E+00,1.834125E+01,0.000000E+00,1.415022E-03,1.991538E+02,2.122195E+02,8.003161E-03,1.637476E-02,3.932151E+02,1.492851E+02,1.579848E-02,1.151974E-02,0.000000E+00,2.021567E+01,0.000000E+00,1.559696E-03,0.000000E+00,2.992282E+02,0.000000E+00,2.308647E-02,1.922337E+02,1.023409E+02,7.724744E-03,7.896544E-03,9.976109E+00,2.033983E+02,4.013866E-04,1.569316E-02
23:50:00,2.556164E+01,4.605060E+01,1.027455E-03,3.553084E-03,4.348821E+02,4.651953E+02,1.747647E-02,3.589364E-02,2.618236E+01,1.595515E+02,1.052273E-03,1.231033E-02,3.994301E+02,1.833420E+02,1.604807E-02,1.414793E-02,1.945660E+02,4.828911E+01,7.815969E-03,3.726371E-03,0.000000E+00,2.023129E+01,0.000000E+00,1.560829E-03,2.131515E+02,2.168529E+02,8.565419E-03,1.673245E-02,4.060628E+02,1.521069E+02,1.631403E-02,1.173768E-02,0.000000E+00,2.220587E+01,0.000000E+00,1.713265E-03,0.000000E+00,3.108188E+02,0.000000E+00,2.398073E-02,2.036351E+02,1.066586E+02,8.182629E-03,8.229810E-03,1.852413E+01,2.118525E+02,7.449330E-04,1.634554E-02
24:00:00,3.461687E+01,4.921384E+01,1.391356E-03,3.797186E-03,4.598998E+02,4.729229E+02,1.848145E-02,3.649019E-02,3.716790E+01,1.638569E+02,1.493765E-03,1.264258E-02,4.114365E+02,1.846529E+02,1.652999E-02,1.424924E-02,2.018924E+02,5.002300E+01,8.110021E-03,3.860232E-03,0.000000E+00,2.259631E+01,0.000000E+00,1.743289E-03,2.246115E+02,2.201794E+02,9.025687E-03,1.698928E-02,4.173247E+02,1.539440E+02,1.676600E-02,1.187960E-02,0.000000E+00,2.462994E+01,0.000000E+00,1.900310E-03,0.000000E+00,3.207843E+02,0.000000E+00,2.474966E-02,2.134693E+02,1.099107E+02,8.577559E-03,8.480845E-03,2.963361E+01,2.181856E+02,1.191420E-03,1.683428E-02
Peak,3.196469E+02,2.864085E+02,1.641448E-02,2.782873E-02,1.461661E+03,2.102834E+03,7.501103E-02,2.060624E-01,4.539819E+02,7.392700E+02,2.330137E-02,7.244094E-02,7.279829E+02,9.673383E+02,3.756385E-02,9.479274E-02,3.784704E+02,3.568583E+02,1.945863E-02,3.496956E-02,1.272435E+02,1.566041E+02,6.532512E-03,1.522211E-02,6.553403E+02,1.005344E+03,3.365517E-02,9.851520E-02,7.417526E+02,8.877440E+02,3.827350E-02,8.699321E-02,1.728997E+02,1.707162E+02,8.880564E-03,1.659231E-02,8.004373E+02,1.044961E+03,4.101244E-02,1.014582E-01,5.550041E+02,7.459642E+02,2.851199E-02,7.309824E-02,6.258874E+02,9.255743E+02,3.210721E-02,9.069773E-02

Peak Vol Flow (m3/s),,,1.363949E-02,2.312409E-02,,,6.232988E-02,1.712261E-01,,,1.936210E-02,6.019427E-02,,,3.121341E-02,7.876734E-02,,,1.616901E-02,2.905771E-02,,,5.428143E-03,1.264870E-02,,,2.796552E-02,8.186050E-02,,,3.180309E-02,7.228639E-02,,,7.379241E-03,1.378726E-02,,,3.407899E-02,8.430593E-02,,,2.369183E-02,6.074045E-02,,,2.667925E-02,7.536462E-02
