Time,ROOM_4551A1BE:BOSTON LOGAN INTL ARPT ANN HTG 99.6% CONDNS DB:Des Heat Load [W],ROOM_4551A1BE:BOSTON LOGAN INTL ARPT ANN CLG .4% CONDNS DB=>MWB:Des Sens Cool Load [W],ROOM_4551A1BE:BOSTON LOGAN INTL ARPT ANN HTG 99.6% CONDNS DB:Des Heat Mass Flow [kg/s],ROOM_4551A1BE:BOSTON LOGAN INTL ARPT ANN CLG .4% CONDNS DB=>MWB:Des Cool Mass Flow [kg/s],ROOM_5245B8FB:BOSTON LOGAN INTL ARPT ANN HTG 99.6% CONDNS DB:Des Heat Load [W],ROOM_5245B8FB:BOSTON LOGAN INTL ARPT ANN CLG .4% CONDNS DB=>MWB:Des Sens Cool Load [W],ROOM_5245B8FB:BOSTON LOGAN INTL ARPT ANN HTG 99.6% CONDNS DB:Des Heat Mass Flow [kg/s],ROOM_5245B8FB:BOSTON LOGAN INTL ARPT ANN CLG .4% CONDNS DB=>MWB:Des Cool Mass Flow [kg/s],ROOM_6BDAFD1B:BOSTON LOGAN INTL ARPT ANN HTG 99.6% CONDNS DB:Des Heat Load [W],ROOM_6BDAFD1B:BOSTON LOGAN INTL ARPT ANN CLG .4% CONDNS DB=>MWB:Des Sens Cool Load [W],ROOM_6BDAFD1B:BOSTON LOGAN INTL ARPT ANN HTG 99.6% CONDNS DB:Des Heat Mass Flow [kg/s],ROOM_6BDAFD1B:BOSTON LOGAN INTL ARPT ANN CLG .4% CONDNS DB=>MWB:Des Cool Mass Flow [kg/s],ROOM_BC2FAB81:BOSTON LOGAN INTL ARPT ANN HTG 99.6% CONDNS DB:Des Heat Load [W],ROOM_BC2FAB81:BOSTON LOGAN INTL ARPT ANN CLG .4% CONDNS DB=>MWB:Des Sens Cool Load [W],ROOM_BC2FAB81:BOSTON LOGAN INTL ARPT ANN HTG 99.6% CONDNS DB:Des Heat Mass Flow [kg/s],ROOM_BC2FAB81:BOSTON LOGAN INTL ARPT ANN CLG .4% CONDNS DB=>MWB:Des Cool Mass Flow [kg/s],ROOM_CF1F3D8B:BOSTON LOGAN INTL ARPT ANN HTG 99.6% CONDNS DB:Des Heat Load [W],ROOM_CF1F3D8B:BOSTON LOGAN INTL ARPT ANN CLG .4% CONDNS DB=>MWB:Des Sens Cool Load [W],ROOM_CF1F3D8B:BOSTON LOGAN INTL ARPT ANN HTG 99.6% CONDNS DB:Des Heat Mass Flow [kg/s],ROOM_CF1F3D8B:BOSTON LOGAN INTL ARPT ANN CLG .4% CONDNS DB=>MWB:Des Cool Mass Flow [kg/s],ROOM_F2BB9F6E:BOSTON LOGAN INTL ARPT ANN HTG 99.6% CONDNS DB:Des Heat Load [W],ROOM_F2BB9F6E:BOSTON LOGAN INTL ARPT ANN CLG .4% CONDNS DB=>MWB:Des Sens Cool Load [W],ROOM_F2BB9F6E:BOSTON LOGAN INTL ARPT ANN HTG 99.6% CONDNS DB:Des Heat Mass Flow [kg/s],ROOM_F2BB9F6E:BOSTON LOGAN INTL ARPT ANN CLG .4% CONDNS DB=>MWB:Des Cool Mass Flow [kg/s]
00:10:00,2.639058E+01,2.077011E+02,1.061061E-03,1.602525E-02,2.371049E+02,2.015109E+02,9.527344E-03,1.554894E-02,5.913040E+02,4.752273E+02,2.376053E-02,3.666877E-02,2.500520E+02,4.661815E+01,1.004395E-02,3.597684E-03,2.897026E+02,3.103835E+02,1.164143E-02,2.394918E-02,3.804869E+01,2.108202E+02,1.529493E-03,1.626601E-02
00:20:00,3.830732E+01,2.124105E+02,1.539988E-03,1.638865E-02,2.457811E+02,2.032438E+02,9.875749E-03,1.568271E-02,6.085673E+02,4.784869E+02,2.445373E-02,3.692043E-02,2.562685E+02,4.749987E+01,1.029346E-02,3.665738E-03,3.013732E+02,3.125208E+02,1.211016E-02,2.411416E-02,5.182484E+01,2.150314E+02,2.083139E-03,1.659096E-02
00:30:00,5.182531E+01,2.164635E+02,2.083262E-03,1.670138E-02,2.537693E+02,2.044226E+02,1.019663E-02,1.577369E-02,6.246779E+02,4.808408E+02,2.510089E-02,3.710213E-02,2.617000E+02,4.811324E+01,1.051165E-02,3.713072E-03,3.121006E+02,3.139476E+02,1.254110E-02,2.422428E-02,6.559782E+01,2.185889E+02,2.636333E-03,1.686547E-02
00:40:00,6.455330E+01,2.199606E+02,2.594365E-03,1.697121E-02,2.613818E+02,2.051465E+02,1.050245E-02,1.582955E-02,6.394036E+02,4.824665E+02,2.569247E-02,3.722761E-02,2.664621E+02,4.849603E+01,1.070299E-02,3.742607E-03,3.221406E+02,3.147953E+02,1.294444E-02,2.428970E-02,7.545975E+01,2.215967E+02,3.032638E-03,1.709755E-02
00:50:00,7.417859E+01,2.229878E+02,2.981165E-03,1.720478E-02,2.686364E+02,2.054977E+02,1.079391E-02,1.585664E-02,6.531338E+02,4.835051E+02,2.624406E-02,3.730775E-02,2.706261E+02,4.868240E+01,1.087029E-02,3.756981E-03,3.317048E+02,3.151715E+02,1.332869E-02,2.431872E-02,8.558666E+01,2.241435E+02,3.439591E-03,1.729404E-02
01:00:00,8.396164E+01,2.256184E+02,3.374304E-03,1.740774E-02,2.755054E+02,2.055446E+02,1.106990E-02,1.586024E-02,6.661074E+02,4.840695E+02,2.676528E-02,3.735128E-02,2.742852E+02,4.870268E+01,1.101731E-02,3.758538E-03,3.407753E+02,3.151641E+02,1.369312E-02,2.431812E-02,9.401283E+01,2.263039E+02,3.778185E-03,1.746072E-02
01:10:00,9.207231E+01,2.282391E+02,3.700225E-03,1.760992E-02,2.819407E+02,2.055642E+02,1.132848E-02,1.586173E-02,6.781632E+02,4.848788E+02,2.724964E-02,3.741370E-02,2.775148E+02,4.863801E+01,1.114707E-02,3.753539E-03,3.493347E+02,3.151921E+02,1.403703E-02,2.432025E-02,1.014529E+02,2.284402E+02,4.077145E-03,1.762553E-02
01:20:00,9.937879E+01,2.306016E+02,3.993821E-03,1.779218E-02,2.879303E+02,2.054065E+02,1.156914E-02,1.584954E-02,6.893225E+02,4.854370E+02,2.769798E-02,3.745674E-02,2.803758E+02,4.846974E+01,1.126202E-02,3.740545E-03,3.573721E+02,3.149997E+02,1.435997E-02,2.430538E-02,1.081685E+02,2.303284E+02,4.346986E-03,1.777119E-02
01:30:00,1.060070E+02,2.327450E+02,4.260161E-03,1.795753E-02,2.934974E+02,2.051082E+02,1.179283E-02,1.582650E-02,6.995651E+02,4.857962E+02,2.810948E-02,3.748442E-02,2.829221E+02,4.821771E+01,1.136433E-02,3.721088E-03,3.648900E+02,3.146314E+02,1.466204E-02,2.427693E-02,1.142776E+02,2.320081E+02,4.592457E-03,1.790076E-02
01:40:00,1.121030E+02,2.347036E+02,4.505110E-03,1.810864E-02,2.986681E+02,2.047000E+02,1.200059E-02,1.579499E-02,7.091279E+02,4.860008E+02,2.849366E-02,3.750018E-02,2.851997E+02,4.789902E+01,1.145583E-02,3.696488E-03,3.719216E+02,3.141251E+02,1.494458E-02,2.423784E-02,1.199051E+02,2.335136E+02,4.818576E-03,1.801691E-02
01:50:00,1.177722E+02,2.365067E+02,4.732910E-03,1.824773E-02,3.034604E+02,2.042075E+02,1.219314E-02,1.575697E-02,7.181069E+02,4.860880E+02,2.885441E-02,3.750689E-02,2.872592E+02,4.752836E+01,1.153858E-02,3.667877E-03,3.784995E+02,3.135125E+02,1.520888E-02,2.419056E-02,1.251385E+02,2.348739E+02,5.028857E-03,1.812185E-02
02:00:00,1.230933E+02,2.381783E+02,4.946721E-03,1.837670E-02,3.078860E+02,2.036518E+02,1.237096E-02,1.571409E-02,7.265891E+02,4.860880E+02,2.919520E-02,3.750687E-02,2.891227E+02,4.711824E+01,1.161345E-02,3.636222E-03,3.846722E+02,3.128196E+02,1.545690E-02,2.413708E-02,1.301055E+02,2.361130E+02,5.228434E-03,1.821744E-02
02:10:00,1.282865E+02,2.397273E+02,5.155391E-03,1.849619E-02,3.120073E+02,2.030349E+02,1.253654E-02,1.566648E-02,7.346731E+02,4.859884E+02,2.952001E-02,3.749918E-02,2.908174E+02,4.666843E+01,1.168154E-02,3.601505E-03,3.904251E+02,3.120481E+02,1.568806E-02,2.407755E-02,1.348915E+02,2.372392E+02,5.420742E-03,1.830432E-02
02:20:00,1.331982E+02,2.411704E+02,5.352756E-03,1.860753E-02,3.158594E+02,2.023703E+02,1.269132E-02,1.561519E-02,7.424806E+02,4.858081E+02,2.983372E-02,3.748526E-02,2.923671E+02,4.618752E+01,1.174380E-02,3.564388E-03,3.957428E+02,3.112148E+02,1.590172E-02,2.401325E-02,1.394343E+02,2.382689E+02,5.603280E-03,1.838376E-02
02:30:00,1.379009E+02,2.425220E+02,5.541719E-03,1.871181E-02,3.194831E+02,2.016692E+02,1.283692E-02,1.556109E-02,7.501633E+02,4.855622E+02,3.014244E-02,3.746628E-02,2.937920E+02,4.568275E+01,1.180104E-02,3.525428E-03,4.007251E+02,3.103335E+02,1.610190E-02,2.394524E-02,1.437653E+02,2.392162E+02,5.777306E-03,1.845684E-02
02:40:00,1.423938E+02,2.437937E+02,5.722254E-03,1.880992E-02,3.229164E+02,2.009408E+02,1.297487E-02,1.550489E-02,7.576353E+02,4.852634E+02,3.044271E-02,3.744321E-02,2.951090E+02,4.516030E+01,1.185395E-02,3.485106E-03,4.054158E+02,3.094155E+02,1.629037E-02,2.387440E-02,1.479829E+02,2.400923E+02,5.946778E-03,1.852443E-02
02:50:00,1.467256E+02,2.449951E+02,5.896318E-03,1.890260E-02,3.262028E+02,2.001928E+02,1.310692E-02,1.544717E-02,7.649158E+02,4.849222E+02,3.073528E-02,3.741688E-02,2.963325E+02,4.462553E+01,1.190311E-02,3.443833E-03,4.098639E+02,3.084702E+02,1.646910E-02,2.380145E-02,1.521392E+02,2.409065E+02,6.113791E-03,1.858724E-02
03:00:00,1.510097E+02,2.461340E+02,6.068468E-03,1.899047E-02,3.294066E+02,1.994315E+02,1.323566E-02,1.538842E-02,7.720090E+02,4.845474E+02,3.102032E-02,3.738795E-02,2.974745E+02,4.408323E+01,1.194899E-02,3.401979E-03,4.141165E+02,3.075053E+02,1.663997E-02,2.372701E-02,1.562517E+02,2.416666E+02,6.279051E-03,1.864588E-02
03:10:00,1.552206E+02,2.472096E+02,6.237679E-03,1.907345E-02,3.325003E+02,1.986467E+02,1.335999E-02,1.532786E-02,7.789244E+02,4.841096E+02,3.129821E-02,3.735417E-02,2.985452E+02,4.352672E+01,1.199200E-02,3.359028E-03,4.182329E+02,3.065080E+02,1.680539E-02,2.365005E-02,1.603048E+02,2.423711E+02,6.441923E-03,1.870024E-02
03:20:00,1.593676E+02,2.482265E+02,6.404323E-03,1.915191E-02,3.354950E+02,1.978422E+02,1.348033E-02,1.526579E-02,7.856700E+02,4.836138E+02,3.156928E-02,3.731592E-02,2.995530E+02,4.295794E+01,1.203249E-02,3.315131E-03,4.222873E+02,3.054830E+02,1.696831E-02,2.357096E-02,1.643118E+02,2.430248E+02,6.602944E-03,1.875067E-02
03:30:00,1.634616E+02,2.491885E+02,6.568842E-03,1.922612E-02,3.383946E+02,1.970212E+02,1.359685E-02,1.520243E-02,7.922531E+02,4.830642E+02,3.183382E-02,3.727350E-02,3.005051E+02,4.237854E+01,1.207074E-02,3.270414E-03,4.262352E+02,3.044339E+02,1.712696E-02,2.349001E-02,1.682965E+02,2.436311E+02,6.763071E-03,1.879745E-02
03:40:00,1.675213E+02,2.500990E+02,6.731981E-03,1.929637E-02,3.412049E+02,1.961862E+02,1.370978E-02,1.513800E-02,7.986802E+02,4.824643E+02,3.209208E-02,3.722721E-02,3.014077E+02,4.178993E+01,1.210700E-02,3.224985E-03,4.300845E+02,3.033642E+02,1.728165E-02,2.340747E-02,1.721843E+02,2.441933E+02,6.919305E-03,1.884082E-02
03:50:00,1.715355E+02,2.509612E+02,6.893295E-03,1.936289E-02,3.439310E+02,1.953394E+02,1.381933E-02,1.507266E-02,8.049570E+02,4.818174E+02,3.234431E-02,3.717729E-02,3.022657E+02,4.119335E+01,1.214147E-02,3.178940E-03,4.338361E+02,3.022766E+02,1.743241E-02,2.332355E-02,1.759688E+02,2.447144E+02,7.071387E-03,1.888102E-02
04:00:00,1.754446E+02,2.517778E+02,7.050387E-03,1.942589E-02,3.465773E+02,1.944826E+02,1.392567E-02,1.500655E-02,8.110889E+02,4.811265E+02,3.259071E-02,3.712398E-02,3.030836E+02,4.058961E+01,1.217433E-02,3.132343E-03,4.374939E+02,3.011734E+02,1.757941E-02,2.323843E-02,1.796448E+02,2.451993E+02,7.219109E-03,1.891843E-02
04:10:00,1.792495E+02,2.525613E+02,7.203288E-03,1.948634E-02,3.491478E+02,1.936320E+02,1.402896E-02,1.494091E-02,8.170810E+02,4.804279E+02,3.283150E-02,3.707007E-02,3.038652E+02,3.998994E+01,1.220572E-02,3.086059E-03,4.410615E+02,3.000752E+02,1.772277E-02,2.315368E-02,1.832123E+02,2.456576E+02,7.362472E-03,1.895379E-02
04:20:00,1.829474E+02,2.533145E+02,7.351893E-03,1.954445E-02,3.516462E+02,1.927883E+02,1.412936E-02,1.487581E-02,8.229379E+02,4.797243E+02,3.306685E-02,3.701578E-02,3.046135E+02,3.939655E+01,1.223578E-02,3.040260E-03,4.445421E+02,2.989830E+02,1.786264E-02,2.306941E-02,1.866718E+02,2.460914E+02,7.501493E-03,1.898726E-02
04:30:00,1.865386E+02,2.540394E+02,7.496208E-03,1.960038E-02,3.540761E+02,1.919545E+02,1.422700E-02,1.481147E-02,8.286639E+02,4.790213E+02,3.329694E-02,3.696153E-02,3.053313E+02,3.881140E+01,1.226462E-02,2.995098E-03,4.479388E+02,2.979007E+02,1.799914E-02,2.298590E-02,1.900242E+02,2.465034E+02,7.636212E-03,1.901904E-02
04:40:00,1.900187E+02,2.553865E+02,7.636056E-03,1.970431E-02,3.564375E+02,1.917303E+02,1.432188E-02,1.479417E-02,8.342558E+02,4.810954E+02,3.352164E-02,3.712157E-02,3.060204E+02,3.860737E+01,1.229230E-02,2.979348E-03,4.512503E+02,2.973127E+02,1.813221E-02,2.294053E-02,1.932665E+02,2.471389E+02,7.766505E-03,1.906808E-02
04:50:00,1.933890E+02,2.579582E+02,7.771495E-03,1.990273E-02,3.587335E+02,1.925361E+02,1.441415E-02,1.485635E-02,8.397183E+02,4.888766E+02,3.374114E-02,3.772200E-02,3.066828E+02,3.921357E+01,1.231891E-02,3.026131E-03,4.544796E+02,2.973204E+02,1.826198E-02,2.294112E-02,1.964004E+02,2.480704E+02,7.892443E-03,1.913995E-02
05:00:00,1.966522E+02,2.623777E+02,7.902631E-03,2.024373E-02,3.609677E+02,1.948060E+02,1.450392E-02,1.503152E-02,8.450575E+02,5.057816E+02,3.395569E-02,3.902650E-02,3.073205E+02,4.112454E+01,1.234453E-02,3.173621E-03,4.576310E+02,2.980698E+02,1.838861E-02,2.299896E-02,1.994287E+02,2.494123E+02,8.014138E-03,1.924348E-02
05:10:00,2.636109E+02,3.019655E+02,1.073440E-02,2.352598E-02,4.124650E+02,2.223885E+02,1.680385E-02,1.733480E-02,9.742708E+02,5.930199E+02,3.966610E-02,4.624018E-02,3.280294E+02,5.215379E+01,1.336621E-02,4.082776E-03,5.325822E+02,3.347273E+02,2.169340E-02,2.607006E-02,2.615629E+02,2.821373E+02,1.065018E-02,2.197203E-02
05:20:00,2.735531E+02,3.200108E+02,1.128450E-02,2.531742E-02,4.316482E+02,2.369170E+02,1.785791E-02,1.876100E-02,9.994487E+02,6.460022E+02,4.126987E-02,5.120234E-02,3.430932E+02,6.295599E+01,1.420935E-02,5.029341E-03,5.527828E+02,3.479725E+02,2.284906E-02,2.750471E-02,2.728581E+02,2.939966E+02,1.126139E-02,2.323663E-02
05:30:00,3.232822E+02,3.548525E+02,1.357811E-02,2.851657E-02,4.706133E+02,2.620954E+02,1.977861E-02,2.107871E-02,1.089829E+03,7.378886E+02,4.572982E-02,5.942346E-02,3.603198E+02,7.690765E+01,1.514682E-02,6.239420E-03,6.077828E+02,3.775901E+02,2.552926E-02,3.030988E-02,3.193815E+02,3.203175E+02,1.341636E-02,2.571301E-02
05:40:00,3.591408E+02,3.855877E+02,1.526612E-02,3.137690E-02,5.015060E+02,2.846045E+02,2.134706E-02,2.317608E-02,1.157972E+03,8.287933E+02,4.921876E-02,6.758053E-02,3.748771E+02,9.122880E+01,1.596772E-02,7.482360E-03,6.499397E+02,4.027398E+02,2.764878E-02,3.274310E-02,3.534709E+02,3.425439E+02,1.502853E-02,2.784859E-02
05:50:00,3.927707E+02,4.149885E+02,1.685857E-02,3.413430E-02,5.300663E+02,3.061798E+02,2.281484E-02,2.520096E-02,1.221934E+03,9.220736E+02,5.252812E-02,7.597310E-02,3.880709E+02,1.059383E+02,1.672934E-02,8.762407E-03,6.891637E+02,4.270546E+02,2.964193E-02,3.510896E-02,3.853518E+02,3.639640E+02,1.654587E-02,2.991899E-02
06:00:00,4.243909E+02,4.425538E+02,1.836491E-02,3.675089E-02,5.568423E+02,3.264797E+02,2.420584E-02,2.712763E-02,1.282723E+03,1.014555E+03,5.570178E-02,8.435780E-02,4.001854E+02,1.205624E+02,1.744406E-02,1.004319E-02,7.261092E+02,4.507898E+02,3.153720E-02,3.742986E-02,4.153126E+02,3.848350E+02,1.798088E-02,3.194652E-02
06:10:00,4.488403E+02,4.663749E+02,1.990535E-02,3.924591E-02,5.665533E+02,3.438255E+02,2.510806E-02,2.893784E-02,1.302261E+03,1.105469E+03,5.768742E-02,9.306483E-02,3.964044E+02,1.348030E+02,1.755977E-02,1.135539E-02,7.422134E+02,4.715698E+02,3.289171E-02,3.968514E-02,4.380547E+02,4.031150E+02,1.942772E-02,3.392207E-02
06:20:00,4.741578E+02,4.969982E+02,2.130231E-02,4.228966E-02,5.737586E+02,3.651912E+02,2.579271E-02,3.108213E-02,1.318558E+03,1.209986E+03,5.917791E-02,1.030532E-01,3.916487E+02,1.491013E+02,1.761542E-02,1.271519E-02,7.560374E+02,5.012806E+02,3.396706E-02,4.265886E-02,4.605930E+02,4.292520E+02,2.069913E-02,3.652758E-02
06:30:00,4.928326E+02,5.195045E+02,2.255309E-02,4.470641E-02,5.785910E+02,3.813026E+02,2.645009E-02,3.281931E-02,1.328200E+03,1.298672E+03,6.063265E-02,1.118612E-01,3.859230E+02,1.619677E+02,1.763468E-02,1.396765E-02,7.652681E+02,5.244890E+02,3.497350E-02,4.514552E-02,4.776715E+02,4.495275E+02,2.186151E-02,3.869312E-02
06:40:00,5.107732E+02,5.421613E+02,2.371149E-02,4.711973E-02,5.820075E+02,3.974614E+02,2.700650E-02,3.454972E-02,1.335978E+03,1.387970E+03,6.190650E-02,1.207375E-01,3.795163E+02,1.745328E+02,1.761038E-02,1.519744E-02,7.731682E+02,5.494466E+02,3.586329E-02,4.776672E-02,4.937387E+02,4.712793E+02,2.292417E-02,4.097075E-02
06:50:00,5.268177E+02,5.636174E+02,2.477142E-02,4.942645E-02,5.842096E+02,4.128848E+02,2.749614E-02,3.621449E-02,1.341378E+03,1.475426E+03,6.305198E-02,1.294932E-01,3.725449E+02,1.866956E+02,1.755357E-02,1.639736E-02,7.793684E+02,5.747362E+02,3.666103E-02,5.041539E-02,5.080622E+02,4.931180E+02,2.389562E-02,4.325397E-02
07:00:00,5.414404E+02,5.840444E+02,2.575655E-02,5.164228E-02,5.853991E+02,4.276336E+02,2.793098E-02,3.781940E-02,1.344829E+03,1.560590E+03,6.409387E-02,1.380886E-01,3.651130E+02,1.983630E+02,1.747038E-02,1.755914E-02,7.841961E+02,6.002754E+02,3.738520E-02,5.308619E-02,5.210389E+02,5.150105E+02,2.479609E-02,4.554169E-02
07:10:00,5.486480E+02,6.105675E+02,2.663382E-02,5.495543E-02,5.908968E+02,4.466748E+02,2.868758E-02,4.021098E-02,1.356894E+03,1.657292E+03,6.586563E-02,1.492136E-01,3.669096E+02,2.118083E+02,1.781204E-02,1.907696E-02,7.914809E+02,6.329807E+02,3.842251E-02,5.698991E-02,5.279547E+02,5.435713E+02,2.563007E-02,4.893861E-02
07:20:00,5.725172E+02,6.268645E+02,2.810403E-02,5.737015E-02,6.053686E+02,4.592437E+02,2.973927E-02,4.204970E-02,1.399706E+03,1.732133E+03,6.871666E-02,1.586762E-01,3.699967E+02,2.235422E+02,1.818882E-02,2.050794E-02,8.142364E+02,6.556583E+02,3.998508E-02,6.003949E-02,5.497610E+02,5.631858E+02,2.699060E-02,5.157012E-02
07:30:00,5.822387E+02,6.473769E+02,2.896358E-02,6.027185E-02,6.130701E+02,4.743610E+02,3.050479E-02,4.418137E-02,1.420398E+03,1.812186E+03,7.063716E-02,1.688403E-01,3.720874E+02,2.347812E+02,1.851884E-02,2.190347E-02,8.254968E+02,6.826818E+02,4.106356E-02,6.359718E-02,5.589343E+02,5.865504E+02,2.780656E-02,5.464292E-02
07:40:00,5.958945E+02,6.660319E+02,2.997640E-02,6.296225E-02,6.227113E+02,4.882525E+02,3.133806E-02,4.617317E-02,1.447046E+03,1.887029E+03,7.278283E-02,1.785117E-01,3.747985E+02,2.449585E+02,1.886927E-02,2.319807E-02,8.399029E+02,7.078833E+02,4.225602E-02,6.695425E-02,5.716160E+02,6.081366E+02,2.875776E-02,5.752028E-02
07:50:00,6.094244E+02,6.841488E+02,3.096981E-02,6.558910E-02,6.325401E+02,5.016779E+02,3.216952E-02,4.811225E-02,1.473801E+03,1.957950E+03,7.491343E-02,1.878530E-01,3.777209E+02,2.540321E+02,1.922403E-02,2.439084E-02,8.544860E+02,7.325247E+02,4.344275E-02,7.025545E-02,5.842164E+02,6.292209E+02,2.969232E-02,6.034510E-02
08:00:00,6.229114E+02,7.020708E+02,3.195055E-02,6.818876E-02,6.424356E+02,5.149366E+02,3.299564E-02,5.002938E-02,1.500498E+03,2.026137E+03,7.702562E-02,1.969790E-01,3.807936E+02,2.621429E+02,1.958145E-02,2.549484E-02,8.691052E+02,7.571308E+02,4.462003E-02,7.355514E-02,5.967878E+02,6.502352E+02,3.061538E-02,6.316281E-02
08:10:00,5.842025E+02,6.815571E+02,3.015188E-02,6.678420E-02,6.134375E+02,5.011268E+02,3.165998E-02,4.910450E-02,1.431379E+03,2.017496E+03,7.387458E-02,1.976822E-01,3.692814E+02,2.595033E+02,1.905737E-02,2.542449E-02,8.271365E+02,7.424870E+02,4.268945E-02,7.275582E-02,5.606056E+02,6.360935E+02,2.893397E-02,6.232957E-02
08:20:00,5.822826E+02,6.853235E+02,3.005272E-02,6.715535E-02,6.082128E+02,5.025839E+02,3.139013E-02,4.924924E-02,1.434801E+03,2.054868E+03,7.405071E-02,2.013588E-01,3.621029E+02,2.584845E+02,1.868667E-02,2.532859E-02,8.239571E+02,7.536339E+02,4.252512E-02,7.385060E-02,5.580210E+02,6.445983E+02,2.880049E-02,6.316486E-02
08:30:00,5.589915E+02,6.756877E+02,2.885067E-02,6.621143E-02,5.905472E+02,4.959934E+02,3.047838E-02,4.860374E-02,1.398182E+03,2.067374E+03,7.216082E-02,2.025880E-01,3.538808E+02,2.559458E+02,1.826231E-02,2.508091E-02,7.996371E+02,7.521898E+02,4.126995E-02,7.370947E-02,5.360438E+02,6.417692E+02,2.766626E-02,6.288788E-02
08:40:00,5.442395E+02,6.708487E+02,2.808940E-02,6.573713E-02,5.788114E+02,4.926556E+02,2.987273E-02,4.827660E-02,1.376439E+03,2.085935E+03,7.103881E-02,2.044075E-01,3.476749E+02,2.536852E+02,1.794202E-02,2.485967E-02,7.841501E+02,7.567159E+02,4.047074E-02,7.415286E-02,5.220034E+02,6.443795E+02,2.694170E-02,6.314355E-02
08:50:00,5.318117E+02,6.675734E+02,2.744804E-02,6.541614E-02,5.689780E+02,4.905224E+02,2.936523E-02,4.806755E-02,1.358146E+03,2.105213E+03,7.009479E-02,2.062967E-01,3.425566E+02,2.513481E+02,1.767785E-02,2.463075E-02,7.711299E+02,7.638711E+02,3.979879E-02,7.485398E-02,5.101829E+02,6.494063E+02,2.633167E-02,6.363609E-02
09:00:00,5.211020E+02,6.653100E+02,2.689531E-02,6.519436E-02,5.605519E+02,4.892077E+02,2.893035E-02,4.793875E-02,1.342256E+03,2.123886E+03,6.927473E-02,2.081265E-01,3.382768E+02,2.488185E+02,1.745697E-02,2.438289E-02,7.599046E+02,7.730034E+02,3.921945E-02,7.574892E-02,5.000069E+02,6.562579E+02,2.580649E-02,6.430752E-02
09:10:00,5.117595E+02,6.637975E+02,2.641314E-02,6.504619E-02,5.532422E+02,4.885145E+02,2.855308E-02,4.787086E-02,1.328235E+03,2.141352E+03,6.855110E-02,2.098380E-01,3.346691E+02,2.460468E+02,1.727077E-02,2.411128E-02,7.500984E+02,7.837551E+02,3.871333E-02,7.680256E-02,4.911399E+02,6.645969E+02,2.534886E-02,6.512471E-02
09:20:00,5.035182E+02,6.628497E+02,2.598780E-02,6.495334E-02,5.468295E+02,4.883133E+02,2.822210E-02,4.785116E-02,1.315654E+03,2.157172E+03,6.790176E-02,2.113883E-01,3.316036E+02,2.430396E+02,1.711256E-02,2.381660E-02,7.414314E+02,7.958402E+02,3.826601E-02,7.798685E-02,4.833272E+02,6.741428E+02,2.494563E-02,6.606016E-02
09:30:00,4.961596E+02,6.624812E+02,2.560800E-02,6.491724E-02,5.411244E+02,4.887283E+02,2.792765E-02,4.789185E-02,1.304273E+03,2.170620E+03,6.731436E-02,2.127059E-01,3.289780E+02,2.399511E+02,1.697706E-02,2.351394E-02,7.336655E+02,8.091017E+02,3.786519E-02,7.928642E-02,4.763715E+02,6.846091E+02,2.458664E-02,6.708579E-02
09:40:00,4.895429E+02,6.624901E+02,2.526650E-02,6.491814E-02,5.360196E+02,4.895652E+02,2.766418E-02,4.797387E-02,1.293887E+03,2.181561E+03,6.677833E-02,2.137780E-01,3.266994E+02,2.368076E+02,1.685946E-02,2.320589E-02,7.266654E+02,8.232399E+02,3.750390E-02,8.067187E-02,4.701138E+02,6.957725E+02,2.426366E-02,6.817972E-02
09:50:00,4.835397E+02,6.627352E+02,2.495666E-02,6.494217E-02,5.314112E+02,4.907078E+02,2.742633E-02,4.808585E-02,1.284325E+03,2.189726E+03,6.628483E-02,2.145780E-01,3.247154E+02,2.337019E+02,1.675706E-02,2.290155E-02,7.203002E+02,8.380215E+02,3.717538E-02,8.212037E-02,4.644417E+02,7.074299E+02,2.397091E-02,6.932205E-02
10:00:00,4.780460E+02,6.631382E+02,2.467312E-02,6.498166E-02,5.272144E+02,4.920955E+02,2.720973E-02,4.822185E-02,1.275450E+03,2.194897E+03,6.582678E-02,2.150847E-01,3.229743E+02,2.307711E+02,1.666721E-02,2.261435E-02,7.144634E+02,8.532508E+02,3.687413E-02,8.361272E-02,4.592563E+02,7.193972E+02,2.370327E-02,7.049473E-02
10:10:00,4.729795E+02,6.636506E+02,2.441162E-02,6.503188E-02,5.233619E+02,4.936741E+02,2.701089E-02,4.837654E-02,1.267156E+03,2.196818E+03,6.539867E-02,2.152728E-01,3.214338E+02,2.281713E+02,1.658770E-02,2.235959E-02,7.090707E+02,8.687339E+02,3.659580E-02,8.512994E-02,4.544785E+02,7.315085E+02,2.345668E-02,7.168152E-02
10:20:00,4.682742E+02,6.642297E+02,2.416876E-02,6.508863E-02,5.197998E+02,4.954101E+02,2.682705E-02,4.854667E-02,1.259357E+03,2.195214E+03,6.499615E-02,2.151155E-01,3.200595E+02,2.260745E+02,1.651677E-02,2.215412E-02,7.040547E+02,8.842924E+02,3.633691E-02,8.665454E-02,4.500453E+02,7.436150E+02,2.322787E-02,7.286783E-02
10:30:00,4.638770E+02,6.646770E+02,2.394181E-02,6.513247E-02,5.164848E+02,4.970354E+02,2.665595E-02,4.870594E-02,1.251986E+03,2.190233E+03,6.461575E-02,2.146273E-01,3.188239E+02,2.244469E+02,1.645300E-02,2.199465E-02,6.993611E+02,8.996960E+02,3.609467E-02,8.816395E-02,4.459058E+02,7.556192E+02,2.301421E-02,7.404411E-02
10:40:00,4.597379E+02,6.650472E+02,2.372818E-02,6.516875E-02,5.133774E+02,4.986534E+02,2.649557E-02,4.886449E-02,1.244980E+03,2.181493E+03,6.425415E-02,2.137708E-01,3.177031E+02,2.233581E+02,1.639516E-02,2.188795E-02,6.949395E+02,9.148798E+02,3.586646E-02,8.965182E-02,4.420121E+02,7.674006E+02,2.281325E-02,7.519856E-02
10:50:00,4.558236E+02,6.653640E+02,2.352615E-02,6.519978E-02,5.104499E+02,5.002883E+02,2.634448E-02,4.902469E-02,1.238297E+03,2.168864E+03,6.390922E-02,2.125331E-01,3.166792E+02,2.228042E+02,1.634232E-02,2.183370E-02,6.907558E+02,9.297741E+02,3.565053E-02,9.111131E-02,4.383323E+02,7.788541E+02,2.262333E-02,7.632087E-02
11:00:00,4.521084E+02,6.656114E+02,2.333440E-02,6.522403E-02,5.076809E+02,5.019508E+02,2.620157E-02,4.918760E-02,1.231905E+03,2.152390E+03,6.357933E-02,2.109187E-01,3.157377E+02,2.227272E+02,1.629373E-02,2.182616E-02,6.867833E+02,9.442827E+02,3.544550E-02,9.253300E-02,4.348416E+02,7.898872E+02,2.244316E-02,7.740197E-02
11:10:00,4.485699E+02,6.657697E+02,2.315177E-02,6.523953E-02,5.050523E+02,5.035717E+02,2.606590E-02,4.934643E-02,1.225777E+03,2.132286E+03,6.326304E-02,2.089485E-01,3.148668E+02,2.229930E+02,1.624879E-02,2.185222E-02,6.829993E+02,9.582661E+02,3.525020E-02,9.390322E-02,4.315188E+02,8.004053E+02,2.227166E-02,7.843263E-02
11:20:00,4.451899E+02,6.658366E+02,2.297731E-02,6.524608E-02,5.025487E+02,5.051271E+02,2.593669E-02,4.949885E-02,1.219889E+03,2.109126E+03,6.295916E-02,2.066790E-01,3.140568E+02,2.234561E+02,1.620698E-02,2.189761E-02,6.793846E+02,9.716325E+02,3.506364E-02,9.521298E-02,4.283460E+02,8.103294E+02,2.210790E-02,7.940506E-02
11:30:00,4.419528E+02,6.658132E+02,2.281024E-02,6.524379E-02,5.001578E+02,5.066189E+02,2.581329E-02,4.964503E-02,1.214222E+03,2.083790E+03,6.266668E-02,2.041962E-01,3.132996E+02,2.240435E+02,1.616790E-02,2.195518E-02,6.759235E+02,9.842873E+02,3.488501E-02,9.645300E-02,4.253087E+02,8.195954E+02,2.195114E-02,8.031300E-02
11:40:00,4.388457E+02,6.657057E+02,2.264987E-02,6.523325E-02,4.978690E+02,5.080289E+02,2.569516E-02,4.978319E-02,1.208759E+03,2.057564E+03,6.238475E-02,2.016262E-01,3.125886E+02,2.247151E+02,1.613121E-02,2.202099E-02,6.726024E+02,9.961669E+02,3.471360E-02,9.761707E-02,4.223945E+02,8.281500E+02,2.180073E-02,8.115123E-02
11:50:00,4.358579E+02,6.655260E+02,2.249566E-02,6.521564E-02,4.956734E+02,5.093650E+02,2.558184E-02,4.991411E-02,1.203487E+03,2.032123E+03,6.211263E-02,1.991332E-01,3.119183E+02,2.254399E+02,1.609662E-02,2.209203E-02,6.694100E+02,1.007192E+03,3.454884E-02,9.869740E-02,4.195929E+02,8.359504E+02,2.165613E-02,8.191556E-02
12:00:00,4.329799E+02,6.652927E+02,2.234712E-02,6.519278E-02,4.935635E+02,5.109688E+02,2.547295E-02,5.007127E-02,1.198393E+03,2.009308E+03,6.184971E-02,1.968975E-01,3.112843E+02,2.262910E+02,1.606390E-02,2.217542E-02,6.663367E+02,1.017751E+03,3.439022E-02,9.973206E-02,4.168952E+02,8.429645E+02,2.151689E-02,8.260284E-02
12:10:00,4.302039E+02,6.650400E+02,2.220384E-02,6.516801E-02,4.915329E+02,5.133974E+02,2.536815E-02,5.030925E-02,1.193466E+03,1.989808E+03,6.159542E-02,1.949867E-01,3.106826E+02,2.274029E+02,1.603284E-02,2.228439E-02,6.633741E+02,1.028421E+03,3.423731E-02,1.007776E-01,4.142937E+02,8.491842E+02,2.138262E-02,8.321228E-02
12:20:00,4.275230E+02,6.647966E+02,2.206548E-02,6.514417E-02,4.895760E+02,5.171053E+02,2.526715E-02,5.067261E-02,1.188697E+03,1.973871E+03,6.134929E-02,1.934251E-01,3.101100E+02,2.288901E+02,1.600330E-02,2.243013E-02,6.605149E+02,1.039711E+03,3.408974E-02,1.018839E-01,4.117820E+02,8.546136E+02,2.125299E-02,8.374427E-02
12:30:00,4.249313E+02,6.645958E+02,2.193171E-02,6.512449E-02,4.876880E+02,5.224871E+02,2.516971E-02,5.120001E-02,1.184078E+03,1.961343E+03,6.111089E-02,1.921975E-01,3.095638E+02,2.308559E+02,1.597511E-02,2.262277E-02,6.577528E+02,1.052055E+03,3.394719E-02,1.030935E-01,4.093543E+02,8.592363E+02,2.112769E-02,8.419723E-02
12:40:00,4.224234E+02,6.644687E+02,2.180227E-02,6.511204E-02,4.858648E+02,5.298790E+02,2.507561E-02,5.192439E-02,1.179601E+03,1.951620E+03,6.087982E-02,1.912448E-01,3.090418E+02,2.333900E+02,1.594817E-02,2.287111E-02,6.550822E+02,1.065817E+03,3.380936E-02,1.044421E-01,4.070057E+02,8.630520E+02,2.100647E-02,8.457110E-02
12:50:00,4.199949E+02,6.644410E+02,2.167693E-02,6.510932E-02,4.841025E+02,5.395588E+02,2.498466E-02,5.287298E-02,1.175259E+03,1.943610E+03,6.065575E-02,1.904600E-01,3.085419E+02,2.365664E+02,1.592237E-02,2.318239E-02,6.524982E+02,1.081280E+03,3.367599E-02,1.059572E-01,4.047317E+02,8.660543E+02,2.088910E-02,8.486526E-02
13:00:00,4.176415E+02,6.645293E+02,2.155546E-02,6.511798E-02,4.823979E+02,5.513912E+02,2.489668E-02,5.403252E-02,1.171047E+03,1.935917E+03,6.043835E-02,1.897062E-01,3.080624E+02,2.403458E+02,1.589762E-02,2.355276E-02,6.499962E+02,1.098202E+03,3.354686E-02,1.076155E-01,4.025285E+02,8.682310E+02,2.077539E-02,8.507853E-02
13:10:00,4.153595E+02,6.647577E+02,2.143768E-02,6.514036E-02,4.807479E+02,5.650425E+02,2.481152E-02,5.537029E-02,1.166958E+03,1.928132E+03,6.022734E-02,1.889434E-01,3.076019E+02,2.446420E+02,1.587386E-02,2.397377E-02,6.475722E+02,1.116135E+03,3.342175E-02,1.093728E-01,4.003925E+02,8.695547E+02,2.066515E-02,8.520822E-02
13:20:00,4.131455E+02,6.651282E+02,2.132341E-02,6.517667E-02,4.791500E+02,5.801916E+02,2.472905E-02,5.685483E-02,1.162988E+03,1.919977E+03,6.002244E-02,1.881443E-01,3.071590E+02,2.493599E+02,1.585100E-02,2.443610E-02,6.452226E+02,1.134620E+03,3.330049E-02,1.111842E-01,3.983205E+02,8.699920E+02,2.055821E-02,8.525104E-02
13:30:00,4.109965E+02,6.656287E+02,2.121250E-02,6.522572E-02,4.776015E+02,5.965283E+02,2.464914E-02,5.845573E-02,1.159132E+03,1.911233E+03,5.982340E-02,1.872874E-01,3.067327E+02,2.543993E+02,1.582900E-02,2.492994E-02,6.429441E+02,1.153207E+03,3.318289E-02,1.130056E-01,3.963096E+02,8.695251E+02,2.045442E-02,8.520527E-02
13:40:00,4.089096E+02,6.662389E+02,2.110479E-02,6.528551E-02,4.761004E+02,6.137610E+02,2.457166E-02,6.014441E-02,1.155385E+03,1.901792E+03,5.963001E-02,1.863623E-01,3.063218E+02,2.596606E+02,1.580780E-02,2.544551E-02,6.407334E+02,1.171469E+03,3.306879E-02,1.147951E-01,3.943572E+02,8.681203E+02,2.035365E-02,8.506758E-02
13:50:00,4.068824E+02,6.669327E+02,2.100015E-02,6.535350E-02,4.746446E+02,6.316254E+02,2.449652E-02,6.189499E-02,1.151742E+03,1.891501E+03,5.944203E-02,1.853538E-01,3.059256E+02,2.650488E+02,1.578735E-02,2.597353E-02,6.385879E+02,1.189027E+03,3.295806E-02,1.165156E-01,3.924607E+02,8.657496E+02,2.025577E-02,8.483526E-02
14:00:00,4.049122E+02,6.676814E+02,2.089847E-02,6.542687E-02,4.732320E+02,6.498903E+02,2.442362E-02,6.368479E-02,1.148201E+03,1.880293E+03,5.925927E-02,1.842555E-01,3.055433E+02,2.704765E+02,1.576762E-02,2.650540E-02,6.365048E+02,1.205564E+03,3.285055E-02,1.181360E-01,3.906180E+02,8.623912E+02,2.016066E-02,8.450614E-02
14:10:00,4.029970E+02,6.684100E+02,2.079962E-02,6.549827E-02,4.718610E+02,6.683302E+02,2.435286E-02,6.549174E-02,1.144758E+03,1.868092E+03,5.908153E-02,1.830599E-01,3.051740E+02,2.758459E+02,1.574856E-02,2.703156E-02,6.344816E+02,1.220787E+03,3.274613E-02,1.196277E-01,3.888268E+02,8.580248E+02,2.006821E-02,8.407826E-02
14:20:00,4.011346E+02,6.689028E+02,2.070350E-02,6.554656E-02,4.705300E+02,6.868909E+02,2.428417E-02,6.731050E-02,1.141408E+03,1.854385E+03,5.890864E-02,1.817168E-01,3.048172E+02,2.810211E+02,1.573015E-02,2.753869E-02,6.325162E+02,1.234753E+03,3.264469E-02,1.209962E-01,3.870853E+02,8.526578E+02,1.997832E-02,8.355233E-02
14:30:00,3.993230E+02,6.692119E+02,2.061000E-02,6.557684E-02,4.692373E+02,7.054034E+02,2.421745E-02,6.912455E-02,1.138148E+03,1.839414E+03,5.874042E-02,1.802497E-01,3.044722E+02,2.859729E+02,1.571234E-02,2.802392E-02,6.306062E+02,1.247161E+03,3.254611E-02,1.222120E-01,3.853915E+02,8.462649E+02,1.989090E-02,8.292587E-02
14:40:00,3.975605E+02,6.693289E+02,2.051903E-02,6.558830E-02,4.679815E+02,7.237586E+02,2.415263E-02,7.092318E-02,1.134976E+03,1.823216E+03,5.857671E-02,1.786624E-01,3.041384E+02,2.906625E+02,1.569512E-02,2.848345E-02,6.287497E+02,1.257860E+03,3.245029E-02,1.232603E-01,3.837437E+02,8.388550E+02,1.980586E-02,8.219974E-02
14:50:00,3.958452E+02,6.692361E+02,2.043050E-02,6.557920E-02,4.667612E+02,7.418816E+02,2.408966E-02,7.269903E-02,1.131889E+03,1.805883E+03,5.841735E-02,1.769638E-01,3.038155E+02,2.950611E+02,1.567845E-02,2.891448E-02,6.269446E+02,1.266790E+03,3.235713E-02,1.241353E-01,3.821403E+02,8.304627E+02,1.972310E-02,8.137737E-02
15:00:00,3.941756E+02,6.689130E+02,2.034432E-02,6.554754E-02,4.655752E+02,7.597171E+02,2.402844E-02,7.444672E-02,1.128883E+03,1.787459E+03,5.826221E-02,1.751584E-01,3.035028E+02,2.991368E+02,1.566232E-02,2.931385E-02,6.251893E+02,1.273930E+03,3.226654E-02,1.248349E-01,3.805798E+02,8.211477E+02,1.964256E-02,8.046457E-02
15:10:00,3.925500E+02,6.683436E+02,2.026042E-02,6.549173E-02,4.644222E+02,7.772053E+02,2.396894E-02,7.616037E-02,1.125956E+03,1.768019E+03,5.811114E-02,1.732534E-01,3.032000E+02,3.028571E+02,1.564669E-02,2.967840E-02,6.234819E+02,1.279287E+03,3.217841E-02,1.253598E-01,3.790605E+02,8.109848E+02,1.956415E-02,7.946870E-02
15:20:00,3.909669E+02,6.676867E+02,2.017872E-02,6.542736E-02,4.633011E+02,7.942081E+02,2.391107E-02,7.782646E-02,1.123105E+03,1.748183E+03,5.796401E-02,1.713096E-01,3.029067E+02,3.062555E+02,1.563155E-02,3.001141E-02,6.218208E+02,1.282663E+03,3.209268E-02,1.256906E-01,3.775812E+02,8.000748E+02,1.948780E-02,7.839961E-02
15:30:00,3.894250E+02,6.668422E+02,2.009914E-02,6.534460E-02,4.622107E+02,8.107495E+02,2.385480E-02,7.944733E-02,1.120328E+03,1.727858E+03,5.782069E-02,1.693179E-01,3.026224E+02,3.092740E+02,1.561688E-02,3.030718E-02,6.202044E+02,1.284313E+03,3.200926E-02,1.258523E-01,3.761406E+02,7.885955E+02,1.941344E-02,7.727474E-02
15:40:00,3.879230E+02,6.657777E+02,2.002161E-02,6.524028E-02,4.611500E+02,8.268130E+02,2.380005E-02,8.102137E-02,1.117622E+03,1.707140E+03,5.768105E-02,1.672877E-01,3.023468E+02,3.118789E+02,1.560266E-02,3.056243E-02,6.186313E+02,1.284432E+03,3.192807E-02,1.258638E-01,3.747372E+02,7.767385E+02,1.934101E-02,7.611287E-02
15:50:00,3.864594E+02,6.644772E+02,1.994607E-02,6.511284E-02,4.601180E+02,8.423510E+02,2.374679E-02,8.254392E-02,1.114986E+03,1.686203E+03,5.754499E-02,1.652361E-01,3.020796E+02,3.140314E+02,1.558887E-02,3.077334E-02,6.171000E+02,1.283207E+03,3.184904E-02,1.257438E-01,3.733700E+02,7.647200E+02,1.927045E-02,7.493517E-02
16:00:00,3.850332E+02,6.629337E+02,1.987246E-02,6.496158E-02,4.591138E+02,8.572390E+02,2.369496E-02,8.400277E-02,1.112417E+03,1.665259E+03,5.741239E-02,1.631836E-01,3.018205E+02,3.157034E+02,1.557549E-02,3.093717E-02,6.156091E+02,1.280862E+03,3.177209E-02,1.255139E-01,3.720378E+02,7.527833E+02,1.920169E-02,7.376550E-02
16:10:00,3.836430E+02,6.611396E+02,1.980071E-02,6.478578E-02,4.581363E+02,8.709582E+02,2.364452E-02,8.534709E-02,1.109913E+03,1.644518E+03,5.728315E-02,1.611513E-01,3.015690E+02,3.169523E+02,1.556252E-02,3.105954E-02,6.141574E+02,1.277681E+03,3.169717E-02,1.252021E-01,3.707395E+02,7.411920E+02,1.913468E-02,7.262967E-02
16:20:00,3.822879E+02,6.592159E+02,1.973077E-02,6.459727E-02,4.571849E+02,8.831264E+02,2.359541E-02,8.653942E-02,1.107471E+03,1.624374E+03,5.715716E-02,1.591773E-01,3.013251E+02,3.178517E+02,1.554993E-02,3.114766E-02,6.127436E+02,1.273952E+03,3.162420E-02,1.248367E-01,3.694739E+02,7.302502E+02,1.906936E-02,7.155750E-02
16:30:00,3.809667E+02,6.574002E+02,1.966258E-02,6.441934E-02,4.562586E+02,8.935619E+02,2.354760E-02,8.756195E-02,1.105091E+03,1.605195E+03,5.703432E-02,1.572979E-01,3.010883E+02,3.185364E+02,1.553771E-02,3.121475E-02,6.113666E+02,1.269772E+03,3.155312E-02,1.244271E-01,3.682402E+02,7.201030E+02,1.900568E-02,7.056319E-02
16:40:00,3.796784E+02,6.558954E+02,1.959608E-02,6.427189E-02,4.553566E+02,9.020894E+02,2.350105E-02,8.839751E-02,1.102771E+03,1.587204E+03,5.691454E-02,1.555350E-01,3.008584E+02,3.190984E+02,1.552585E-02,3.126981E-02,6.100250E+02,1.265079E+03,3.148389E-02,1.239672E-01,3.670373E+02,7.107841E+02,1.894360E-02,6.965006E-02
16:50:00,3.784220E+02,6.548719E+02,1.953124E-02,6.417160E-02,4.544782E+02,9.085414E+02,2.345572E-02,8.902969E-02,1.100507E+03,1.570523E+03,5.679773E-02,1.539004E-01,3.006353E+02,3.196169E+02,1.551433E-02,3.132062E-02,6.087180E+02,1.259717E+03,3.141643E-02,1.234418E-01,3.658643E+02,7.022554E+02,1.888306E-02,6.881435E-02
17:00:00,3.771965E+02,6.542585E+02,1.946799E-02,6.411150E-02,4.536226E+02,9.122728E+02,2.341156E-02,8.939527E-02,1.098300E+03,1.554514E+03,5.668380E-02,1.523317E-01,3.004185E+02,3.199348E+02,1.550314E-02,3.135176E-02,6.074444E+02,1.252865E+03,3.135070E-02,1.227704E-01,3.647204E+02,6.942524E+02,1.882401E-02,6.803016E-02
17:10:00,3.760011E+02,6.542606E+02,1.940629E-02,6.411172E-02,4.527892E+02,9.139375E+02,2.336854E-02,8.955832E-02,1.096147E+03,1.539444E+03,5.657267E-02,1.508550E-01,3.002080E+02,3.201787E+02,1.549228E-02,3.137567E-02,6.062032E+02,1.244538E+03,3.128664E-02,1.219544E-01,3.636045E+02,6.866746E+02,1.876642E-02,6.728764E-02
17:20:00,3.748349E+02,6.548225E+02,1.934610E-02,6.416680E-02,4.519772E+02,9.137334E+02,2.332664E-02,8.953827E-02,1.094046E+03,1.525118E+03,5.646426E-02,1.494512E-01,3.000035E+02,3.203180E+02,1.548172E-02,3.138931E-02,6.049934E+02,1.234460E+03,3.122420E-02,1.209668E-01,3.625160E+02,6.793074E+02,1.871024E-02,6.656574E-02
17:30:00,3.736970E+02,6.557124E+02,1.928737E-02,6.425402E-02,4.511860E+02,9.115241E+02,2.328580E-02,8.932173E-02,1.091997E+03,1.511178E+03,5.635848E-02,1.480852E-01,2.998048E+02,3.201885E+02,1.547147E-02,3.137662E-02,6.038142E+02,1.222416E+03,3.116333E-02,1.197865E-01,3.614541E+02,6.720180E+02,1.865543E-02,6.585148E-02
17:40:00,3.725866E+02,6.566796E+02,1.923006E-02,6.434880E-02,4.504150E+02,9.071065E+02,2.324601E-02,8.888880E-02,1.089997E+03,1.497327E+03,5.625527E-02,1.467279E-01,2.996117E+02,3.196152E+02,1.546150E-02,3.132043E-02,6.026645E+02,1.208274E+03,3.110400E-02,1.184008E-01,3.604178E+02,6.647617E+02,1.860195E-02,6.514045E-02
17:50:00,3.715029E+02,6.574568E+02,1.917412E-02,6.442497E-02,4.496635E+02,9.002519E+02,2.320723E-02,8.821706E-02,1.088045E+03,1.483253E+03,5.615455E-02,1.453489E-01,2.994240E+02,3.184007E+02,1.545182E-02,3.120142E-02,6.015436E+02,1.191944E+03,3.104615E-02,1.168005E-01,3.594067E+02,6.574894E+02,1.854976E-02,6.442783E-02
18:00:00,3.704452E+02,6.579575E+02,1.911953E-02,6.447404E-02,4.489311E+02,8.911982E+02,2.316942E-02,8.732983E-02,1.086141E+03,1.469295E+03,5.605626E-02,1.439811E-01,2.992415E+02,3.165313E+02,1.544240E-02,3.101821E-02,6.004506E+02,1.173904E+03,3.098973E-02,1.150327E-01,3.584198E+02,6.503406E+02,1.849883E-02,6.372734E-02
18:10:00,3.833295E+02,6.577545E+02,1.978452E-02,6.445414E-02,4.697578E+02,8.795102E+02,2.424430E-02,8.618447E-02,1.135672E+03,1.454777E+03,5.861261E-02,1.425584E-01,3.159149E+02,3.135762E+02,1.630284E-02,3.072863E-02,6.265488E+02,1.153721E+03,3.233669E-02,1.130549E-01,3.713734E+02,6.432310E+02,1.916739E-02,6.303067E-02
18:20:00,3.962436E+02,6.565117E+02,2.045102E-02,6.433235E-02,4.906111E+02,8.648023E+02,2.532045E-02,8.474318E-02,1.185272E+03,1.439203E+03,6.117225E-02,1.410323E-01,3.325973E+02,3.092223E+02,1.716360E-02,3.030195E-02,6.526846E+02,1.131191E+03,3.368548E-02,1.108471E-01,3.843553E+02,6.360993E+02,1.983738E-02,6.233184E-02
18:30:00,4.091888E+02,6.535783E+02,2.111908E-02,6.404488E-02,5.114986E+02,8.457257E+02,2.639815E-02,8.287380E-02,1.234954E+03,1.421718E+03,6.373577E-02,1.393189E-01,3.492977E+02,3.028882E+02,1.802469E-02,2.968123E-02,6.788663E+02,1.105486E+03,3.503642E-02,1.083283E-01,3.973670E+02,6.288602E+02,2.050886E-02,6.162248E-02
18:40:00,4.221671E+02,6.488943E+02,2.178876E-02,6.358586E-02,5.324209E+02,8.226824E+02,2.747737E-02,8.061571E-02,1.284725E+03,1.402308E+03,6.630324E-02,1.374168E-01,3.660116E+02,2.945971E+02,1.888595E-02,2.886873E-02,7.050958E+02,1.077156E+03,3.638955E-02,1.055522E-01,4.104103E+02,6.214779E+02,2.118189E-02,6.089910E-02
18:50:00,4.351758E+02,6.417799E+02,2.245995E-02,6.288868E-02,5.533712E+02,7.943317E+02,2.855782E-02,7.783753E-02,1.334567E+03,1.380244E+03,6.887396E-02,1.352547E-01,3.827356E+02,2.838445E+02,1.974752E-02,2.781501E-02,7.313656E+02,1.045467E+03,3.774452E-02,1.024469E-01,4.234826E+02,6.138953E+02,2.185634E-02,6.015609E-02
19:00:00,4.482127E+02,6.323659E+02,2.313256E-02,6.196615E-02,5.743448E+02,7.616186E+02,2.963937E-02,7.463187E-02,1.384468E+03,1.355754E+03,7.144748E-02,1.328547E-01,3.994692E+02,2.709216E+02,2.060959E-02,2.654862E-02,7.576697E+02,1.011259E+03,3.910114E-02,9.909470E-02,4.365816E+02,6.060799E+02,2.253213E-02,5.939025E-02
19:10:00,4.473594E+02,6.210105E+02,2.308822E-02,6.085337E-02,5.737981E+02,7.257568E+02,2.961022E-02,7.111766E-02,1.383030E+03,1.329414E+03,7.137124E-02,1.302736E-01,3.993609E+02,2.564182E+02,2.060254E-02,2.512735E-02,7.568403E+02,9.756342E+02,3.905730E-02,9.560375E-02,4.357887E+02,5.980671E+02,2.249089E-02,5.860508E-02
19:20:00,4.465260E+02,6.084905E+02,2.304491E-02,5.962648E-02,5.732619E+02,6.891094E+02,2.958168E-02,6.752649E-02,1.381616E+03,1.302185E+03,7.129634E-02,1.276053E-01,3.992565E+02,2.412638E+02,2.059583E-02,2.364230E-02,7.560277E+02,9.401950E+02,3.901440E-02,9.213099E-02,4.350141E+02,5.898686E+02,2.245060E-02,5.780171E-02
19:30:00,4.457091E+02,5.959014E+02,2.300250E-02,5.839283E-02,5.727266E+02,6.546014E+02,2.955340E-02,6.414499E-02,1.380206E+03,1.275828E+03,7.122204E-02,1.250224E-01,3.991459E+02,2.266405E+02,2.058940E-02,2.220930E-02,7.552211E+02,9.070785E+02,3.897201E-02,8.888587E-02,4.342543E+02,5.817364E+02,2.241112E-02,5.700483E-02
19:40:00,4.449102E+02,5.836175E+02,2.296108E-02,5.718910E-02,5.721933E+02,6.229309E+02,2.952551E-02,6.104159E-02,1.378798E+03,1.250846E+03,7.114846E-02,1.225744E-01,3.990333E+02,2.129635E+02,2.058340E-02,2.086905E-02,7.544209E+02,8.766342E+02,3.893024E-02,8.590262E-02,4.335104E+02,5.737827E+02,2.237253E-02,5.622545E-02
19:50:00,4.441296E+02,5.726169E+02,2.292066E-02,5.611115E-02,5.716673E+02,5.963658E+02,2.949818E-02,5.843850E-02,1.377407E+03,1.228355E+03,7.107613E-02,1.203705E-01,3.989213E+02,2.011358E+02,2.057762E-02,1.971004E-02,7.536325E+02,8.503283E+02,3.888929E-02,8.332494E-02,4.327832E+02,5.661506E+02,2.233487E-02,5.547759E-02
20:00:00,4.433666E+02,5.630947E+02,2.288119E-02,5.517809E-02,5.711511E+02,5.748683E+02,2.947148E-02,5.633203E-02,1.376037E+03,1.208503E+03,7.100522E-02,1.184252E-01,3.988098E+02,1.912751E+02,2.057189E-02,1.874379E-02,7.528584E+02,8.280187E+02,3.884921E-02,8.113888E-02,4.320722E+02,5.589352E+02,2.229808E-02,5.477056E-02
20:10:00,4.426207E+02,5.551038E+02,2.284263E-02,5.439510E-02,5.706460E+02,5.579159E+02,2.944538E-02,5.467096E-02,1.374695E+03,1.191266E+03,7.093580E-02,1.167362E-01,3.986988E+02,1.832713E+02,2.056616E-02,1.795951E-02,7.521002E+02,8.093221E+02,3.881002E-02,7.930688E-02,4.313771E+02,5.522156E+02,2.226215E-02,5.411212E-02
20:20:00,4.418916E+02,5.482590E+02,2.280496E-02,5.372441E-02,5.701522E+02,5.439705E+02,2.941989E-02,5.330454E-02,1.373380E+03,1.176146E+03,7.086790E-02,1.152546E-01,3.985889E+02,1.766364E+02,2.056047E-02,1.730938E-02,7.513585E+02,7.932459E+02,3.877170E-02,7.773165E-02,4.306978E+02,5.460562E+02,2.222705E-02,5.350857E-02
20:30:00,4.411790E+02,5.422181E+02,2.276815E-02,5.313250E-02,5.696698E+02,5.319868E+02,2.939498E-02,5.213033E-02,1.372094E+03,1.162337E+03,7.080150E-02,1.139015E-01,3.984804E+02,1.709528E+02,2.055487E-02,1.675246E-02,7.506333E+02,7.789449E+02,3.873426E-02,7.633036E-02,4.300339E+02,5.403354E+02,2.219276E-02,5.294801E-02
20:40:00,4.404777E+02,5.368105E+02,2.273193E-02,5.260265E-02,5.691956E+02,5.214439E+02,2.937051E-02,5.109729E-02,1.370829E+03,1.149480E+03,7.073618E-02,1.126417E-01,3.983731E+02,1.660030E+02,2.054934E-02,1.626744E-02,7.499201E+02,7.659947E+02,3.869744E-02,7.506143E-02,4.293805E+02,5.349940E+02,2.215902E-02,5.242462E-02
20:50:00,4.397877E+02,5.319201E+02,2.269631E-02,5.212347E-02,5.687297E+02,5.120146E+02,2.934646E-02,5.017336E-02,1.369585E+03,1.137384E+03,7.067198E-02,1.114564E-01,3.982672E+02,1.616401E+02,2.054388E-02,1.583993E-02,7.492190E+02,7.541227E+02,3.866125E-02,7.389813E-02,4.287379E+02,5.299851E+02,2.212584E-02,5.193381E-02
21:00:00,4.391103E+02,5.274551E+02,2.266134E-02,5.168596E-02,5.682728E+02,5.034644E+02,2.932288E-02,4.933555E-02,1.368365E+03,1.125914E+03,7.060901E-02,1.103325E-01,3.981629E+02,1.577525E+02,2.053850E-02,1.545898E-02,7.485315E+02,7.431268E+02,3.862577E-02,7.282067E-02,4.281070E+02,5.252662E+02,2.209327E-02,5.147142E-02
21:10:00,4.384458E+02,5.233292E+02,2.262704E-02,5.128169E-02,5.678252E+02,4.955990E+02,2.929978E-02,4.856485E-02,1.367169E+03,1.114928E+03,7.054729E-02,1.092560E-01,3.980604E+02,1.542403E+02,2.053321E-02,1.511483E-02,7.478577E+02,7.328277E+02,3.859099E-02,7.181148E-02,4.274881E+02,5.207878E+02,2.206133E-02,5.103260E-02
21:20:00,4.377944E+02,5.194822E+02,2.259341E-02,5.090473E-02,5.673869E+02,4.882845E+02,2.927717E-02,4.784811E-02,1.365998E+03,1.104349E+03,7.048685E-02,1.082193E-01,3.979597E+02,1.510336E+02,2.052801E-02,1.480060E-02,7.471980E+02,7.231045E+02,3.855695E-02,7.085872E-02,4.268815E+02,5.165173E+02,2.203002E-02,5.061414E-02
21:30:00,4.371562E+02,5.158652E+02,2.256047E-02,5.055032E-02,5.669580E+02,4.814175E+02,2.925503E-02,4.717524E-02,1.364851E+03,1.094116E+03,7.042768E-02,1.072166E-01,3.978609E+02,1.480765E+02,2.052292E-02,1.451084E-02,7.465523E+02,7.138622E+02,3.852363E-02,6.995308E-02,4.262872E+02,5.124268E+02,2.199934E-02,5.021332E-02
21:40:00,4.365310E+02,5.124389E+02,2.252820E-02,5.021458E-02,5.665383E+02,4.749183E+02,2.923338E-02,4.653839E-02,1.363729E+03,1.084185E+03,7.036976E-02,1.062435E-01,3.977642E+02,1.453242E+02,2.051793E-02,1.424113E-02,7.459205E+02,7.050262E+02,3.849102E-02,6.908725E-02,4.257051E+02,5.084929E+02,2.196929E-02,4.982785E-02
21:50:00,4.359188E+02,5.091714E+02,2.249661E-02,4.989442E-02,5.661278E+02,4.687247E+02,2.921219E-02,4.593148E-02,1.362631E+03,1.074519E+03,7.031309E-02,1.052963E-01,3.976695E+02,1.427406E+02,2.051304E-02,1.398797E-02,7.453025E+02,6.965377E+02,3.845913E-02,6.825547E-02,4.251351E+02,5.046964E+02,2.193988E-02,4.945583E-02
22:00:00,4.353195E+02,5.060375E+02,2.246568E-02,4.958733E-02,5.657264E+02,4.627883E+02,2.919148E-02,4.534978E-02,1.361556E+03,1.065088E+03,7.025764E-02,1.043722E-01,3.975768E+02,1.402970E+02,2.050826E-02,1.374852E-02,7.446981E+02,6.883503E+02,3.842794E-02,6.745319E-02,4.245771E+02,5.010210E+02,2.191108E-02,4.909569E-02
22:10:00,3.625157E+02,4.238423E+02,1.870847E-02,4.146188E-02,4.712709E+02,3.953218E+02,2.431758E-02,3.848964E-02,1.134181E+03,9.065882E+02,5.852485E-02,8.836964E-02,3.473606E+02,1.178717E+02,1.773666E-02,1.151008E-02,6.203290E+02,5.890581E+02,3.201025E-02,5.733586E-02,3.535809E+02,4.216646E+02,1.824719E-02,4.120283E-02
22:20:00,2.898150E+02,3.460518E+02,1.495658E-02,3.369773E-02,3.813330E+02,3.340835E+02,1.962606E-02,3.214914E-02,9.189513E+02,7.674559E+02,4.728320E-02,7.393569E-02,3.050731E+02,9.680292E+01,1.528212E-02,9.388150E-03,4.960641E+02,5.002011E+02,2.559792E-02,4.808378E-02,2.826808E+02,3.491032E+02,1.458826E-02,3.385073E-02
22:30:00,2.172152E+02,2.771794E+02,1.120989E-02,2.663229E-02,3.010770E+02,2.791738E+02,1.532622E-02,2.630199E-02,7.303278E+02,6.439374E+02,3.711425E-02,6.070533E-02,2.675062E+02,7.720130E+01,1.301707E-02,7.385716E-03,3.837328E+02,4.211561E+02,1.966823E-02,3.959127E-02,2.118746E+02,2.841657E+02,1.093418E-02,2.709529E-02
22:40:00,1.447141E+02,2.196809E+02,7.468308E-03,2.044508E-02,2.289872E+02,2.305177E+02,1.135443E-02,2.095170E-02,5.650922E+02,5.368132E+02,2.788771E-02,4.875802E-02,2.325406E+02,5.940681E+01,1.085659E-02,5.530088E-03,2.817930E+02,3.515079E+02,1.415770E-02,3.184203E-02,1.411604E+02,2.290608E+02,7.284839E-03,2.111043E-02
22:50:00,7.230975E+01,1.632009E+02,3.731713E-03,1.434605E-02,1.618924E+02,1.840351E+02,7.583178E-03,1.578855E-02,4.120954E+02,4.318767E+02,1.915231E-02,3.701120E-02,1.994779E+02,4.250824E+01,8.772618E-03,3.751441E-03,1.886386E+02,2.846944E+02,8.999790E-03,2.433854E-02,7.053615E+01,1.739092E+02,3.640147E-03,1.513417E-02
23:00:00,0.000000E+00,1.092134E+02,0.000000E+00,8.449252E-03,9.848800E+01,1.400257E+02,3.960917E-03,1.083505E-02,2.668803E+02,3.321856E+02,1.073148E-02,2.570010E-02,1.685863E+02,2.654558E+01,6.775935E-03,2.052553E-03,1.006998E+02,2.213456E+02,4.051868E-03,1.712864E-02,0.000000E+00,1.221190E+02,0.000000E+00,9.429111E-03
23:10:00,0.000000E+00,1.366534E+02,0.000000E+00,1.056544E-02,1.319634E+02,1.596278E+02,5.306179E-03,1.234349E-02,3.537075E+02,3.850402E+02,1.422082E-02,2.977053E-02,1.896217E+02,3.146434E+01,7.618718E-03,2.431796E-03,1.408753E+02,2.518770E+02,5.666442E-03,1.947902E-02,0.000000E+00,1.481446E+02,0.000000E+00,1.143532E-02
23:20:00,0.000000E+00,1.615821E+02,0.000000E+00,1.247791E-02,1.631184E+02,1.748237E+02,6.558125E-03,1.349465E-02,4.324464E+02,4.215717E+02,1.738415E-02,3.254124E-02,2.043056E+02,3.582044E+01,8.207972E-03,2.764906E-03,1.838139E+02,2.744072E+02,7.392041E-03,2.118183E-02,0.000000E+00,1.692768E+02,0.000000E+00,1.306084E-02
23:30:00,0.000000E+00,1.792814E+02,0.000000E+00,1.383296E-02,1.865397E+02,1.852965E+02,7.497334E-03,1.429721E-02,4.881494E+02,4.451864E+02,1.962003E-02,3.434953E-02,2.157034E+02,3.940784E+01,8.665330E-03,3.041017E-03,2.174416E+02,2.892801E+02,8.741446E-03,2.232009E-02,1.465631E+00,1.844790E+02,5.921884E-05,1.423329E-02
23:40:00,2.209694E+00,1.871191E+02,8.922025E-05,1.443707E-02,2.033467E+02,1.909409E+02,8.171563E-03,1.473295E-02,5.240823E+02,4.548224E+02,2.106083E-02,3.509347E-02,2.257431E+02,4.180288E+01,9.068201E-03,3.225935E-03,2.429426E+02,2.966795E+02,9.763799E-03,2.289128E-02,8.137653E+00,1.913649E+02,3.273772E-04,1.476469E-02
23:50:00,8.780632E+00,1.952993E+02,3.533156E-04,1.506825E-02,2.166120E+02,1.956856E+02,8.704356E-03,1.509922E-02,5.508566E+02,4.644546E+02,2.213619E-02,3.583702E-02,2.349758E+02,4.384372E+01,9.438771E-03,3.383494E-03,2.616117E+02,3.029742E+02,1.051311E-02,2.337718E-02,1.568873E+01,1.996619E+02,6.308564E-04,1.540493E-02
24:00:00,1.630199E+01,2.022186E+02,6.556010E-04,1.560218E-02,2.275745E+02,1.991041E+02,9.144621E-03,1.536314E-02,5.725683E+02,4.708334E+02,2.300815E-02,3.632952E-02,2.429961E+02,4.542710E+01,9.760730E-03,3.505739E-03,2.769208E+02,3.073723E+02,1.112805E-02,2.371672E-02,2.592646E+01,2.058322E+02,1.042310E-03,1.588109E-02
Peak,6.229114E+02,7.020708E+02,3.195055E-02,6.818876E-02,6.424356E+02,9.139375E+02,3.299564E-02,8.955832E-02,1.500498E+03,2.196818E+03,7.702562E-02,2.152728E-01,4.001854E+02,3.203180E+02,1.744406E-02,3.138931E-02,8.691052E+02,1.284432E+03,4.462003E-02,1.258638E-01,5.967878E+02,8.699920E+02,3.061538E-02,8.525104E-02

Peak Vol Flow (m3/s),,,2.654908E-02,5.666096E-02,,,2.741749E-02,7.441785E-02,,,6.400389E-02,1.788794E-01,,,1.449502E-02,2.608272E-02,,,3.707670E-02,1.045856E-01,,,2.543963E-02,7.083874E-02
