Time,ROOM_1839CC8F:BOSTON LOGAN INTL ARPT ANN HTG 99.6% CONDNS DB:Des Heat Load [W],ROOM_1839CC8F:BOSTON LOGAN INTL ARPT ANN CLG .4% CONDNS DB=>MWB:Des Sens Cool Load [W],ROOM_1839CC8F:BOSTON LOGAN INTL ARPT ANN HTG 99.6% CONDNS DB:Des Heat Mass Flow [kg/s],ROOM_1839CC8F:BOSTON LOGAN INTL ARPT ANN CLG .4% CONDNS DB=>MWB:Des Cool Mass Flow [kg/s],ROOM_2E2D7779:BOSTON LOGAN INTL ARPT ANN HTG 99.6% CONDNS DB:Des Heat Load [W],ROOM_2E2D7779:BOSTON LOGAN INTL ARPT ANN CLG .4% CONDNS DB=>MWB:Des Sens Cool Load [W],ROOM_2E2D7779:BOSTON LOGAN INTL ARPT ANN HTG 99.6% CONDNS DB:Des Heat Mass Flow [kg/s],ROOM_2E2D7779:BOSTON LOGAN INTL ARPT ANN CLG .4% CONDNS DB=>MWB:Des Cool Mass Flow [kg/s],ROOM_2FA010A8:BOSTON LOGAN INTL ARPT ANN HTG 99.6% CONDNS DB:Des Heat Load [W],ROOM_2FA010A8:BOSTON LOGAN INTL ARPT ANN CLG .4% CONDNS DB=>MWB:Des Sens Cool Load [W],ROOM_2FA010A8:BOSTON LOGAN INTL ARPT ANN HTG 99.6% CONDNS DB:Des Heat Mass Flow [kg/s],ROOM_2FA010A8:BOSTON LOGAN INTL ARPT ANN CLG .4% CONDNS DB=>MWB:Des Cool Mass Flow [kg/s],ROOM_3CE88DE1:BOSTON LOGAN INTL ARPT ANN HTG 99.6% CONDNS DB:Des Heat Load [W],ROOM_3CE88DE1:BOSTON LOGAN INTL ARPT ANN CLG .4% CONDNS DB=>MWB:Des Sens Cool Load [W],ROOM_3CE88DE1:BOSTON LOGAN INTL ARPT ANN HTG 99.6% CONDNS DB:Des Heat Mass Flow [kg/s],ROOM_3CE88DE1:BOSTON LOGAN INTL ARPT ANN CLG .4% CONDNS DB=>MWB:Des Cool Mass Flow [kg/s],ROOM_CD350907:BOSTON LOGAN INTL ARPT ANN HTG 99.6% CONDNS DB:Des Heat Load [W],ROOM_CD350907:BOSTON LOGAN INTL ARPT ANN CLG .4% CONDNS DB=>MWB:Des Sens Cool Load [W],ROOM_CD350907:BOSTON LOGAN INTL ARPT ANN HTG 99.6% CONDNS DB:Des Heat Mass Flow [kg/s],ROOM_CD350907:BOSTON LOGAN INTL ARPT ANN CLG .4% CONDNS DB=>MWB:Des Cool Mass Flow [kg/s],ROOM_DBDF577D:BOSTON LOGAN INTL ARPT ANN HTG 99.6% CONDNS DB:Des Heat Load [W],ROOM_DBDF577D:BOSTON LOGAN INTL ARPT ANN CLG .4% CONDNS DB=>MWB:Des Sens Cool Load [W],ROOM_DBDF577D:BOSTON LOGAN INTL ARPT ANN HTG 99.6% CONDNS DB:Des Heat Mass Flow [kg/s],ROOM_DBDF577D:BOSTON LOGAN INTL ARPT ANN CLG .4% CONDNS DB=>MWB:Des Cool Mass Flow [kg/s],ROOM_DE92ABD9:BOSTON LOGAN INTL ARPT ANN HTG 99.6% CONDNS DB:Des Heat Load [W],ROOM_DE92ABD9:BOSTON LOGAN INTL ARPT ANN CLG .4% CONDNS DB=>MWB:Des Sens Cool Load [W],ROOM_DE92ABD9:BOSTON LOGAN INTL ARPT ANN HTG 99.6% CONDNS DB:Des Heat Mass Flow [kg/s],ROOM_DE92ABD9:BOSTON LOGAN INTL ARPT ANN CLG .4% CONDNS DB=>MWB:Des Cool Mass Flow [kg/s],ROOM_E5C673A0:BOSTON LOGAN INTL ARPT ANN HTG 99.6% CONDNS DB:Des Heat Load [W],ROOM_E5C673A0:BOSTON LOGAN INTL ARPT ANN CLG .4% CONDNS DB=>MWB:Des Sens Cool Load [W],ROOM_E5C673A0:BOSTON LOGAN INTL ARPT ANN HTG 99.6% CONDNS DB:Des Heat Mass Flow [kg/s],ROOM_E5C673A0:BOSTON LOGAN INTL ARPT ANN CLG .4% CONDNS DB=>MWB:Des Cool Mass Flow [kg/s],ROOM_EAF91A45:BOSTON LOGAN INTL ARPT ANN HTG 99.6% CONDNS DB:Des Heat Load [W],ROOM_EAF91A45:BOSTON LOGAN INTL ARPT ANN CLG .4% CONDNS DB=>MWB:Des Sens Cool Load [W],ROOM_EAF91A45:BOSTON LOGAN INTL ARPT ANN HTG 99.6% CONDNS DB:Des Heat Mass Flow [kg/s],ROOM_EAF91A45:BOSTON LOGAN INTL ARPT ANN CLG .4% CONDNS DB=>MWB:Des Cool Mass Flow [kg/s],ROOM_FA36241B:BOSTON LOGAN INTL ARPT ANN HTG 99.6% CONDNS DB:Des Heat Load [W],ROOM_FA36241B:BOSTON LOGAN INTL ARPT ANN CLG .4% CONDNS DB=>MWB:Des Sens Cool Load [W],ROOM_FA36241B:BOSTON LOGAN INTL ARPT ANN HTG 99.6% CONDNS DB:Des Heat Mass Flow [kg/s],ROOM_FA36241B:BOSTON LOGAN INTL ARPT ANN CLG .4% CONDNS DB=>MWB:Des Cool Mass Flow [kg/s],ROOM_FD1BC703:BOSTON LOGAN INTL ARPT ANN HTG 99.6% CONDNS DB:Des Heat Load [W],ROOM_FD1BC703:BOSTON LOGAN INTL ARPT ANN CLG .4% CONDNS DB=>MWB:Des Sens Cool Load [W],ROOM_FD1BC703:BOSTON LOGAN INTL ARPT ANN HTG 99.6% CONDNS DB:Des Heat Mass Flow [kg/s],ROOM_FD1BC703:BOSTON LOGAN INTL ARPT ANN CLG .4% CONDNS DB=>MWB:Des Cool Mass Flow [kg/s]
00:10:00,2.691658E+02,2.921140E+02,1.081609E-02,2.253952E-02,3.757105E+02,1.090355E+02,1.509378E-02,8.413922E-03,3.022267E+02,2.879577E+02,1.214433E-02,2.221897E-02,4.589288E+02,2.365181E+02,1.843979E-02,1.825024E-02,2.951384E+02,4.994210E+01,1.185564E-02,3.853985E-03,0.000000E+00,1.187333E+02,0.000000E+00,9.160798E-03,2.584048E+02,1.445401E+02,1.038294E-02,1.115290E-02,1.002844E+03,4.752675E+02,4.029210E-02,3.667366E-02,6.941700E+02,1.725529E+02,2.788605E-02,1.331580E-02,1.872653E+02,8.576223E+01,7.524288E-03,6.617569E-03,2.199955E+02,1.560394E+02,8.840309E-03,1.203985E-02
00:20:00,2.800152E+02,2.943326E+02,1.125190E-02,2.271078E-02,3.844748E+02,1.102111E+02,1.544586E-02,8.504686E-03,3.137176E+02,2.904178E+02,1.260591E-02,2.240886E-02,4.724445E+02,2.390749E+02,1.898270E-02,1.844762E-02,3.013370E+02,5.076778E+01,1.210464E-02,3.917725E-03,1.519127E+00,1.226795E+02,6.122047E-05,9.465293E-03,2.678585E+02,1.472152E+02,1.076270E-02,1.135938E-02,1.022189E+03,4.766197E+02,4.106918E-02,3.677816E-02,7.049988E+02,1.729788E+02,2.832100E-02,1.334873E-02,1.953345E+02,8.786983E+01,7.848452E-03,6.780239E-03,2.302188E+02,1.596780E+02,9.250992E-03,1.232067E-02
00:30:00,2.897529E+02,2.958723E+02,1.164307E-02,2.282962E-02,3.922808E+02,1.110134E+02,1.575950E-02,8.566624E-03,3.243842E+02,2.921556E+02,1.303440E-02,2.254299E-02,4.845265E+02,2.410112E+02,1.946805E-02,1.859709E-02,3.067754E+02,5.135562E+01,1.232315E-02,3.963098E-03,4.780917E+00,1.261213E+02,1.923156E-04,9.730859E-03,2.769763E+02,1.494017E+02,1.112900E-02,1.152814E-02,1.039582E+03,4.770986E+02,4.176793E-02,3.681519E-02,7.144665E+02,1.729509E+02,2.870138E-02,1.334659E-02,2.028819E+02,8.960778E+01,8.151679E-03,6.914370E-03,2.395384E+02,1.628049E+02,9.625375E-03,1.256199E-02
00:40:00,2.987784E+02,2.968575E+02,1.200564E-02,2.290564E-02,3.992109E+02,1.115047E+02,1.603795E-02,8.604538E-03,3.345567E+02,2.933017E+02,1.344308E-02,2.263142E-02,4.953860E+02,2.424354E+02,1.990429E-02,1.870701E-02,3.115374E+02,5.174073E+01,1.251449E-02,3.992820E-03,8.953147E+00,1.291226E+02,3.599987E-04,9.962431E-03,2.854392E+02,1.511761E+02,1.146902E-02,1.166508E-02,1.055296E+03,4.768876E+02,4.239927E-02,3.679894E-02,7.227909E+02,1.725591E+02,2.903584E-02,1.331636E-02,2.097153E+02,9.102751E+01,8.426237E-03,7.023934E-03,2.482288E+02,1.654925E+02,9.974491E-03,1.276939E-02
00:50:00,3.073454E+02,2.973902E+02,1.234981E-02,2.294673E-02,4.054064E+02,1.117376E+02,1.628690E-02,8.622509E-03,3.443977E+02,2.939638E+02,1.383846E-02,2.268250E-02,5.051472E+02,2.434373E+02,2.029643E-02,1.878432E-02,3.157373E+02,5.195441E+01,1.268324E-02,4.009307E-03,1.444054E+01,1.317431E+02,5.805365E-04,1.016461E-02,2.932066E+02,1.526046E+02,1.178109E-02,1.177530E-02,1.069617E+03,4.761310E+02,4.297463E-02,3.674056E-02,7.301785E+02,1.718766E+02,2.933267E-02,1.326367E-02,2.158875E+02,9.217547E+01,8.674225E-03,7.112518E-03,2.562769E+02,1.678049E+02,1.029782E-02,1.294783E-02
01:00:00,3.155738E+02,2.975539E+02,1.268040E-02,2.295934E-02,4.109732E+02,1.117568E+02,1.651058E-02,8.623982E-03,3.536525E+02,2.942306E+02,1.421032E-02,2.270307E-02,5.139964E+02,2.440912E+02,2.065195E-02,1.883477E-02,3.194613E+02,5.202405E+01,1.283287E-02,4.014676E-03,2.092902E+01,1.340358E+02,8.413040E-04,1.034149E-02,3.003101E+02,1.537431E+02,1.206650E-02,1.186316E-02,1.082767E+03,4.749434E+02,4.350304E-02,3.664889E-02,7.367948E+02,1.709625E+02,2.959851E-02,1.319311E-02,2.214373E+02,9.309242E+01,8.897214E-03,7.183270E-03,2.638388E+02,1.697974E+02,1.060164E-02,1.310158E-02
01:10:00,3.235458E+02,2.977496E+02,1.300071E-02,2.297441E-02,4.160059E+02,1.117526E+02,1.671281E-02,8.623646E-03,3.623475E+02,2.945058E+02,1.455968E-02,2.272428E-02,5.220939E+02,2.447984E+02,2.097729E-02,1.888933E-02,3.227843E+02,5.205397E+01,1.296639E-02,4.016978E-03,2.828880E+01,1.362328E+02,1.137085E-03,1.051099E-02,3.068153E+02,1.548581E+02,1.232787E-02,1.194918E-02,1.094949E+03,4.740235E+02,4.399249E-02,3.657787E-02,7.427792E+02,1.700967E+02,2.983895E-02,1.312628E-02,2.264346E+02,9.394651E+01,9.098006E-03,7.249167E-03,2.710253E+02,1.717934E+02,1.089038E-02,1.325559E-02
01:20:00,3.310823E+02,2.977311E+02,1.330354E-02,2.297296E-02,4.205788E+02,1.116261E+02,1.689656E-02,8.613869E-03,3.705322E+02,2.945496E+02,1.488854E-02,2.272763E-02,5.295916E+02,2.453051E+02,2.127855E-02,1.892841E-02,3.257659E+02,5.199898E+01,1.308618E-02,4.012729E-03,3.488380E+01,1.382010E+02,1.401959E-03,1.066283E-02,3.127585E+02,1.557930E+02,1.256666E-02,1.202131E-02,1.106307E+03,4.729062E+02,4.444888E-02,3.649162E-02,7.482729E+02,1.691242E+02,3.005968E-02,1.305122E-02,2.309062E+02,9.464994E+01,9.277680E-03,7.303439E-03,2.778951E+02,1.735813E+02,1.116641E-02,1.339354E-02
01:30:00,3.383496E+02,2.975429E+02,1.359555E-02,2.295842E-02,4.247584E+02,1.114037E+02,1.706450E-02,8.596703E-03,3.781791E+02,2.944100E+02,1.519580E-02,2.271683E-02,5.366560E+02,2.456527E+02,2.156242E-02,1.895522E-02,3.284577E+02,5.187709E+01,1.319434E-02,4.003317E-03,4.036924E+01,1.399769E+02,1.622398E-03,1.079984E-02,3.181385E+02,1.565821E+02,1.278283E-02,1.208218E-02,1.117009E+03,4.716457E+02,4.487892E-02,3.639432E-02,7.533262E+02,1.680762E+02,3.026271E-02,1.297032E-02,2.349385E+02,9.522988E+01,9.439692E-03,7.348180E-03,2.844828E+02,1.751976E+02,1.143112E-02,1.351825E-02
01:40:00,3.452179E+02,2.972216E+02,1.387153E-02,2.293361E-02,4.286233E+02,1.111074E+02,1.721980E-02,8.573823E-03,3.853213E+02,2.941261E+02,1.548278E-02,2.269491E-02,5.432808E+02,2.458745E+02,2.182864E-02,1.897232E-02,3.309194E+02,5.170319E+01,1.329325E-02,3.989893E-03,4.545343E+01,1.415891E+02,1.826709E-03,1.092421E-02,3.230704E+02,1.572524E+02,1.298098E-02,1.213390E-02,1.127108E+03,4.702861E+02,4.528471E-02,3.628938E-02,7.580062E+02,1.669779E+02,3.045074E-02,1.288555E-02,2.385929E+02,9.570798E+01,9.586524E-03,7.385064E-03,2.906980E+02,1.766704E+02,1.168087E-02,1.363188E-02
01:50:00,3.517145E+02,2.967971E+02,1.413258E-02,2.290083E-02,4.322003E+02,1.107551E+02,1.736352E-02,8.546630E-03,3.919892E+02,2.937301E+02,1.575070E-02,2.266434E-02,5.495544E+02,2.459980E+02,2.208074E-02,1.898183E-02,3.331720E+02,5.148992E+01,1.338375E-02,3.973431E-03,4.986071E+01,1.430610E+02,2.003811E-03,1.103776E-02,3.276086E+02,1.578263E+02,1.316331E-02,1.217817E-02,1.136685E+03,4.688638E+02,4.566954E-02,3.617961E-02,7.623703E+02,1.658503E+02,3.062608E-02,1.279852E-02,2.419288E+02,9.610236E+01,9.720561E-03,7.415489E-03,2.965618E+02,1.780228E+02,1.191649E-02,1.373622E-02
02:00:00,3.578508E+02,2.962942E+02,1.437914E-02,2.286202E-02,4.355272E+02,1.103621E+02,1.749720E-02,8.516301E-03,3.982276E+02,2.932486E+02,1.600136E-02,2.262717E-02,5.554918E+02,2.460460E+02,2.231933E-02,1.898553E-02,3.352442E+02,5.124816E+01,1.346700E-02,3.954771E-03,5.387631E+01,1.444132E+02,2.165173E-03,1.114208E-02,3.318338E+02,1.583226E+02,1.333308E-02,1.221646E-02,1.145807E+03,4.674083E+02,4.603608E-02,3.606728E-02,7.664644E+02,1.647106E+02,3.079057E-02,1.271056E-02,2.450098E+02,9.642854E+01,9.844363E-03,7.440652E-03,3.020901E+02,1.792748E+02,1.213863E-02,1.383281E-02
02:10:00,3.636640E+02,2.957142E+02,1.461272E-02,2.281725E-02,4.386370E+02,1.099234E+02,1.762215E-02,8.482441E-03,4.039752E+02,2.926832E+02,1.623230E-02,2.258353E-02,5.611302E+02,2.460125E+02,2.254591E-02,1.898294E-02,3.371609E+02,5.097433E+01,1.354401E-02,3.933637E-03,5.762165E+01,1.456584E+02,2.315674E-03,1.123815E-02,3.357824E+02,1.587389E+02,1.349174E-02,1.224858E-02,1.154528E+03,4.658923E+02,4.638650E-02,3.595029E-02,7.703253E+02,1.635421E+02,3.094569E-02,1.262038E-02,2.478723E+02,9.668740E+01,9.959384E-03,7.460621E-03,3.073217E+02,1.804248E+02,1.234884E-02,1.392154E-02
02:20:00,3.691441E+02,2.950731E+02,1.483292E-02,2.276778E-02,4.415575E+02,1.094487E+02,1.773950E-02,8.445806E-03,4.093470E+02,2.920512E+02,1.644813E-02,2.253476E-02,5.665027E+02,2.459124E+02,2.276180E-02,1.897521E-02,3.389432E+02,5.067491E+01,1.361562E-02,3.910528E-03,6.119205E+01,1.468091E+02,2.459146E-03,1.132691E-02,3.395087E+02,1.590878E+02,1.364147E-02,1.227549E-02,1.162893E+03,4.643330E+02,4.672261E-02,3.582995E-02,7.739830E+02,1.623548E+02,3.109264E-02,1.252875E-02,2.505831E+02,9.689073E+01,1.006831E-02,7.476307E-03,3.122572E+02,1.814871E+02,1.254716E-02,1.400350E-02
02:30:00,3.742824E+02,2.943842E+02,1.503938E-02,2.271462E-02,4.443119E+02,1.089462E+02,1.785017E-02,8.407023E-03,4.143803E+02,2.913667E+02,1.665036E-02,2.248194E-02,5.716379E+02,2.457578E+02,2.296815E-02,1.896328E-02,3.406087E+02,5.035528E+01,1.368253E-02,3.885860E-03,6.468597E+01,1.478781E+02,2.599544E-03,1.140939E-02,3.431061E+02,1.593827E+02,1.378602E-02,1.229825E-02,1.170939E+03,4.627442E+02,4.704589E-02,3.570735E-02,7.774621E+02,1.611567E+02,3.123241E-02,1.243629E-02,2.531439E+02,9.704887E+01,1.017123E-02,7.488505E-03,3.169088E+02,1.824744E+02,1.273407E-02,1.407968E-02
02:40:00,3.790683E+02,2.936583E+02,1.523168E-02,2.265860E-02,4.469199E+02,1.084227E+02,1.795495E-02,8.366622E-03,4.191297E+02,2.906413E+02,1.684119E-02,2.242597E-02,5.765600E+02,2.455590E+02,2.316594E-02,1.894793E-02,3.421721E+02,5.001999E+01,1.374534E-02,3.859983E-03,6.820371E+01,1.488761E+02,2.740901E-03,1.148638E-02,3.465446E+02,1.596326E+02,1.392421E-02,1.231752E-02,1.178695E+03,4.611376E+02,4.735756E-02,3.558336E-02,7.807824E+02,1.599548E+02,3.136581E-02,1.234353E-02,2.555725E+02,9.716873E+01,1.026882E-02,7.497751E-03,3.212781E+02,1.833968E+02,1.290964E-02,1.415084E-02
02:50:00,3.835815E+02,2.929044E+02,1.541301E-02,2.260043E-02,4.493978E+02,1.078840E+02,1.805451E-02,8.325052E-03,4.236422E+02,2.898847E+02,1.702251E-02,2.236759E-02,5.812897E+02,2.453245E+02,2.335599E-02,1.892983E-02,3.436457E+02,4.967294E+01,1.380455E-02,3.833198E-03,7.159248E+01,1.498117E+02,2.877077E-03,1.155856E-02,3.498490E+02,1.598439E+02,1.405700E-02,1.233382E-02,1.186188E+03,4.595226E+02,4.765863E-02,3.545874E-02,7.839604E+02,1.587546E+02,3.149349E-02,1.225090E-02,2.578813E+02,9.725636E+01,1.036160E-02,7.504510E-03,3.253391E+02,1.842626E+02,1.307281E-02,1.421764E-02
03:00:00,3.878562E+02,2.921300E+02,1.558477E-02,2.254068E-02,4.517594E+02,1.073351E+02,1.814940E-02,8.282691E-03,4.279708E+02,2.891051E+02,1.719644E-02,2.230743E-02,5.858445E+02,2.450616E+02,2.353902E-02,1.890954E-02,3.450400E+02,4.931727E+01,1.386056E-02,3.805748E-03,7.485704E+01,1.506922E+02,3.008261E-03,1.162649E-02,3.530270E+02,1.600223E+02,1.418471E-02,1.234759E-02,1.193439E+03,4.579073E+02,4.794996E-02,3.533409E-02,7.870097E+02,1.575611E+02,3.161599E-02,1.215879E-02,2.600831E+02,9.731702E+01,1.045008E-02,7.509188E-03,3.291649E+02,1.850789E+02,1.322653E-02,1.428063E-02
03:10:00,3.919315E+02,2.913225E+02,1.574852E-02,2.247837E-02,4.540164E+02,1.067626E+02,1.824008E-02,8.238507E-03,4.322210E+02,2.882890E+02,1.736723E-02,2.224445E-02,5.902393E+02,2.447516E+02,2.371561E-02,1.888561E-02,3.463636E+02,4.894315E+01,1.391374E-02,3.776873E-03,7.798002E+01,1.515197E+02,3.133754E-03,1.169033E-02,3.560898E+02,1.601619E+02,1.430778E-02,1.235836E-02,1.200465E+03,4.562479E+02,4.823227E-02,3.520603E-02,7.899415E+02,1.563480E+02,3.173378E-02,1.206517E-02,2.621884E+02,9.734644E+01,1.053468E-02,7.511457E-03,3.327823E+02,1.858393E+02,1.337188E-02,1.433929E-02
03:20:00,3.958467E+02,2.904864E+02,1.590584E-02,2.241385E-02,4.561785E+02,1.061691E+02,1.832695E-02,8.192708E-03,4.363394E+02,2.874414E+02,1.753274E-02,2.217905E-02,5.944867E+02,2.443986E+02,2.388628E-02,1.885838E-02,3.476239E+02,4.855281E+01,1.396437E-02,3.746746E-03,8.097229E+01,1.522990E+02,3.253996E-03,1.175045E-02,3.590463E+02,1.602658E+02,1.442659E-02,1.236637E-02,1.207281E+03,4.545477E+02,4.850615E-02,3.507484E-02,7.927655E+02,1.551170E+02,3.184723E-02,1.197017E-02,2.642065E+02,9.734682E+01,1.061578E-02,7.511484E-03,3.362250E+02,1.865474E+02,1.351021E-02,1.439393E-02
03:30:00,3.996565E+02,2.896254E+02,1.605893E-02,2.234742E-02,4.582541E+02,1.055570E+02,1.841034E-02,8.145469E-03,4.403468E+02,2.865662E+02,1.769378E-02,2.211152E-02,5.985977E+02,2.440063E+02,2.405147E-02,1.882810E-02,3.488272E+02,4.814817E+01,1.401271E-02,3.715516E-03,8.387622E+01,1.530339E+02,3.370688E-03,1.180715E-02,3.619045E+02,1.603334E+02,1.454145E-02,1.237158E-02,1.213901E+03,4.528099E+02,4.877212E-02,3.494073E-02,7.954894E+02,1.538700E+02,3.195666E-02,1.187393E-02,2.661451E+02,9.731941E+01,1.069368E-02,7.509367E-03,3.395248E+02,1.872059E+02,1.364280E-02,1.444474E-02
03:40:00,4.034153E+02,2.887427E+02,1.620997E-02,2.227931E-02,4.602504E+02,1.049282E+02,1.849055E-02,8.096944E-03,4.442428E+02,2.856668E+02,1.785035E-02,2.204212E-02,6.025816E+02,2.435776E+02,2.421156E-02,1.879502E-02,3.499786E+02,4.773096E+01,1.405897E-02,3.683317E-03,8.670082E+01,1.537278E+02,3.484194E-03,1.186068E-02,3.646713E+02,1.603673E+02,1.465263E-02,1.237420E-02,1.220335E+03,4.510372E+02,4.903063E-02,3.480394E-02,7.981203E+02,1.526084E+02,3.206236E-02,1.177657E-02,2.680111E+02,9.726712E+01,1.076866E-02,7.505331E-03,3.427215E+02,1.878177E+02,1.377125E-02,1.449194E-02
03:50:00,4.070843E+02,2.878410E+02,1.635742E-02,2.220973E-02,4.621735E+02,1.042845E+02,1.856782E-02,8.047269E-03,4.480336E+02,2.847461E+02,1.800268E-02,2.197107E-02,6.064466E+02,2.431152E+02,2.436686E-02,1.875934E-02,3.510828E+02,4.730262E+01,1.410333E-02,3.650258E-03,8.945807E+01,1.543836E+02,3.594995E-03,1.191128E-02,3.673529E+02,1.603705E+02,1.476038E-02,1.237444E-02,1.226592E+03,4.492323E+02,4.928207E-02,3.466465E-02,8.006640E+02,1.513337E+02,3.216455E-02,1.167820E-02,2.698103E+02,9.719224E+01,1.084096E-02,7.499552E-03,3.458789E+02,1.883853E+02,1.389813E-02,1.453573E-02
04:00:00,4.106681E+02,2.869226E+02,1.650144E-02,2.213887E-02,4.640287E+02,1.036275E+02,1.864235E-02,7.996564E-03,4.517238E+02,2.838066E+02,1.815097E-02,2.189858E-02,6.101998E+02,2.426216E+02,2.451767E-02,1.872125E-02,3.521435E+02,4.686442E+01,1.414594E-02,3.616439E-03,9.215918E+01,1.550040E+02,3.703541E-03,1.195915E-02,3.699544E+02,1.603456E+02,1.486492E-02,1.237252E-02,1.232683E+03,4.473973E+02,4.952676E-02,3.452306E-02,8.031256E+02,1.500472E+02,3.226344E-02,1.157891E-02,2.715476E+02,9.709665E+01,1.091077E-02,7.492175E-03,3.489587E+02,1.889132E+02,1.402190E-02,1.457646E-02
04:10:00,4.141668E+02,2.860074E+02,1.664204E-02,2.206824E-02,4.658205E+02,1.029742E+02,1.871434E-02,7.946153E-03,4.553179E+02,2.828690E+02,1.829540E-02,2.182623E-02,6.138472E+02,2.421214E+02,2.466423E-02,1.868265E-02,3.531641E+02,4.642873E+01,1.418694E-02,3.582814E-03,9.481729E+01,1.555965E+02,3.810360E-03,1.200485E-02,3.724806E+02,1.603064E+02,1.496643E-02,1.236950E-02,1.238612E+03,4.455825E+02,4.976502E-02,3.438301E-02,8.055096E+02,1.487786E+02,3.235922E-02,1.148101E-02,2.732274E+02,9.699119E+01,1.097827E-02,7.484035E-03,3.519673E+02,1.894174E+02,1.414281E-02,1.461536E-02
04:20:00,4.175828E+02,2.850966E+02,1.677931E-02,2.199797E-02,4.675530E+02,1.023259E+02,1.878395E-02,7.896124E-03,4.588198E+02,2.819349E+02,1.843612E-02,2.175416E-02,6.173943E+02,2.416168E+02,2.480676E-02,1.864371E-02,3.541473E+02,4.599675E+01,1.422644E-02,3.549475E-03,9.743066E+01,1.561632E+02,3.915383E-03,1.204858E-02,3.749357E+02,1.602558E+02,1.506508E-02,1.236559E-02,1.244389E+03,4.437879E+02,4.999711E-02,3.424452E-02,8.078199E+02,1.475275E+02,3.245203E-02,1.138445E-02,2.748536E+02,9.687758E+01,1.104361E-02,7.475268E-03,3.549037E+02,1.899002E+02,1.426081E-02,1.465262E-02
04:30:00,4.209186E+02,2.841938E+02,1.691336E-02,2.192831E-02,4.692297E+02,1.016855E+02,1.885132E-02,7.846703E-03,4.622333E+02,2.810081E+02,1.857329E-02,2.168264E-02,6.208459E+02,2.411120E+02,2.494545E-02,1.860475E-02,3.550957E+02,4.557084E+01,1.426454E-02,3.516605E-03,9.996749E+01,1.567061E+02,4.017330E-03,1.209046E-02,3.773231E+02,1.601970E+02,1.516102E-02,1.236105E-02,1.250018E+03,4.420208E+02,5.022328E-02,3.410817E-02,8.100602E+02,1.462983E+02,3.254204E-02,1.128959E-02,2.764293E+02,9.675811E+01,1.110693E-02,7.466049E-03,3.577700E+02,1.903643E+02,1.437599E-02,1.468842E-02
04:40:00,4.241764E+02,2.841337E+02,1.704428E-02,2.192367E-02,4.708537E+02,1.018299E+02,1.891656E-02,7.857836E-03,4.655620E+02,2.805806E+02,1.870705E-02,2.164966E-02,6.242064E+02,2.411330E+02,2.508048E-02,1.860637E-02,3.560114E+02,4.531551E+01,1.430133E-02,3.496899E-03,1.024303E+02,1.575538E+02,4.116304E-03,1.215587E-02,3.796462E+02,1.603106E+02,1.525436E-02,1.236981E-02,1.255504E+03,4.417792E+02,5.044373E-02,3.408952E-02,8.122336E+02,1.464344E+02,3.262935E-02,1.130008E-02,2.779576E+02,9.678729E+01,1.116834E-02,7.468300E-03,3.605681E+02,1.912955E+02,1.448844E-02,1.476027E-02
04:50:00,4.273542E+02,2.854834E+02,1.717197E-02,2.202782E-02,4.724262E+02,1.037011E+02,1.897974E-02,8.002242E-03,4.688047E+02,2.807524E+02,1.883735E-02,2.166292E-02,6.274756E+02,2.417735E+02,2.521184E-02,1.865580E-02,3.568956E+02,4.526641E+01,1.433685E-02,3.493109E-03,1.048160E+02,1.590180E+02,4.212177E-03,1.226884E-02,3.819050E+02,1.606443E+02,1.534513E-02,1.239557E-02,1.260848E+03,4.439547E+02,5.065844E-02,3.425740E-02,8.143412E+02,1.495309E+02,3.271402E-02,1.153905E-02,2.794391E+02,9.701558E+01,1.122787E-02,7.485916E-03,3.632962E+02,1.931633E+02,1.459807E-02,1.490440E-02
05:00:00,4.304546E+02,2.888235E+02,1.729656E-02,2.228557E-02,4.739497E+02,1.084738E+02,1.904095E-02,8.370576E-03,4.719647E+02,2.816601E+02,1.896434E-02,2.173297E-02,6.306575E+02,2.431565E+02,2.533969E-02,1.876253E-02,3.577500E+02,4.547387E+01,1.437118E-02,3.509121E-03,1.071262E+02,1.614244E+02,4.305014E-03,1.245450E-02,3.841024E+02,1.612588E+02,1.543343E-02,1.244298E-02,1.266054E+03,4.494797E+02,5.086763E-02,3.468378E-02,8.163859E+02,1.574757E+02,3.279617E-02,1.215222E-02,2.808762E+02,9.751597E+01,1.128562E-02,7.524529E-03,3.659566E+02,1.964345E+02,1.470498E-02,1.515681E-02
05:10:00,5.023562E+02,3.283743E+02,2.046173E-02,2.558624E-02,5.157776E+02,1.334242E+02,2.101139E-02,1.042218E-02,5.458724E+02,3.175925E+02,2.223704E-02,2.473869E-02,7.093337E+02,2.791802E+02,2.888883E-02,2.174656E-02,3.836080E+02,5.511437E+01,1.562770E-02,4.301164E-03,1.505888E+02,1.862605E+02,6.140614E-03,1.451611E-02,4.367831E+02,1.850460E+02,1.779437E-02,1.441555E-02,1.400994E+03,5.159794E+02,5.704034E-02,4.020067E-02,8.771153E+02,1.947210E+02,3.571798E-02,1.521191E-02,3.165091E+02,1.132326E+02,1.290016E-02,8.825988E-03,4.282028E+02,2.293807E+02,1.744460E-02,1.787376E-02
05:20:00,5.215438E+02,3.465562E+02,2.155682E-02,2.741958E-02,5.352767E+02,1.532204E+02,2.214781E-02,1.219093E-02,5.683279E+02,3.314448E+02,2.350000E-02,2.620590E-02,7.346607E+02,2.930625E+02,3.037266E-02,2.317322E-02,3.986226E+02,6.097183E+01,1.649879E-02,4.841184E-03,1.625851E+02,1.990153E+02,6.727867E-03,1.575728E-02,4.563036E+02,1.943644E+02,1.887710E-02,1.537184E-02,1.438629E+03,5.436496E+02,5.944219E-02,4.300067E-02,9.029749E+02,2.241062E+02,3.733796E-02,1.783193E-02,3.330182E+02,1.209781E+02,1.378988E-02,9.580773E-03,4.465395E+02,2.441153E+02,1.846417E-02,1.931765E-02
05:30:00,5.746083E+02,3.813132E+02,2.413605E-02,3.064067E-02,5.665001E+02,1.830460E+02,2.379733E-02,1.479967E-02,6.231200E+02,3.608627E+02,2.617963E-02,2.897624E-02,7.912673E+02,3.238720E+02,3.322652E-02,2.601752E-02,4.186213E+02,7.019587E+01,1.758770E-02,5.662910E-03,1.967026E+02,2.212471E+02,8.284753E-03,1.779283E-02,4.957838E+02,2.137702E+02,2.083418E-02,1.717318E-02,1.531435E+03,6.013095E+02,6.425985E-02,4.831166E-02,9.462280E+02,2.685393E+02,3.971859E-02,2.171211E-02,3.607733E+02,1.348626E+02,1.517223E-02,1.084980E-02,4.931534E+02,2.722114E+02,2.072260E-02,2.188139E-02
05:40:00,6.152720E+02,4.119810E+02,2.617395E-02,3.352404E-02,5.917821E+02,2.139921E+02,2.518745E-02,1.750696E-02,6.656100E+02,3.859055E+02,2.832229E-02,3.138260E-02,8.356879E+02,3.511916E+02,3.554846E-02,2.857271E-02,4.351820E+02,7.846884E+01,1.852649E-02,6.405680E-03,2.223172E+02,2.407474E+02,9.470628E-03,1.960236E-02,5.270264E+02,2.301234E+02,2.243176E-02,1.872009E-02,1.603833E+03,6.523774E+02,6.818642E-02,5.307911E-02,9.811288E+02,3.145674E+02,4.173438E-02,2.573393E-02,3.830732E+02,1.470231E+02,1.631652E-02,1.197537E-02,5.290657E+02,2.960611E+02,2.251389E-02,2.409329E-02
05:50:00,6.531706E+02,4.413302E+02,2.809279E-02,3.630509E-02,6.150332E+02,2.466920E+02,2.648967E-02,2.037166E-02,7.050577E+02,4.100563E+02,3.033379E-02,3.371701E-02,8.768683E+02,3.786521E+02,3.773061E-02,3.114306E-02,4.503298E+02,8.657791E+01,1.940397E-02,7.135517E-03,2.460586E+02,2.592236E+02,1.057591E-02,2.133077E-02,5.558658E+02,2.457849E+02,2.392555E-02,2.021035E-02,1.671378E+03,7.019823E+02,7.190394E-02,5.773761E-02,1.013412E+03,3.627343E+02,4.363692E-02,2.995278E-02,4.034914E+02,1.588987E+02,1.737936E-02,1.307819E-02,5.624138E+02,3.181579E+02,2.419462E-02,2.616494E-02
06:00:00,6.889151E+02,4.689175E+02,2.991917E-02,3.895056E-02,6.367353E+02,2.801208E+02,2.772497E-02,2.331568E-02,7.421667E+02,4.335730E+02,3.224478E-02,3.600202E-02,9.156544E+02,4.064948E+02,3.980984E-02,3.374962E-02,4.643877E+02,9.458934E+01,2.023424E-02,7.858332E-03,2.681572E+02,2.764596E+02,1.161060E-02,2.296208E-02,5.828682E+02,2.609579E+02,2.534023E-02,2.166139E-02,1.735468E+03,7.494488E+02,7.547333E-02,6.223682E-02,1.043788E+03,4.112173E+02,4.545717E-02,3.422845E-02,4.224401E+02,1.706114E+02,1.837873E-02,1.416897E-02,5.937549E+02,3.384954E+02,2.578908E-02,2.809890E-02
06:10:00,7.046836E+02,4.925455E+02,3.122796E-02,4.145099E-02,6.351865E+02,3.142053E+02,2.813995E-02,2.646437E-02,7.573208E+02,4.541231E+02,3.355997E-02,3.821824E-02,9.241958E+02,4.330133E+02,4.094526E-02,3.644966E-02,4.606576E+02,1.020906E+02,2.040608E-02,8.597541E-03,2.873829E+02,2.909864E+02,1.275846E-02,2.448727E-02,5.917124E+02,2.741943E+02,2.622223E-02,2.307720E-02,1.736947E+03,7.918759E+02,7.692544E-02,6.665043E-02,1.033983E+03,4.599036E+02,4.579154E-02,3.873505E-02,4.287308E+02,1.812885E+02,1.900584E-02,1.526093E-02,6.084945E+02,3.557686E+02,2.696875E-02,2.994030E-02
06:20:00,7.181385E+02,5.230735E+02,3.226182E-02,4.451082E-02,6.320801E+02,3.510464E+02,2.841201E-02,2.993017E-02,7.700374E+02,4.830247E+02,3.460202E-02,4.110856E-02,9.297648E+02,4.682213E+02,4.176962E-02,3.986735E-02,4.559363E+02,1.110088E+02,2.049891E-02,9.461720E-03,3.067455E+02,3.091208E+02,1.381494E-02,2.630620E-02,5.981418E+02,2.928061E+02,2.688763E-02,2.492366E-02,1.734537E+03,8.478653E+02,7.787168E-02,7.216425E-02,1.022442E+03,5.122315E+02,4.593013E-02,4.366526E-02,4.332495E+02,1.951223E+02,1.949342E-02,1.661776E-02,6.211261E+02,3.792549E+02,2.791370E-02,3.227621E-02
06:30:00,7.271146E+02,5.457335E+02,3.322826E-02,4.696393E-02,6.273214E+02,3.838993E+02,2.865661E-02,3.310213E-02,7.783313E+02,5.056951E+02,3.557283E-02,4.353160E-02,9.322222E+02,4.964654E+02,4.258144E-02,4.276000E-02,4.501699E+02,1.185851E+02,2.056403E-02,1.022527E-02,3.218112E+02,3.224788E+02,1.476150E-02,2.775433E-02,6.022205E+02,3.073470E+02,2.752757E-02,2.646422E-02,1.727616E+03,8.906972E+02,7.884271E-02,7.667449E-02,1.008904E+03,5.586367E+02,4.604990E-02,4.815948E-02,4.360573E+02,2.066475E+02,1.994830E-02,1.780381E-02,6.297061E+02,3.970061E+02,2.878738E-02,3.417678E-02
06:40:00,7.347862E+02,5.687187E+02,3.408118E-02,4.942893E-02,6.215485E+02,4.163487E+02,2.882830E-02,3.624942E-02,7.851825E+02,5.300299E+02,3.642396E-02,4.608224E-02,9.329173E+02,5.255132E+02,4.325879E-02,4.570870E-02,4.437216E+02,1.265209E+02,2.058244E-02,1.101637E-02,3.359531E+02,3.359130E+02,1.562889E-02,2.919749E-02,6.049069E+02,3.229930E+02,2.806697E-02,2.808819E-02,1.718308E+03,9.347780E+02,7.961573E-02,8.126865E-02,9.942033E+02,6.047531E+02,4.607985E-02,5.264509E-02,4.378000E+02,2.190443E+02,2.032972E-02,1.905930E-02,6.370883E+02,4.158407E+02,2.955963E-02,3.615471E-02
06:50:00,7.407919E+02,5.908022E+02,3.484437E-02,5.181348E-02,6.149026E+02,4.477099E+02,2.895048E-02,3.931800E-02,7.903099E+02,5.547094E+02,3.718143E-02,4.866132E-02,9.320754E+02,5.537622E+02,4.385067E-02,4.858987E-02,4.366963E+02,1.344793E+02,2.056773E-02,1.180926E-02,3.486358E+02,3.486310E+02,1.641967E-02,3.057535E-02,6.063943E+02,3.388077E+02,2.854001E-02,2.972468E-02,1.706882E+03,9.777933E+02,8.026997E-02,8.577145E-02,9.784914E+02,6.497395E+02,4.605165E-02,5.705644E-02,4.386324E+02,2.316994E+02,2.066034E-02,2.033726E-02,6.429477E+02,4.344459E+02,3.024955E-02,3.810839E-02
07:00:00,7.454570E+02,6.120766E+02,3.553601E-02,5.412636E-02,6.075379E+02,4.776853E+02,2.903251E-02,4.228190E-02,7.940421E+02,5.796520E+02,3.786397E-02,5.126352E-02,9.299199E+02,5.812355E+02,4.437135E-02,5.140738E-02,4.292000E+02,1.424046E+02,2.052626E-02,1.259961E-02,3.602060E+02,3.607428E+02,1.715144E-02,3.189816E-02,6.068877E+02,3.547771E+02,2.895888E-02,3.137375E-02,1.693620E+03,1.019786E+03,8.082488E-02,9.018782E-02,9.619214E+02,6.933544E+02,4.597546E-02,6.137202E-02,4.387165E+02,2.443903E+02,2.094965E-02,2.161885E-02,6.475874E+02,4.525177E+02,3.087406E-02,4.001306E-02
07:10:00,7.528649E+02,6.392973E+02,3.654831E-02,5.754465E-02,6.110790E+02,5.108753E+02,2.966618E-02,4.600543E-02,8.015529E+02,6.117337E+02,3.891262E-02,5.508042E-02,9.369961E+02,6.151241E+02,4.548675E-02,5.538828E-02,4.314379E+02,1.523885E+02,2.094490E-02,1.373230E-02,3.654473E+02,3.772552E+02,1.774326E-02,3.396075E-02,6.120386E+02,3.756368E+02,2.971343E-02,3.382642E-02,1.705245E+03,1.070968E+03,8.277719E-02,9.641105E-02,9.668873E+02,7.416690E+02,4.693649E-02,6.678820E-02,4.419959E+02,2.606674E+02,2.145931E-02,2.348093E-02,6.539469E+02,4.755414E+02,3.174698E-02,4.280856E-02
07:20:00,7.752581E+02,6.564235E+02,3.807127E-02,6.008256E-02,6.207941E+02,5.382966E+02,3.050431E-02,4.935051E-02,8.232651E+02,6.343176E+02,4.043387E-02,5.809403E-02,9.592212E+02,6.388983E+02,4.711303E-02,5.851630E-02,4.365457E+02,1.603490E+02,2.145554E-02,1.471143E-02,3.791769E+02,3.879420E+02,1.862426E-02,3.552035E-02,6.264336E+02,3.903568E+02,3.077329E-02,3.575773E-02,1.744987E+03,1.104354E+03,8.569639E-02,1.010885E-01,9.817664E+02,7.819577E+02,4.823558E-02,7.168418E-02,4.504350E+02,2.731672E+02,2.213403E-02,2.504298E-02,6.725506E+02,4.897616E+02,3.303072E-02,4.482954E-02
07:30:00,7.863636E+02,6.777875E+02,3.911795E-02,6.310703E-02,6.263346E+02,5.658882E+02,3.116381E-02,5.276122E-02,8.344601E+02,6.610086E+02,4.151341E-02,6.158795E-02,9.708733E+02,6.667857E+02,4.829571E-02,6.213159E-02,4.397439E+02,1.688866E+02,2.188223E-02,1.576371E-02,3.851140E+02,4.009044E+02,1.916773E-02,3.734280E-02,6.340076E+02,4.077765E+02,3.154506E-02,3.800493E-02,1.766241E+03,1.146286E+03,8.784482E-02,1.067433E-01,9.905240E+02,8.227602E+02,4.927490E-02,7.670432E-02,4.549168E+02,2.868989E+02,2.263933E-02,2.675820E-02,6.818497E+02,5.072026E+02,3.392189E-02,4.723175E-02
07:40:00,8.005369E+02,6.973835E+02,4.027622E-02,6.593009E-02,6.333413E+02,5.918880E+02,3.187511E-02,5.602794E-02,8.485358E+02,6.860236E+02,4.269476E-02,6.489597E-02,9.855539E+02,6.932584E+02,4.958709E-02,6.558777E-02,4.437818E+02,1.769511E+02,2.233803E-02,1.676521E-02,3.932409E+02,4.125776E+02,1.979219E-02,3.901840E-02,6.435802E+02,4.240648E+02,3.238712E-02,4.012516E-02,1.792732E+03,1.186331E+03,9.018563E-02,1.121756E-01,1.001433E+03,8.611578E+02,5.039250E-02,8.151014E-02,4.606971E+02,2.996584E+02,2.318932E-02,2.837157E-02,6.937106E+02,5.229308E+02,3.490469E-02,4.944246E-02
07:50:00,8.148473E+02,7.163578E+02,4.142741E-02,6.868345E-02,6.405942E+02,6.166157E+02,3.258943E-02,5.919051E-02,8.628372E+02,7.106213E+02,4.387241E-02,6.816202E-02,1.000514E+03,7.194414E+02,5.087744E-02,6.901440E-02,4.480207E+02,1.849093E+02,2.279747E-02,1.775627E-02,4.013766E+02,4.237693E+02,2.040650E-02,4.063748E-02,6.533685E+02,4.401152E+02,3.322856E-02,4.221922E-02,1.819635E+03,1.226859E+03,9.252534E-02,1.176513E-01,1.012676E+03,8.974605E+02,5.151526E-02,8.614446E-02,4.666837E+02,3.120217E+02,2.374073E-02,2.994746E-02,7.057396E+02,5.381573E+02,3.588299E-02,5.159527E-02
08:00:00,8.291730E+02,7.351020E+02,4.256859E-02,7.140765E-02,6.479818E+02,6.405869E+02,3.330341E-02,6.229806E-02,8.771926E+02,7.353929E+02,4.504123E-02,7.144688E-02,1.015562E+03,7.456037E+02,5.216078E-02,7.244131E-02,4.523872E+02,1.929826E+02,2.325840E-02,1.875910E-02,4.095304E+02,4.346976E+02,2.101319E-02,4.222344E-02,6.632444E+02,4.562615E+02,3.406561E-02,4.432209E-02,1.846618E+03,1.269349E+03,9.485300E-02,1.233184E-01,1.024087E+03,9.322370E+02,5.263783E-02,9.066129E-02,4.727860E+02,3.244329E+02,2.429096E-02,3.152913E-02,7.178139E+02,5.532567E+02,3.685355E-02,5.372836E-02
08:10:00,7.888740E+02,7.151509E+02,4.071464E-02,7.007679E-02,6.255645E+02,6.421507E+02,3.228473E-02,6.291677E-02,8.357510E+02,7.220666E+02,4.313395E-02,7.075483E-02,9.729560E+02,7.327622E+02,5.021467E-02,7.180380E-02,4.385775E+02,1.905839E+02,2.263393E-02,1.867572E-02,3.833184E+02,4.205681E+02,1.978403E-02,4.120989E-02,6.337436E+02,4.466866E+02,3.270795E-02,4.377103E-02,1.777009E+03,1.250024E+03,9.171106E-02,1.224922E-01,9.932146E+02,9.351278E+02,5.125781E-02,9.162328E-02,4.523332E+02,3.194974E+02,2.334522E-02,3.130713E-02,6.823985E+02,5.360240E+02,3.521940E-02,5.252492E-02
08:20:00,7.859440E+02,7.194984E+02,4.056320E-02,7.050532E-02,6.192726E+02,6.536080E+02,3.195967E-02,6.404684E-02,8.311845E+02,7.335423E+02,4.289802E-02,7.188178E-02,9.687580E+02,7.446926E+02,4.999763E-02,7.297537E-02,4.326898E+02,1.934090E+02,2.232979E-02,1.895333E-02,3.778480E+02,4.199868E+02,1.950165E-02,4.115422E-02,6.284974E+02,4.530591E+02,3.243698E-02,4.439678E-02,1.776522E+03,1.278092E+03,9.168507E-02,1.252471E-01,9.871463E+02,9.525647E+02,5.094396E-02,9.334308E-02,4.460486E+02,3.237800E+02,2.302071E-02,3.172792E-02,6.783285E+02,5.390231E+02,3.500916E-02,5.282028E-02
08:30:00,7.625572E+02,7.108140E+02,3.935619E-02,6.965471E-02,6.057247E+02,6.606155E+02,3.126042E-02,6.473566E-02,8.067609E+02,7.335536E+02,4.163750E-02,7.188326E-02,9.445483E+02,7.442069E+02,4.874813E-02,7.292813E-02,4.238942E+02,1.947562E+02,2.187581E-02,1.908546E-02,3.605013E+02,4.118281E+02,1.860638E-02,4.035492E-02,6.106595E+02,4.516925E+02,3.151634E-02,4.426301E-02,1.740280E+03,1.285985E+03,8.981451E-02,1.260214E-01,9.701171E+02,9.625876E+02,5.006497E-02,9.432859E-02,4.328218E+02,3.238043E+02,2.233805E-02,3.173046E-02,6.572148E+02,5.307682E+02,3.391947E-02,5.201153E-02
08:40:00,7.476817E+02,7.068815E+02,3.858854E-02,6.926924E-02,5.964478E+02,6.694778E+02,3.078165E-02,6.560468E-02,7.909781E+02,7.397789E+02,4.082301E-02,7.249318E-02,9.290682E+02,7.493477E+02,4.794926E-02,7.343174E-02,4.175983E+02,1.983388E+02,2.155088E-02,1.943653E-02,3.487615E+02,4.068064E+02,1.800051E-02,3.986278E-02,5.988306E+02,4.544282E+02,3.090588E-02,4.453098E-02,1.718358E+03,1.305568E+03,8.868324E-02,1.279403E-01,9.589554E+02,9.743391E+02,4.948893E-02,9.548108E-02,4.236298E+02,3.264559E+02,2.186367E-02,3.199025E-02,6.435239E+02,5.266328E+02,3.321293E-02,5.160615E-02
08:50:00,7.351753E+02,7.045565E+02,3.794311E-02,6.904137E-02,5.887426E+02,6.789481E+02,3.038398E-02,6.653288E-02,7.777290E+02,7.489806E+02,4.013925E-02,7.339486E-02,9.161048E+02,7.571917E+02,4.728023E-02,7.420035E-02,4.124048E+02,2.034721E+02,2.128284E-02,1.993960E-02,3.388834E+02,4.029868E+02,1.749070E-02,3.948847E-02,5.889322E+02,4.590924E+02,3.039503E-02,4.498801E-02,1.700040E+03,1.331417E+03,8.773787E-02,1.304733E-01,9.497462E+02,9.858739E+02,4.901363E-02,9.661171E-02,4.159584E+02,3.304098E+02,2.146774E-02,3.237769E-02,6.320262E+02,5.238693E+02,3.261956E-02,5.133530E-02
09:00:00,7.243869E+02,7.033069E+02,3.738632E-02,6.891895E-02,5.821933E+02,6.885802E+02,3.004595E-02,6.747682E-02,7.663290E+02,7.604919E+02,3.955088E-02,7.452294E-02,9.049505E+02,7.673522E+02,4.670455E-02,7.519606E-02,4.080350E+02,2.100103E+02,2.105730E-02,2.058037E-02,3.304213E+02,4.000122E+02,1.705396E-02,3.919701E-02,5.804562E+02,4.652639E+02,2.995757E-02,4.559281E-02,1.684202E+03,1.362323E+03,8.692047E-02,1.335021E-01,9.419190E+02,9.963950E+02,4.860965E-02,9.764280E-02,4.094327E+02,3.353550E+02,2.113093E-02,3.286231E-02,6.221378E+02,5.220392E+02,3.210920E-02,5.115597E-02
09:10:00,7.149553E+02,7.028725E+02,3.689954E-02,6.887642E-02,5.765554E+02,6.980668E+02,2.975497E-02,6.840646E-02,7.563908E+02,7.739065E+02,3.903795E-02,7.583753E-02,8.952159E+02,7.795314E+02,4.620212E-02,7.638961E-02,4.043167E+02,2.177615E+02,2.086540E-02,2.134000E-02,3.230977E+02,3.977031E+02,1.667597E-02,3.897078E-02,5.731060E+02,4.726779E+02,2.957821E-02,4.631937E-02,1.670275E+03,1.397516E+03,8.620167E-02,1.369510E-01,9.351609E+02,1.005453E+03,4.826085E-02,9.853043E-02,4.038206E+02,3.411368E+02,2.084128E-02,3.342891E-02,6.135246E+02,5.209258E+02,3.166466E-02,5.104690E-02
09:20:00,7.066135E+02,7.030859E+02,3.646900E-02,6.889736E-02,5.716468E+02,7.071710E+02,2.950163E-02,6.929859E-02,7.476267E+02,7.888945E+02,3.858562E-02,7.730629E-02,8.866146E+02,7.933817E+02,4.575819E-02,7.774690E-02,4.011199E+02,2.264754E+02,2.070041E-02,2.219396E-02,3.166981E+02,3.959253E+02,1.634567E-02,3.879659E-02,5.666597E+02,4.811257E+02,2.924550E-02,4.714724E-02,1.657794E+03,1.436358E+03,8.555754E-02,1.407575E-01,9.292048E+02,1.012675E+03,4.795345E-02,9.923810E-02,3.989451E+02,3.476115E+02,2.058964E-02,3.406340E-02,6.059375E+02,5.203829E+02,3.127308E-02,5.099373E-02
09:30:00,6.991338E+02,7.041284E+02,3.608296E-02,6.899954E-02,5.673036E+02,7.155080E+02,2.927747E-02,7.011554E-02,7.397904E+02,8.052160E+02,3.818117E-02,7.890571E-02,8.789011E+02,8.087146E+02,4.536008E-02,7.924947E-02,3.983251E+02,2.359420E+02,2.055617E-02,2.312166E-02,3.110532E+02,3.946531E+02,1.605433E-02,3.867195E-02,5.609252E+02,4.903919E+02,2.894953E-02,4.805528E-02,1.646524E+03,1.478293E+03,8.497584E-02,1.448669E-01,9.239216E+02,1.017587E+03,4.768079E-02,9.971934E-02,3.946676E+02,3.546444E+02,2.036887E-02,3.475257E-02,5.991639E+02,5.204199E+02,3.092348E-02,5.099738E-02
09:40:00,6.923808E+02,7.057343E+02,3.573442E-02,6.915692E-02,5.634402E+02,7.229944E+02,2.907808E-02,7.084911E-02,7.327354E+02,8.225452E+02,3.781705E-02,8.060386E-02,8.719377E+02,8.251069E+02,4.500069E-02,8.085584E-02,3.958718E+02,2.459482E+02,2.042955E-02,2.410224E-02,3.060220E+02,3.937584E+02,1.579465E-02,3.858429E-02,5.557895E+02,5.003065E+02,2.868446E-02,4.902685E-02,1.636241E+03,1.522680E+03,8.444514E-02,1.492167E-01,9.191845E+02,1.020121E+03,4.743631E-02,9.996766E-02,3.908653E+02,3.621029E+02,2.017262E-02,3.548346E-02,5.930742E+02,5.208701E+02,3.060917E-02,5.104150E-02
09:50:00,6.862368E+02,7.077474E+02,3.541732E-02,6.935422E-02,5.599750E+02,7.294880E+02,2.889923E-02,7.148541E-02,7.263339E+02,8.406121E+02,3.748665E-02,8.237429E-02,8.656005E+02,8.422087E+02,4.467362E-02,8.253172E-02,3.937001E+02,2.563131E+02,2.031747E-02,2.511796E-02,3.015085E+02,3.931611E+02,1.556169E-02,3.852577E-02,5.511526E+02,5.107174E+02,2.844514E-02,5.004706E-02,1.626781E+03,1.568933E+03,8.395688E-02,1.537493E-01,9.148957E+02,1.020242E+03,4.721496E-02,9.997944E-02,3.874677E+02,3.698674E+02,1.999727E-02,3.624432E-02,5.875566E+02,5.216318E+02,3.032439E-02,5.111616E-02
10:00:00,6.806013E+02,7.100889E+02,3.512646E-02,6.958368E-02,5.568391E+02,7.348516E+02,2.873739E-02,7.201096E-02,7.204767E+02,8.591765E+02,3.718434E-02,8.419346E-02,8.597848E+02,8.597553E+02,4.437346E-02,8.425117E-02,3.917601E+02,2.668500E+02,2.021735E-02,2.615051E-02,2.974259E+02,3.927901E+02,1.535098E-02,3.848943E-02,5.469297E+02,5.214655E+02,2.822719E-02,5.110030E-02,1.618005E+03,1.615628E+03,8.350393E-02,1.583251E-01,9.109760E+02,1.017943E+03,4.701267E-02,9.975402E-02,3.844060E+02,3.778228E+02,1.983924E-02,3.702388E-02,5.825153E+02,5.226142E+02,3.006420E-02,5.121244E-02
10:10:00,6.753925E+02,7.126769E+02,3.485762E-02,6.983730E-02,5.539772E+02,7.391813E+02,2.858968E-02,7.243520E-02,7.150754E+02,8.780022E+02,3.690557E-02,8.603822E-02,8.544057E+02,8.775663E+02,4.409583E-02,8.599652E-02,3.900116E+02,2.773749E+02,2.012711E-02,2.718189E-02,2.937031E+02,3.926110E+02,1.515883E-02,3.847189E-02,5.430523E+02,5.324229E+02,2.802707E-02,5.217404E-02,1.609803E+03,1.659475E+03,8.308066E-02,1.626218E-01,9.073626E+02,1.013351E+03,4.682618E-02,9.930392E-02,3.816236E+02,3.858516E+02,1.969564E-02,3.781063E-02,5.778730E+02,5.237939E+02,2.982460E-02,5.132806E-02
10:20:00,6.705457E+02,7.154536E+02,3.460746E-02,7.010940E-02,5.513453E+02,7.424720E+02,2.845385E-02,7.275763E-02,7.100601E+02,8.968819E+02,3.664672E-02,8.788826E-02,8.493967E+02,8.954679E+02,4.383731E-02,8.775074E-02,3.884226E+02,2.876875E+02,2.004510E-02,2.819245E-02,2.902830E+02,3.925841E+02,1.498230E-02,3.846926E-02,5.394660E+02,5.434639E+02,2.784198E-02,5.325596E-02,1.602092E+03,1.698636E+03,8.268266E-02,1.664592E-01,9.040065E+02,1.006534E+03,4.665297E-02,9.863589E-02,3.790752E+02,3.938600E+02,1.956411E-02,3.859538E-02,5.735681E+02,5.251160E+02,2.960242E-02,5.145762E-02
10:30:00,6.660089E+02,7.180644E+02,3.437331E-02,7.036524E-02,5.489081E+02,7.448625E+02,2.832807E-02,7.299185E-02,7.053743E+02,9.155776E+02,3.640488E-02,8.972026E-02,8.447042E+02,9.131289E+02,4.359512E-02,8.948137E-02,3.869673E+02,2.975423E+02,1.996999E-02,2.915814E-02,2.871196E+02,3.925954E+02,1.481903E-02,3.847038E-02,5.361273E+02,5.545059E+02,2.766966E-02,5.433799E-02,1.594803E+03,1.731789E+03,8.230646E-02,1.697079E-01,9.008690E+02,9.976797E+02,4.649105E-02,9.776813E-02,3.767246E+02,4.017677E+02,1.944279E-02,3.937025E-02,5.695512E+02,5.264039E+02,2.939509E-02,5.158383E-02
10:40:00,6.617400E+02,7.206397E+02,3.415298E-02,7.061759E-02,5.466373E+02,7.462152E+02,2.821087E-02,7.312436E-02,7.009729E+02,9.339831E+02,3.617771E-02,9.152382E-02,8.402854E+02,9.305031E+02,4.336706E-02,9.118389E-02,3.856251E+02,3.066437E+02,1.990072E-02,3.004999E-02,2.841757E+02,3.926608E+02,1.466709E-02,3.847679E-02,5.330010E+02,5.654479E+02,2.750831E-02,5.541020E-02,1.587883E+03,1.757954E+03,8.194932E-02,1.722716E-01,8.979194E+02,9.867797E+02,4.633882E-02,9.669993E-02,3.745424E+02,4.095116E+02,1.933016E-02,4.012907E-02,5.657823E+02,5.276814E+02,2.920057E-02,5.170901E-02
10:50:00,6.576991E+02,7.232287E+02,3.394442E-02,7.087129E-02,5.445075E+02,7.464876E+02,2.810095E-02,7.315102E-02,6.968127E+02,9.519778E+02,3.596300E-02,9.328711E-02,8.361001E+02,9.475233E+02,4.315105E-02,9.285171E-02,3.843781E+02,3.146903E+02,1.983637E-02,3.083847E-02,2.814157E+02,3.927689E+02,1.452463E-02,3.848738E-02,5.300545E+02,5.761946E+02,2.735623E-02,5.646327E-02,1.581281E+03,1.776312E+03,8.160860E-02,1.740704E-01,8.951304E+02,9.738944E+02,4.619489E-02,9.543719E-02,3.725018E+02,4.170338E+02,1.922485E-02,4.086616E-02,5.622236E+02,5.289265E+02,2.901690E-02,5.183103E-02
11:00:00,6.538594E+02,7.258267E+02,3.374625E-02,7.112587E-02,5.425006E+02,7.457027E+02,2.799737E-02,7.307408E-02,6.928651E+02,9.694448E+02,3.575925E-02,9.499868E-02,8.321211E+02,9.640774E+02,4.294569E-02,9.447385E-02,3.832129E+02,3.215302E+02,1.977623E-02,3.150869E-02,2.788157E+02,3.929172E+02,1.439044E-02,3.850191E-02,5.272655E+02,5.866776E+02,2.721229E-02,5.749050E-02,1.574965E+03,1.787088E+03,8.128261E-02,1.751260E-01,8.924830E+02,9.592097E+02,4.605825E-02,9.399812E-02,3.705840E+02,4.242860E+02,1.912587E-02,4.157680E-02,5.588498E+02,5.301235E+02,2.884277E-02,5.194832E-02
11:10:00,6.502001E+02,7.283788E+02,3.355739E-02,7.137595E-02,5.406021E+02,7.434903E+02,2.789940E-02,7.285725E-02,6.891075E+02,9.862373E+02,3.556532E-02,9.664417E-02,8.283275E+02,9.800199E+02,4.274990E-02,9.603606E-02,3.821190E+02,3.270815E+02,1.971978E-02,3.205264E-02,2.763569E+02,3.930819E+02,1.426354E-02,3.851806E-02,5.246167E+02,5.967924E+02,2.707558E-02,5.848164E-02,1.568908E+03,1.792556E+03,8.097005E-02,1.756615E-01,8.899621E+02,9.426592E+02,4.592815E-02,9.237622E-02,3.687742E+02,4.312105E+02,1.903246E-02,4.225532E-02,5.556410E+02,5.312013E+02,2.867716E-02,5.205394E-02
11:20:00,6.467034E+02,7.308643E+02,3.337691E-02,7.161950E-02,5.388002E+02,7.398257E+02,2.780640E-02,7.249810E-02,6.855206E+02,1.002248E+03,3.538019E-02,9.821308E-02,8.247011E+02,9.952471E+02,4.256274E-02,9.752817E-02,3.810876E+02,3.313558E+02,1.966655E-02,3.247144E-02,2.740233E+02,3.932601E+02,1.414309E-02,3.853552E-02,5.220930E+02,6.064722E+02,2.694533E-02,5.943015E-02,1.563090E+03,1.793935E+03,8.066977E-02,1.757965E-01,8.875552E+02,9.245218E+02,4.580394E-02,9.059881E-02,3.670599E+02,4.377614E+02,1.894398E-02,4.289722E-02,5.525801E+02,5.321533E+02,2.851918E-02,5.214721E-02
11:30:00,6.433540E+02,7.332733E+02,3.320405E-02,7.185557E-02,5.370848E+02,7.349079E+02,2.771787E-02,7.201617E-02,6.820881E+02,1.017384E+03,3.520304E-02,9.969622E-02,8.212268E+02,1.009673E+03,4.238343E-02,9.894173E-02,3.801116E+02,3.344535E+02,1.961618E-02,3.277495E-02,2.718012E+02,3.934472E+02,1.402840E-02,3.855386E-02,5.196822E+02,6.156556E+02,2.682091E-02,6.033002E-02,1.557492E+03,1.792229E+03,8.038082E-02,1.756291E-01,8.852520E+02,9.053136E+02,4.568507E-02,8.871646E-02,3.654307E+02,4.438936E+02,1.885990E-02,4.349810E-02,5.496529E+02,5.329749E+02,2.836810E-02,5.222772E-02
11:40:00,6.401392E+02,7.356005E+02,3.303812E-02,7.208360E-02,5.354475E+02,7.291184E+02,2.763337E-02,7.144881E-02,6.787964E+02,1.031562E+03,3.503315E-02,1.010855E-01,8.178916E+02,1.023223E+03,4.221130E-02,1.002695E-01,3.791850E+02,3.366641E+02,1.956836E-02,3.299153E-02,2.696796E+02,3.936410E+02,1.391890E-02,3.857284E-02,5.173738E+02,6.242880E+02,2.670177E-02,6.117589E-02,1.552096E+03,1.788631E+03,8.010238E-02,1.752764E-01,8.830436E+02,8.857412E+02,4.557110E-02,8.679845E-02,3.638779E+02,4.495673E+02,1.877975E-02,4.405405E-02,5.468472E+02,5.336697E+02,2.822330E-02,5.229580E-02
11:50:00,6.370481E+02,7.378425E+02,3.287859E-02,7.230330E-02,5.338814E+02,7.230121E+02,2.755254E-02,7.085041E-02,6.756339E+02,1.044707E+03,3.486992E-02,1.023735E-01,8.146847E+02,1.035832E+03,4.204578E-02,1.015050E-01,3.783028E+02,3.383597E+02,1.952283E-02,3.315765E-02,2.676489E+02,3.938377E+02,1.381408E-02,3.859212E-02,5.151590E+02,6.323199E+02,2.658746E-02,6.196293E-02,1.546891E+03,1.784581E+03,7.983374E-02,1.748795E-01,8.809228E+02,8.667537E+02,4.546165E-02,8.493777E-02,3.623942E+02,4.547498E+02,1.870318E-02,4.456187E-02,5.441529E+02,5.342485E+02,2.808424E-02,5.235251E-02
12:00:00,6.340716E+02,7.405246E+02,3.272496E-02,7.256612E-02,5.323804E+02,7.172311E+02,2.747508E-02,7.028390E-02,6.725906E+02,1.057094E+03,3.471286E-02,1.035872E-01,8.115967E+02,1.047439E+03,4.188641E-02,1.026424E-01,3.774609E+02,3.398452E+02,1.947938E-02,3.330319E-02,2.657010E+02,3.940376E+02,1.371355E-02,3.861170E-02,5.130304E+02,6.397067E+02,2.647760E-02,6.268674E-02,1.541864E+03,1.781631E+03,7.957430E-02,1.745902E-01,8.788832E+02,8.498699E+02,4.535639E-02,8.328326E-02,3.609736E+02,4.594167E+02,1.862986E-02,4.501916E-02,5.415613E+02,5.347290E+02,2.795048E-02,5.239959E-02
12:10:00,6.312015E+02,7.443713E+02,3.257683E-02,7.294306E-02,5.309396E+02,7.122355E+02,2.740072E-02,6.979437E-02,6.696582E+02,1.069161E+03,3.456151E-02,1.047697E-01,8.086196E+02,1.058037E+03,4.173276E-02,1.036809E-01,3.766556E+02,3.413328E+02,1.943782E-02,3.344895E-02,2.638293E+02,3.942504E+02,1.361694E-02,3.863256E-02,5.109817E+02,6.464337E+02,2.637186E-02,6.334590E-02,1.537005E+03,1.780940E+03,7.932353E-02,1.745225E-01,8.769195E+02,8.363171E+02,4.525505E-02,8.195520E-02,3.596108E+02,4.635817E+02,1.855953E-02,4.542728E-02,5.390649E+02,5.351605E+02,2.782164E-02,5.244188E-02
12:20:00,6.284309E+02,7.500125E+02,3.243384E-02,7.349588E-02,5.295545E+02,7.082169E+02,2.732923E-02,6.940059E-02,6.668293E+02,1.081292E+03,3.441551E-02,1.059584E-01,8.057465E+02,1.067595E+03,4.158448E-02,1.046174E-01,3.758841E+02,3.429310E+02,1.939800E-02,3.360556E-02,2.620278E+02,3.944866E+02,1.352396E-02,3.865570E-02,5.090073E+02,6.524786E+02,2.626996E-02,6.393822E-02,1.532305E+03,1.783298E+03,7.908096E-02,1.747537E-01,8.750269E+02,8.269398E+02,4.515737E-02,8.103635E-02,3.583015E+02,4.672519E+02,1.849195E-02,4.578690E-02,5.366573E+02,5.355687E+02,2.769738E-02,5.248187E-02
12:30:00,6.257539E+02,7.579907E+02,3.229568E-02,7.427771E-02,5.282214E+02,7.051679E+02,2.726043E-02,6.910183E-02,6.640974E+02,1.093813E+03,3.427451E-02,1.071853E-01,8.029711E+02,1.076073E+03,4.144124E-02,1.054481E-01,3.751437E+02,3.446779E+02,1.935979E-02,3.377674E-02,2.602916E+02,3.947635E+02,1.343435E-02,3.868284E-02,5.071025E+02,6.578175E+02,2.617165E-02,6.446135E-02,1.527756E+03,1.789118E+03,7.884616E-02,1.753241E-01,8.732013E+02,8.222680E+02,4.506316E-02,8.057865E-02,3.570417E+02,4.704238E+02,1.842693E-02,4.609770E-02,5.343329E+02,5.359789E+02,2.757741E-02,5.252206E-02
12:40:00,6.231650E+02,7.687582E+02,3.216206E-02,7.533289E-02,5.269370E+02,7.028935E+02,2.719415E-02,6.887898E-02,6.614568E+02,1.106996E+03,3.413822E-02,1.084771E-01,8.002881E+02,1.083405E+03,4.130276E-02,1.061666E-01,3.744323E+02,3.465383E+02,1.932308E-02,3.395904E-02,2.586162E+02,3.951021E+02,1.334788E-02,3.871602E-02,5.052630E+02,6.624124E+02,2.607671E-02,6.491158E-02,1.523350E+03,1.798373E+03,7.861877E-02,1.762311E-01,8.714390E+02,8.224867E+02,4.497221E-02,8.060021E-02,3.558281E+02,4.730992E+02,1.836430E-02,4.635984E-02,5.320867E+02,5.364128E+02,2.746148E-02,5.256458E-02
12:50:00,6.206594E+02,7.826775E+02,3.203274E-02,7.669694E-02,5.256984E+02,7.010030E+02,2.713022E-02,6.869375E-02,6.589026E+02,1.121039E+03,3.400640E-02,1.098532E-01,7.976925E+02,1.089558E+03,4.116880E-02,1.067695E-01,3.737479E+02,3.483924E+02,1.928776E-02,3.414074E-02,2.569979E+02,3.955276E+02,1.326436E-02,3.875771E-02,5.034852E+02,6.662495E+02,2.598496E-02,6.528755E-02,1.519081E+03,1.810576E+03,7.839844E-02,1.774269E-01,8.697368E+02,8.274145E+02,4.488436E-02,8.108325E-02,3.546580E+02,4.752748E+02,1.830391E-02,4.657301E-02,5.299144E+02,5.368868E+02,2.734936E-02,5.261103E-02
13:00:00,6.182329E+02,7.994958E+02,3.190750E-02,7.834507E-02,5.245029E+02,6.989760E+02,2.706852E-02,6.849514E-02,6.564302E+02,1.135755E+03,3.387879E-02,1.112952E-01,7.951799E+02,1.094488E+03,4.103913E-02,1.072526E-01,3.730888E+02,3.500810E+02,1.925374E-02,3.430621E-02,2.554333E+02,3.960622E+02,1.318360E-02,3.881009E-02,5.017657E+02,6.693097E+02,2.589622E-02,6.558741E-02,1.514942E+03,1.824895E+03,7.818485E-02,1.788303E-01,8.680916E+02,8.361063E+02,4.479946E-02,8.193514E-02,3.535285E+02,4.769416E+02,1.824562E-02,4.673632E-02,5.278119E+02,5.374102E+02,2.724085E-02,5.266231E-02
13:10:00,6.158815E+02,8.187561E+02,3.178615E-02,8.023250E-02,5.233483E+02,6.964089E+02,2.700893E-02,6.824359E-02,6.540356E+02,1.150775E+03,3.375520E-02,1.127671E-01,7.927465E+02,1.098141E+03,4.091354E-02,1.076104E-01,3.724535E+02,3.514732E+02,1.922095E-02,3.444263E-02,2.539195E+02,3.967312E+02,1.310547E-02,3.887565E-02,5.001016E+02,6.715631E+02,2.581033E-02,6.580819E-02,1.510929E+03,1.840506E+03,7.797772E-02,1.803601E-01,8.665008E+02,8.478946E+02,4.471736E-02,8.309047E-02,3.524376E+02,4.780644E+02,1.818931E-02,4.684633E-02,5.257759E+02,5.379903E+02,2.713577E-02,5.271916E-02
13:20:00,6.136019E+02,8.399738E+02,3.166849E-02,8.231174E-02,5.222325E+02,6.930836E+02,2.695135E-02,6.791772E-02,6.517150E+02,1.165724E+03,3.363544E-02,1.142320E-01,7.903886E+02,1.100470E+03,4.079184E-02,1.078387E-01,3.718406E+02,3.524972E+02,1.918933E-02,3.454297E-02,2.524536E+02,3.975463E+02,1.302981E-02,3.895553E-02,4.984902E+02,6.729851E+02,2.572716E-02,6.594751E-02,1.507035E+03,1.856416E+03,7.777677E-02,1.819193E-01,8.649618E+02,8.621627E+02,4.463793E-02,8.448876E-02,3.513832E+02,4.786121E+02,1.813489E-02,4.689999E-02,5.238030E+02,5.386272E+02,2.703395E-02,5.278157E-02
13:30:00,6.113907E+02,8.626677E+02,3.155437E-02,8.453561E-02,5.211535E+02,6.888527E+02,2.689566E-02,6.750312E-02,6.494652E+02,1.180233E+03,3.351932E-02,1.156536E-01,7.881028E+02,1.101433E+03,4.067387E-02,1.079330E-01,3.712491E+02,3.530978E+02,1.915880E-02,3.460181E-02,2.510333E+02,3.985069E+02,1.295651E-02,3.904966E-02,4.969290E+02,6.735529E+02,2.564659E-02,6.600312E-02,1.503257E+03,1.871119E+03,7.758177E-02,1.833600E-01,8.634724E+02,8.783251E+02,4.456106E-02,8.607268E-02,3.503633E+02,4.785624E+02,1.808226E-02,4.689510E-02,5.218905E+02,5.393120E+02,2.693524E-02,5.284868E-02
13:40:00,6.092450E+02,8.863846E+02,3.144363E-02,8.685970E-02,5.201097E+02,6.836074E+02,2.684179E-02,6.698910E-02,6.472830E+02,1.193949E+03,3.340669E-02,1.169977E-01,7.858860E+02,1.101015E+03,4.055946E-02,1.078919E-01,3.706777E+02,3.532341E+02,1.912931E-02,3.461515E-02,2.496565E+02,3.996026E+02,1.288544E-02,3.915703E-02,4.954159E+02,6.732612E+02,2.556849E-02,6.597451E-02,1.499589E+03,1.883504E+03,7.739247E-02,1.845736E-01,8.620304E+02,8.958488E+02,4.448665E-02,8.778997E-02,3.493764E+02,4.778880E+02,1.803132E-02,4.682899E-02,5.200355E+02,5.400302E+02,2.683950E-02,5.291906E-02
13:50:00,6.071621E+02,9.107111E+02,3.133613E-02,8.924351E-02,5.190994E+02,6.772669E+02,2.678965E-02,6.636776E-02,6.451655E+02,1.206578E+03,3.329741E-02,1.182352E-01,7.837355E+02,1.099175E+03,4.044847E-02,1.077117E-01,3.701255E+02,3.528832E+02,1.910081E-02,3.458075E-02,2.483212E+02,4.008153E+02,1.281652E-02,3.927586E-02,4.939486E+02,6.720855E+02,2.549277E-02,6.585927E-02,1.496027E+03,1.892856E+03,7.720865E-02,1.854901E-01,8.606339E+02,9.127720E+02,4.441457E-02,8.944839E-02,3.484209E+02,4.765667E+02,1.798200E-02,4.669951E-02,5.182357E+02,5.407630E+02,2.674661E-02,5.299087E-02
14:00:00,6.051394E+02,9.352773E+02,3.123173E-02,9.165080E-02,5.181212E+02,6.697755E+02,2.673917E-02,6.563363E-02,6.431101E+02,1.217847E+03,3.319133E-02,1.193394E-01,7.816485E+02,1.095894E+03,4.034076E-02,1.073900E-01,3.695915E+02,3.520156E+02,1.907326E-02,3.449572E-02,2.470254E+02,4.021207E+02,1.274964E-02,3.940378E-02,4.925253E+02,6.700132E+02,2.541931E-02,6.565618E-02,1.492568E+03,1.898670E+03,7.703012E-02,1.860597E-01,8.592809E+02,9.272791E+02,4.434475E-02,9.087001E-02,3.474953E+02,4.745832E+02,1.793424E-02,4.650513E-02,5.164888E+02,5.414893E+02,2.665645E-02,5.306203E-02
14:10:00,6.031745E+02,9.596948E+02,3.113032E-02,9.404348E-02,5.171737E+02,6.615332E+02,2.669027E-02,6.482593E-02,6.411144E+02,1.227525E+03,3.308832E-02,1.202877E-01,7.796226E+02,1.091123E+03,4.023620E-02,1.069225E-01,3.690751E+02,3.505937E+02,1.904660E-02,3.435636E-02,2.457676E+02,4.034678E+02,1.268472E-02,3.953578E-02,4.911442E+02,6.670273E+02,2.534803E-02,6.536356E-02,1.489207E+03,1.900627E+03,7.685667E-02,1.862513E-01,8.579698E+02,9.382632E+02,4.427709E-02,9.194633E-02,3.465985E+02,4.718981E+02,1.788795E-02,4.624200E-02,5.147927E+02,5.421427E+02,2.656891E-02,5.312606E-02
14:20:00,6.012653E+02,9.838345E+02,3.103178E-02,9.640894E-02,5.162556E+02,6.526117E+02,2.664289E-02,6.395167E-02,6.391759E+02,1.235663E+03,3.298828E-02,1.210851E-01,7.776554E+02,1.084640E+03,4.013468E-02,1.062872E-01,3.685753E+02,3.485085E+02,1.902081E-02,3.415202E-02,2.445462E+02,4.047350E+02,1.262168E-02,3.965995E-02,4.898036E+02,6.631328E+02,2.527884E-02,6.498192E-02,1.485942E+03,1.898565E+03,7.668812E-02,1.860491E-01,8.566990E+02,9.449859E+02,4.421150E-02,9.260502E-02,3.457292E+02,4.684921E+02,1.784308E-02,4.590823E-02,5.131453E+02,5.425557E+02,2.648388E-02,5.316653E-02
14:30:00,5.994096E+02,1.007413E+03,3.093601E-02,9.871941E-02,5.153657E+02,6.431739E+02,2.659696E-02,6.302683E-02,6.372926E+02,1.242022E+03,3.289108E-02,1.217082E-01,7.757447E+02,1.076543E+03,4.003606E-02,1.054937E-01,3.680914E+02,3.457928E+02,1.899584E-02,3.388587E-02,2.433597E+02,4.059325E+02,1.256044E-02,3.977730E-02,4.885020E+02,6.583155E+02,2.521166E-02,6.450983E-02,1.482767E+03,1.893364E+03,7.652430E-02,1.855394E-01,8.554668E+02,9.469254E+02,4.414791E-02,9.279495E-02,3.448862E+02,4.643654E+02,1.779958E-02,4.550384E-02,5.115448E+02,5.427677E+02,2.640128E-02,5.318731E-02
14:40:00,5.976055E+02,1.030234E+03,3.084290E-02,1.009556E-01,5.145030E+02,6.333314E+02,2.655244E-02,6.206232E-02,6.354624E+02,1.246499E+03,3.279661E-02,1.221468E-01,7.738884E+02,1.066892E+03,3.994026E-02,1.045479E-01,3.676229E+02,3.424628E+02,1.897166E-02,3.355954E-02,2.422067E+02,4.070426E+02,1.250094E-02,3.988607E-02,4.872379E+02,6.525798E+02,2.514642E-02,6.394776E-02,1.479682E+03,1.885573E+03,7.636504E-02,1.847758E-01,8.542718E+02,9.437106E+02,4.408624E-02,9.247978E-02,3.440685E+02,4.595339E+02,1.775738E-02,4.503038E-02,5.099894E+02,5.427733E+02,2.632101E-02,5.318784E-02
14:50:00,5.958511E+02,1.052157E+03,3.075235E-02,1.031038E-01,5.136663E+02,6.231769E+02,2.650926E-02,6.106725E-02,6.336833E+02,1.249065E+03,3.270479E-02,1.223982E-01,7.720846E+02,1.055752E+03,3.984717E-02,1.034562E-01,3.671690E+02,3.385384E+02,1.894823E-02,3.317496E-02,2.410861E+02,4.080429E+02,1.244310E-02,3.998409E-02,4.860098E+02,6.459636E+02,2.508304E-02,6.329941E-02,1.476681E+03,1.875468E+03,7.621018E-02,1.837854E-01,8.531126E+02,9.365689E+02,4.402641E-02,9.177978E-02,3.432752E+02,4.540276E+02,1.771643E-02,4.449080E-02,5.084776E+02,5.425615E+02,2.624298E-02,5.316708E-02
15:00:00,5.941447E+02,1.073058E+03,3.066428E-02,1.051519E-01,5.128547E+02,6.127982E+02,2.646737E-02,6.005021E-02,6.319535E+02,1.249751E+03,3.261552E-02,1.224653E-01,7.703315E+02,1.043210E+03,3.975668E-02,1.022272E-01,3.667292E+02,3.340498E+02,1.892554E-02,3.273509E-02,2.399965E+02,4.089130E+02,1.238686E-02,4.006934E-02,4.848166E+02,6.385173E+02,2.502146E-02,6.256972E-02,1.473763E+03,1.863269E+03,7.605958E-02,1.825900E-01,8.519879E+02,9.267309E+02,4.396837E-02,9.081558E-02,3.425052E+02,4.478896E+02,1.767669E-02,4.388931E-02,5.070076E+02,5.421206E+02,2.616711E-02,5.312387E-02
15:10:00,5.924845E+02,1.092817E+03,3.057859E-02,1.070880E-01,5.120673E+02,6.020644E+02,2.642673E-02,5.899838E-02,6.302713E+02,1.248602E+03,3.252870E-02,1.223528E-01,7.686271E+02,1.029383E+03,3.966872E-02,1.008722E-01,3.663029E+02,3.290259E+02,1.890354E-02,3.224277E-02,2.389370E+02,4.096313E+02,1.233218E-02,4.013973E-02,4.836569E+02,6.302943E+02,2.496160E-02,6.176391E-02,1.470924E+03,1.849220E+03,7.591308E-02,1.812132E-01,8.508964E+02,9.147041E+02,4.391204E-02,8.963692E-02,3.417578E+02,4.411854E+02,1.763812E-02,4.323236E-02,5.055782E+02,5.414366E+02,2.609334E-02,5.305684E-02
15:20:00,5.908691E+02,1.111184E+03,3.049522E-02,1.088878E-01,5.113030E+02,5.910984E+02,2.638729E-02,5.792379E-02,6.286351E+02,1.245523E+03,3.244425E-02,1.220509E-01,7.669699E+02,1.014645E+03,3.958319E-02,9.942800E-02,3.658896E+02,3.236161E+02,1.888221E-02,3.171263E-02,2.379063E+02,4.102678E+02,1.227898E-02,4.020209E-02,4.825296E+02,6.213831E+02,2.490342E-02,6.089067E-02,1.468163E+03,1.833822E+03,7.577055E-02,1.797042E-01,8.498370E+02,9.006958E+02,4.385737E-02,8.826411E-02,3.410321E+02,4.340051E+02,1.760067E-02,4.252875E-02,5.041878E+02,5.406384E+02,2.602157E-02,5.297862E-02
15:30:00,5.892968E+02,1.128123E+03,3.041407E-02,1.105476E-01,5.105612E+02,5.799106E+02,2.634900E-02,5.682747E-02,6.270432E+02,1.240808E+03,3.236209E-02,1.215889E-01,7.653582E+02,9.991041E+02,3.950001E-02,9.790508E-02,3.654888E+02,3.178555E+02,1.886152E-02,3.114812E-02,2.369036E+02,4.107634E+02,1.222723E-02,4.025065E-02,4.814335E+02,6.119283E+02,2.484685E-02,5.996418E-02,1.465475E+03,1.817219E+03,7.563186E-02,1.780772E-01,8.488085E+02,8.848135E+02,4.380429E-02,8.670768E-02,3.403273E+02,4.264478E+02,1.756429E-02,4.178819E-02,5.028351E+02,5.396533E+02,2.595176E-02,5.288207E-02
15:40:00,5.877663E+02,1.143545E+03,3.033508E-02,1.120587E-01,5.098410E+02,5.685729E+02,2.631183E-02,5.571645E-02,6.254942E+02,1.234705E+03,3.228214E-02,1.209908E-01,7.637905E+02,9.829630E+02,3.941910E-02,9.632337E-02,3.651001E+02,3.118214E+02,1.884146E-02,3.055682E-02,2.359278E+02,4.110920E+02,1.217686E-02,4.028284E-02,4.803676E+02,6.020950E+02,2.479184E-02,5.900058E-02,1.462860E+03,1.799723E+03,7.549689E-02,1.763627E-01,8.478099E+02,8.672852E+02,4.375275E-02,8.498995E-02,3.396427E+02,4.186249E+02,1.752896E-02,4.102162E-02,5.015188E+02,5.384591E+02,2.588383E-02,5.276505E-02
15:50:00,5.862763E+02,1.157349E+03,3.025818E-02,1.134113E-01,5.091416E+02,5.571940E+02,2.627574E-02,5.460141E-02,6.239867E+02,1.227485E+03,3.220434E-02,1.202833E-01,7.622654E+02,9.664824E+02,3.934039E-02,9.470839E-02,3.647229E+02,3.056145E+02,1.882200E-02,2.994858E-02,2.349780E+02,4.112368E+02,1.212784E-02,4.029703E-02,4.793308E+02,5.920559E+02,2.473833E-02,5.801683E-02,1.460315E+03,1.781953E+03,7.536551E-02,1.746213E-01,8.468400E+02,8.483822E+02,4.370270E-02,8.313752E-02,3.389775E+02,4.106625E+02,1.749463E-02,4.024137E-02,5.002378E+02,5.370448E+02,2.581771E-02,5.262645E-02
16:00:00,5.848253E+02,1.169429E+03,3.018329E-02,1.145950E-01,5.084623E+02,5.459075E+02,2.624068E-02,5.349542E-02,6.225192E+02,1.219445E+03,3.212860E-02,1.194954E-01,7.607814E+02,9.499623E+02,3.926380E-02,9.308954E-02,3.643570E+02,2.993525E+02,1.880311E-02,2.933493E-02,2.340534E+02,4.111853E+02,1.208012E-02,4.029197E-02,4.783222E+02,5.820135E+02,2.468628E-02,5.703276E-02,1.457836E+03,1.764542E+03,7.523762E-02,1.729151E-01,8.458980E+02,8.283966E+02,4.365408E-02,8.117901E-02,3.383311E+02,4.027016E+02,1.746126E-02,3.946127E-02,4.989909E+02,5.354060E+02,2.575336E-02,5.246586E-02
16:10:00,5.834121E+02,1.179716E+03,3.011035E-02,1.156030E-01,5.078024E+02,5.348776E+02,2.620662E-02,5.241458E-02,6.210906E+02,1.210957E+03,3.205487E-02,1.186636E-01,7.593372E+02,9.337260E+02,3.918926E-02,9.149852E-02,3.640018E+02,2.932066E+02,1.878478E-02,2.873268E-02,2.331531E+02,4.109305E+02,1.203365E-02,4.026700E-02,4.773409E+02,5.722098E+02,2.463563E-02,5.607207E-02,1.455424E+03,1.748007E+03,7.511309E-02,1.712949E-01,8.449828E+02,8.077358E+02,4.360685E-02,7.915434E-02,3.377029E+02,3.949159E+02,1.742884E-02,3.869836E-02,4.977769E+02,5.335705E+02,2.569070E-02,5.228599E-02
16:20:00,5.820356E+02,1.188227E+03,3.003931E-02,1.164368E-01,5.071612E+02,5.243258E+02,2.617353E-02,5.138059E-02,6.196995E+02,1.202414E+03,3.198307E-02,1.178265E-01,7.579316E+02,9.183174E+02,3.911672E-02,8.998860E-02,3.636570E+02,2.874041E+02,1.876698E-02,2.816408E-02,2.322764E+02,4.105292E+02,1.198840E-02,4.022768E-02,4.763859E+02,5.629001E+02,2.458634E-02,5.515981E-02,1.453074E+03,1.732616E+03,7.499183E-02,1.697867E-01,8.440936E+02,7.869262E+02,4.356096E-02,7.711510E-02,3.370922E+02,3.874849E+02,1.739732E-02,3.797019E-02,4.965949E+02,5.316192E+02,2.562969E-02,5.209477E-02
16:30:00,5.806946E+02,1.195072E+03,2.997010E-02,1.171076E-01,5.065382E+02,5.144045E+02,2.614138E-02,5.040839E-02,6.183448E+02,1.193970E+03,3.191316E-02,1.169990E-01,7.565632E+02,9.042344E+02,3.904610E-02,8.860860E-02,3.633222E+02,2.821484E+02,1.874971E-02,2.764906E-02,2.314225E+02,4.101031E+02,1.194433E-02,4.018592E-02,4.754565E+02,5.542156E+02,2.453837E-02,5.430882E-02,1.450786E+03,1.718754E+03,7.487373E-02,1.684283E-01,8.432294E+02,7.667453E+02,4.351636E-02,7.513748E-02,3.364984E+02,3.805033E+02,1.736667E-02,3.728607E-02,4.954438E+02,5.297530E+02,2.557028E-02,5.191190E-02
16:40:00,5.793879E+02,1.200348E+03,2.990266E-02,1.176245E-01,5.059326E+02,5.051599E+02,2.611013E-02,4.950250E-02,6.170253E+02,1.185601E+03,3.184506E-02,1.161790E-01,7.552310E+02,8.917875E+02,3.897734E-02,8.738893E-02,3.629971E+02,2.775691E+02,1.873293E-02,2.720033E-02,2.305906E+02,4.097600E+02,1.190139E-02,4.015230E-02,4.745517E+02,5.461962E+02,2.449168E-02,5.352301E-02,1.448557E+03,1.706876E+03,7.475870E-02,1.672644E-01,8.423895E+02,7.478971E+02,4.347302E-02,7.329048E-02,3.359210E+02,3.740045E+02,1.733687E-02,3.664926E-02,4.943225E+02,5.281461E+02,2.551242E-02,5.175444E-02
16:50:00,5.781146E+02,1.204098E+03,2.983694E-02,1.179920E-01,5.053440E+02,4.965674E+02,2.607975E-02,4.866052E-02,6.157400E+02,1.177164E+03,3.177872E-02,1.153523E-01,7.539338E+02,8.811511E+02,3.891039E-02,8.634669E-02,3.626813E+02,2.737401E+02,1.871663E-02,2.682513E-02,2.297801E+02,4.095942E+02,1.185956E-02,4.013605E-02,4.736709E+02,5.388225E+02,2.444621E-02,5.280046E-02,1.446386E+03,1.696861E+03,7.464664E-02,1.662830E-01,8.415731E+02,7.306628E+02,4.343088E-02,7.160164E-02,3.353594E+02,3.679814E+02,1.730789E-02,3.605907E-02,4.932303E+02,5.269483E+02,2.545604E-02,5.163706E-02
17:00:00,5.768736E+02,1.205661E+03,2.977289E-02,1.181450E-01,5.047718E+02,4.883309E+02,2.605022E-02,4.785342E-02,6.144877E+02,1.167883E+03,3.171409E-02,1.144428E-01,7.526705E+02,8.720190E+02,3.884519E-02,8.545187E-02,3.623746E+02,2.705989E+02,1.870080E-02,2.651733E-02,2.289904E+02,4.095775E+02,1.181880E-02,4.013442E-02,4.728132E+02,5.318934E+02,2.440195E-02,5.212149E-02,1.444270E+03,1.687588E+03,7.453747E-02,1.653744E-01,8.407794E+02,7.148658E+02,4.338992E-02,7.005365E-02,3.348132E+02,3.622992E+02,1.727970E-02,3.550228E-02,4.921662E+02,5.261276E+02,2.540112E-02,5.155666E-02
17:10:00,5.756640E+02,1.205438E+03,2.971046E-02,1.181231E-01,5.042154E+02,4.803994E+02,2.602150E-02,4.707621E-02,6.132675E+02,1.157718E+03,3.165111E-02,1.134467E-01,7.514401E+02,8.644244E+02,3.878169E-02,8.470771E-02,3.620766E+02,2.681803E+02,1.868543E-02,2.628035E-02,2.282207E+02,4.098166E+02,1.177908E-02,4.015785E-02,4.719780E+02,5.253320E+02,2.435884E-02,5.147855E-02,1.442209E+03,1.679431E+03,7.443109E-02,1.645751E-01,8.400076E+02,7.005894E+02,4.335009E-02,6.865469E-02,3.342818E+02,3.568972E+02,1.725228E-02,3.497294E-02,4.911294E+02,5.258691E+02,2.534761E-02,5.153133E-02
17:20:00,5.744848E+02,1.203388E+03,2.964960E-02,1.179222E-01,5.036743E+02,4.725689E+02,2.599358E-02,4.630889E-02,6.120785E+02,1.146333E+03,3.158974E-02,1.123311E-01,7.502416E+02,8.579991E+02,3.871983E-02,8.407814E-02,3.617870E+02,2.663438E+02,1.867048E-02,2.610040E-02,2.274705E+02,4.102854E+02,1.174036E-02,4.020379E-02,4.711645E+02,5.189694E+02,2.431686E-02,5.085509E-02,1.440200E+03,1.672313E+03,7.432742E-02,1.638776E-01,8.392572E+02,6.877212E+02,4.331136E-02,6.739374E-02,3.337648E+02,3.516462E+02,1.722559E-02,3.445841E-02,4.901190E+02,5.261700E+02,2.529546E-02,5.156084E-02
17:30:00,5.733351E+02,1.199236E+03,2.959027E-02,1.175153E-01,5.031481E+02,4.645874E+02,2.596642E-02,4.552677E-02,6.109196E+02,1.133498E+03,3.152993E-02,1.110733E-01,7.490740E+02,8.522880E+02,3.865957E-02,8.351853E-02,3.615056E+02,2.649054E+02,1.865596E-02,2.595947E-02,2.267392E+02,4.108685E+02,1.170261E-02,4.026094E-02,4.703722E+02,5.126966E+02,2.427596E-02,5.024042E-02,1.438243E+03,1.665714E+03,7.422639E-02,1.632310E-01,8.385273E+02,6.758010E+02,4.327369E-02,6.622566E-02,3.332617E+02,3.464841E+02,1.719962E-02,3.395258E-02,4.891342E+02,5.268546E+02,2.524464E-02,5.162794E-02
17:40:00,5.722141E+02,1.192656E+03,2.953241E-02,1.168705E-01,5.026362E+02,4.563492E+02,2.594000E-02,4.471950E-02,6.097900E+02,1.119077E+03,3.147163E-02,1.096602E-01,7.479364E+02,8.469245E+02,3.860086E-02,8.299299E-02,3.612321E+02,2.636940E+02,1.864184E-02,2.584078E-02,2.260262E+02,4.114375E+02,1.166581E-02,4.031669E-02,4.696003E+02,5.064739E+02,2.423613E-02,4.963065E-02,1.436335E+03,1.658794E+03,7.412792E-02,1.625530E-01,8.378173E+02,6.642245E+02,4.323705E-02,6.509126E-02,3.327720E+02,3.413677E+02,1.717435E-02,3.345122E-02,4.881743E+02,5.277268E+02,2.519510E-02,5.171342E-02
17:50:00,5.711209E+02,1.183325E+03,2.947599E-02,1.159561E-01,5.021382E+02,4.478602E+02,2.591430E-02,4.388763E-02,6.086888E+02,1.102983E+03,3.141479E-02,1.080831E-01,7.468279E+02,8.415261E+02,3.854365E-02,8.246401E-02,3.609662E+02,2.625345E+02,1.862812E-02,2.572717E-02,2.253311E+02,4.118522E+02,1.162993E-02,4.035734E-02,4.688482E+02,5.002590E+02,2.419731E-02,4.902166E-02,1.434475E+03,1.650792E+03,7.403192E-02,1.617688E-01,8.371267E+02,6.527143E+02,4.320141E-02,6.396335E-02,3.322954E+02,3.362783E+02,1.714976E-02,3.295251E-02,4.872386E+02,5.285721E+02,2.514680E-02,5.179627E-02
18:00:00,5.700547E+02,1.171551E+03,2.942096E-02,1.148023E-01,5.016538E+02,4.393850E+02,2.588930E-02,4.305712E-02,6.076152E+02,1.085655E+03,3.135938E-02,1.063851E-01,7.457477E+02,8.360658E+02,3.848790E-02,8.192896E-02,3.607077E+02,2.613232E+02,1.861478E-02,2.560847E-02,2.246531E+02,4.120626E+02,1.159494E-02,4.037795E-02,4.681154E+02,4.941590E+02,2.415949E-02,4.842391E-02,1.432662E+03,1.641731E+03,7.393834E-02,1.608809E-01,8.364548E+02,6.413915E+02,4.316673E-02,6.285379E-02,3.318315E+02,3.312767E+02,1.712581E-02,3.246241E-02,4.863262E+02,5.293061E+02,2.509971E-02,5.186820E-02
18:10:00,5.955429E+02,1.156511E+03,3.073642E-02,1.133285E-01,5.266317E+02,4.308826E+02,2.717836E-02,4.222394E-02,6.347367E+02,1.066714E+03,3.275914E-02,1.045290E-01,7.802271E+02,8.300705E+02,4.026737E-02,8.134147E-02,3.794455E+02,2.597903E+02,1.958177E-02,2.545826E-02,2.312334E+02,4.118470E+02,1.193457E-02,4.035681E-02,4.896826E+02,4.880915E+02,2.527258E-02,4.782935E-02,1.501280E+03,1.629699E+03,7.747966E-02,1.597018E-01,8.787487E+02,6.300414E+02,4.534939E-02,6.174156E-02,3.465609E+02,3.263264E+02,1.788599E-02,3.197733E-02,5.077139E+02,5.295232E+02,2.620355E-02,5.188948E-02
18:20:00,6.210679E+02,1.137703E+03,3.205369E-02,1.114854E-01,5.516313E+02,4.223427E+02,2.846839E-02,4.138709E-02,6.618957E+02,1.045975E+03,3.416073E-02,1.024968E-01,8.147476E+02,8.230872E+02,4.204882E-02,8.065716E-02,3.981961E+02,2.576981E+02,2.054928E-02,2.525323E-02,2.378320E+02,4.110242E+02,1.227513E-02,4.027618E-02,5.112767E+02,4.820070E+02,2.638696E-02,4.723313E-02,1.569972E+03,1.613611E+03,8.102447E-02,1.581252E-01,9.210759E+02,6.185907E+02,4.753348E-02,6.061945E-02,3.613073E+02,3.214066E+02,1.864699E-02,3.149524E-02,5.291327E+02,5.289259E+02,2.730891E-02,5.183094E-02
18:30:00,6.466370E+02,1.113608E+03,3.337303E-02,1.091242E-01,5.766680E+02,4.137871E+02,2.975981E-02,4.054871E-02,6.891015E+02,1.022768E+03,3.556449E-02,1.002226E-01,8.493249E+02,8.142507E+02,4.383277E-02,7.979124E-02,4.169717E+02,2.546778E+02,2.151753E-02,2.495726E-02,2.444502E+02,4.092446E+02,1.261667E-02,4.010179E-02,5.329063E+02,4.758399E+02,2.750293E-02,4.662880E-02,1.638775E+03,1.591800E+03,8.457400E-02,1.559878E-01,9.634664E+02,6.069544E+02,4.971977E-02,5.947915E-02,3.760778E+02,3.164554E+02,1.940904E-02,3.101007E-02,5.505891E+02,5.269844E+02,2.841604E-02,5.164067E-02
18:40:00,6.722524E+02,1.084885E+03,3.469448E-02,1.063095E-01,6.017378E+02,4.052697E+02,3.105236E-02,3.971406E-02,7.163554E+02,9.975246E+02,3.697041E-02,9.774902E-02,8.839589E+02,8.034499E+02,4.561914E-02,7.873281E-02,4.357672E+02,2.506280E+02,2.248626E-02,2.456038E-02,2.510885E+02,4.064478E+02,1.295922E-02,3.982772E-02,5.545718E+02,4.695660E+02,2.862046E-02,4.601402E-02,1.707687E+03,1.564500E+03,8.812792E-02,1.533125E-01,1.005911E+03,5.951690E+02,5.190769E-02,5.832425E-02,3.908718E+02,3.114719E+02,2.017207E-02,3.052174E-02,5.720847E+02,5.236358E+02,2.952497E-02,5.131250E-02
18:50:00,6.979114E+02,1.050086E+03,3.601796E-02,1.028994E-01,6.268326E+02,3.967212E+02,3.234585E-02,3.887638E-02,7.436542E+02,9.696762E+02,3.837840E-02,9.502008E-02,9.186420E+02,7.898160E+02,4.740767E-02,7.739674E-02,4.545771E+02,2.451904E+02,2.345545E-02,2.402750E-02,2.577493E+02,4.022610E+02,1.330290E-02,3.941744E-02,5.762693E+02,4.631448E+02,2.973943E-02,4.538479E-02,1.776686E+03,1.530318E+03,9.168552E-02,1.499627E-01,1.048394E+03,5.831982E+02,5.409690E-02,5.715116E-02,4.056865E+02,3.064097E+02,2.093601E-02,3.002569E-02,5.936177E+02,5.183451E+02,3.063565E-02,5.079402E-02
19:00:00,7.236077E+02,1.010442E+03,3.734325E-02,9.901455E-02,6.519470E+02,3.881092E+02,3.364024E-02,3.803246E-02,7.709912E+02,9.398839E+02,3.978823E-02,9.210066E-02,9.533652E+02,7.735124E+02,4.919807E-02,7.579906E-02,4.733988E+02,2.384205E+02,2.442521E-02,2.336406E-02,2.644314E+02,3.967166E+02,1.364765E-02,3.887412E-02,5.979937E+02,4.565548E+02,3.085967E-02,4.473903E-02,1.845753E+03,1.490203E+03,9.524623E-02,1.460315E-01,1.090904E+03,5.711116E+02,5.628738E-02,5.596674E-02,4.205189E+02,3.012693E+02,2.170078E-02,2.952197E-02,6.151830E+02,5.112118E+02,3.174788E-02,5.009497E-02
19:10:00,7.228079E+02,9.676704E+02,3.730098E-02,9.482325E-02,6.516291E+02,3.795199E+02,3.362213E-02,3.719077E-02,7.701926E+02,9.090343E+02,3.974590E-02,8.907764E-02,9.525900E+02,7.550538E+02,4.915634E-02,7.399018E-02,4.732421E+02,2.305919E+02,2.441558E-02,2.259687E-02,2.638914E+02,3.899708E+02,1.361963E-02,3.821308E-02,5.974599E+02,4.498730E+02,3.083111E-02,4.408427E-02,1.844490E+03,1.446272E+03,9.517713E-02,1.417264E-01,1.090491E+03,5.590604E+02,5.626272E-02,5.478578E-02,4.201858E+02,2.960843E+02,2.168284E-02,2.901389E-02,6.144993E+02,5.025879E+02,3.171177E-02,4.924984E-02
19:20:00,7.220258E+02,9.244811E+02,3.725969E-02,9.059101E-02,6.513180E+02,3.709931E+02,3.360452E-02,3.635521E-02,7.694123E+02,8.783858E+02,3.970458E-02,8.607433E-02,9.518308E+02,7.354673E+02,4.911557E-02,7.207079E-02,4.730896E+02,2.221814E+02,2.440632E-02,2.177266E-02,2.633674E+02,3.824117E+02,1.359245E-02,3.747234E-02,5.969384E+02,4.431114E+02,3.080327E-02,4.342169E-02,1.843247E+03,1.401193E+03,9.510939E-02,1.373088E-01,1.090085E+03,5.471054E+02,5.623872E-02,5.361425E-02,4.198618E+02,2.908645E+02,2.166544E-02,2.850239E-02,6.138318E+02,4.930897E+02,3.167656E-02,4.831905E-02
19:30:00,7.212512E+02,8.842089E+02,3.721899E-02,8.664466E-02,6.509968E+02,3.628347E+02,3.358692E-02,3.555574E-02,7.686381E+02,8.497090E+02,3.966382E-02,8.326426E-02,9.510691E+02,7.163309E+02,4.907508E-02,7.019552E-02,4.729277E+02,2.138548E+02,2.439712E-02,2.095668E-02,2.628569E+02,3.746208E+02,1.356597E-02,3.670889E-02,5.964185E+02,4.364660E+02,3.077575E-02,4.277049E-02,1.841982E+03,1.358387E+03,9.504154E-02,1.331140E-01,1.089653E+03,5.356589E+02,5.621447E-02,5.249255E-02,4.195386E+02,2.857690E+02,2.164826E-02,2.800309E-02,6.131719E+02,4.835718E+02,3.164190E-02,4.738633E-02
19:40:00,7.204796E+02,8.474313E+02,3.717870E-02,8.304081E-02,6.506679E+02,3.551353E+02,3.356950E-02,3.480126E-02,7.678661E+02,8.233029E+02,3.962348E-02,8.067672E-02,9.503023E+02,6.981331E+02,4.903484E-02,6.841225E-02,4.727605E+02,2.059035E+02,2.438820E-02,2.017750E-02,2.623577E+02,3.668422E+02,1.354011E-02,3.594666E-02,5.958981E+02,4.300160E+02,3.074850E-02,4.213845E-02,1.840695E+03,1.318707E+03,9.497370E-02,1.292256E-01,1.089202E+03,5.248673E+02,5.619041E-02,5.143504E-02,4.192155E+02,2.808579E+02,2.163133E-02,2.752184E-02,6.125157E+02,4.743137E+02,3.160765E-02,4.647910E-02
19:50:00,7.197115E+02,8.166331E+02,3.713881E-02,8.002292E-02,6.503382E+02,3.479982E+02,3.355238E-02,3.410188E-02,7.670974E+02,8.003254E+02,3.958355E-02,7.842519E-02,9.495358E+02,6.820767E+02,4.899499E-02,6.683886E-02,4.725927E+02,1.988558E+02,2.437952E-02,1.948687E-02,2.618662E+02,3.596371E+02,1.351468E-02,3.524064E-02,5.953795E+02,4.238626E+02,3.072155E-02,4.153547E-02,1.839401E+03,1.284514E+03,9.490638E-02,1.258750E-01,1.088748E+03,5.148777E+02,5.616678E-02,5.045613E-02,4.188942E+02,2.762095E+02,2.161464E-02,2.706634E-02,6.118632E+02,4.660578E+02,3.157377E-02,4.567009E-02
20:00:00,7.189513E+02,7.916071E+02,3.709946E-02,7.757071E-02,6.500118E+02,3.414536E+02,3.353555E-02,3.346057E-02,7.663368E+02,7.806735E+02,3.954418E-02,7.649955E-02,9.487766E+02,6.683347E+02,4.895570E-02,6.549229E-02,4.724261E+02,1.928399E+02,2.437094E-02,1.889736E-02,2.613826E+02,3.531798E+02,1.348968E-02,3.460791E-02,5.948664E+02,4.180686E+02,3.069501E-02,4.096772E-02,1.838118E+03,1.255851E+03,9.483999E-02,1.230663E-01,1.088297E+03,5.057001E+02,5.614354E-02,4.955679E-02,4.185766E+02,2.718660E+02,2.159823E-02,2.664073E-02,6.112177E+02,4.589393E+02,3.154035E-02,4.497255E-02
20:10:00,7.182027E+02,7.717186E+02,3.706076E-02,7.562194E-02,6.496904E+02,3.355028E+02,3.351897E-02,3.287745E-02,7.655880E+02,7.640528E+02,3.950548E-02,7.487094E-02,9.480291E+02,6.568582E+02,4.891709E-02,6.436774E-02,4.722610E+02,1.878295E+02,2.436243E-02,1.840639E-02,2.609075E+02,3.475669E+02,1.346513E-02,3.405792E-02,5.943613E+02,4.126745E+02,3.066891E-02,4.043915E-02,1.836854E+03,1.232261E+03,9.477473E-02,1.207548E-01,1.087852E+03,4.973558E+02,5.612062E-02,4.873911E-02,4.182641E+02,2.678587E+02,2.158209E-02,2.624806E-02,6.105820E+02,4.529698E+02,3.150749E-02,4.438761E-02
20:20:00,7.174672E+02,7.552367E+02,3.702277E-02,7.400699E-02,6.493742E+02,3.301537E+02,3.350264E-02,3.235329E-02,7.648523E+02,7.496928E+02,3.946749E-02,7.346388E-02,9.472951E+02,6.470690E+02,4.887919E-02,6.340854E-02,4.720977E+02,1.835870E+02,2.435400E-02,1.799068E-02,2.604412E+02,3.426552E+02,1.344104E-02,3.357665E-02,5.938652E+02,4.077214E+02,3.064330E-02,3.995381E-02,1.835613E+03,1.212271E+03,9.471066E-02,1.187961E-01,1.087415E+03,4.898430E+02,5.609802E-02,4.800293E-02,4.179570E+02,2.642142E+02,2.156624E-02,2.589094E-02,6.099575E+02,4.478382E+02,3.147524E-02,4.388479E-02
20:30:00,7.167456E+02,7.409337E+02,3.698551E-02,7.260554E-02,6.490636E+02,3.252055E+02,3.348661E-02,3.186842E-02,7.641306E+02,7.368545E+02,3.943022E-02,7.220591E-02,9.465751E+02,6.383174E+02,4.884202E-02,6.255101E-02,4.719368E+02,1.798510E+02,2.434569E-02,1.762460E-02,2.599839E+02,3.382944E+02,1.341742E-02,3.314936E-02,5.933785E+02,4.031080E+02,3.061817E-02,3.950174E-02,1.834396E+03,1.194494E+03,9.464783E-02,1.170541E-01,1.086985E+03,4.828776E+02,5.607582E-02,4.732038E-02,4.176557E+02,2.608401E+02,2.155069E-02,2.556033E-02,6.093447E+02,4.432735E+02,3.144359E-02,4.343753E-02
20:40:00,7.160382E+02,7.282208E+02,3.694899E-02,7.135988E-02,6.487589E+02,3.205691E+02,3.347089E-02,3.141410E-02,7.634232E+02,7.251767E+02,3.939371E-02,7.106164E-02,9.458696E+02,6.303182E+02,4.880561E-02,6.176719E-02,4.717786E+02,1.764973E+02,2.433752E-02,1.729598E-02,2.595355E+02,3.344009E+02,1.339427E-02,3.276786E-02,5.929014E+02,3.987868E+02,3.059355E-02,3.907832E-02,1.833204E+03,1.178304E+03,9.458627E-02,1.154677E-01,1.086563E+03,4.763241E+02,5.605404E-02,4.667819E-02,4.173603E+02,2.576945E+02,2.153544E-02,2.525209E-02,6.087439E+02,4.391512E+02,3.141258E-02,4.303361E-02
20:50:00,7.153452E+02,7.167347E+02,3.691322E-02,7.023440E-02,6.484606E+02,3.161923E+02,3.345549E-02,3.098521E-02,7.627303E+02,7.144274E+02,3.935795E-02,7.000836E-02,9.451788E+02,6.229096E+02,4.876996E-02,6.104124E-02,4.716234E+02,1.734500E+02,2.432952E-02,1.699738E-02,2.590962E+02,3.309046E+02,1.337159E-02,3.242528E-02,5.924342E+02,3.947221E+02,3.056944E-02,3.868002E-02,1.832036E+03,1.163347E+03,9.452601E-02,1.140021E-01,1.086150E+03,4.701092E+02,5.603273E-02,4.606918E-02,4.170709E+02,2.547466E+02,2.152051E-02,2.496323E-02,6.081554E+02,4.353912E+02,3.138220E-02,4.266518E-02
21:00:00,7.146668E+02,7.062162E+02,3.687820E-02,6.920373E-02,6.481687E+02,3.120363E+02,3.344043E-02,3.057797E-02,7.620521E+02,7.044343E+02,3.932294E-02,6.902916E-02,9.445030E+02,6.159780E+02,4.873508E-02,6.036203E-02,4.714713E+02,1.706531E+02,2.432167E-02,1.672331E-02,2.586660E+02,3.277433E+02,1.334938E-02,3.211552E-02,5.919770E+02,3.908814E+02,3.054584E-02,3.830368E-02,1.830893E+03,1.149375E+03,9.446705E-02,1.126330E-01,1.085746E+03,4.641806E+02,5.601188E-02,4.548823E-02,4.167877E+02,2.519698E+02,2.150589E-02,2.469114E-02,6.075793E+02,4.319310E+02,3.135247E-02,4.232613E-02
21:10:00,7.140029E+02,6.964506E+02,3.684394E-02,6.824682E-02,6.478833E+02,3.080493E+02,3.342571E-02,3.018728E-02,7.613885E+02,6.950409E+02,3.928869E-02,6.810872E-02,9.438419E+02,6.094089E+02,4.870097E-02,5.971833E-02,4.713224E+02,1.680472E+02,2.431399E-02,1.646795E-02,2.582447E+02,3.248569E+02,1.332763E-02,3.183269E-02,5.915297E+02,3.872173E+02,3.052276E-02,3.794463E-02,1.829776E+03,1.136144E+03,9.440939E-02,1.113365E-01,1.085351E+03,4.584613E+02,5.599151E-02,4.492777E-02,4.165107E+02,2.493283E+02,2.149160E-02,2.443230E-02,6.070155E+02,4.287021E+02,3.132337E-02,4.200974E-02
21:20:00,7.133534E+02,6.872929E+02,3.681042E-02,6.734948E-02,6.476044E+02,3.042062E+02,3.341132E-02,2.981068E-02,7.607393E+02,6.861444E+02,3.925520E-02,6.723696E-02,9.431957E+02,6.031373E+02,4.866762E-02,5.910378E-02,4.711768E+02,1.655969E+02,2.430647E-02,1.622785E-02,2.578324E+02,3.221996E+02,1.330635E-02,3.157233E-02,5.910922E+02,3.837048E+02,3.050019E-02,3.760044E-02,1.828683E+03,1.123514E+03,9.435303E-02,1.100989E-01,1.084965E+03,4.529172E+02,5.597160E-02,4.438449E-02,4.162399E+02,2.468023E+02,2.147763E-02,2.418479E-02,6.064640E+02,4.256636E+02,3.129491E-02,4.171200E-02
21:30:00,7.127181E+02,6.786319E+02,3.677764E-02,6.650080E-02,6.473319E+02,3.004868E+02,3.339726E-02,2.944621E-02,7.601046E+02,6.776639E+02,3.922244E-02,6.640597E-02,9.425640E+02,5.971129E+02,4.863503E-02,5.851345E-02,4.710344E+02,1.632745E+02,2.429913E-02,1.600027E-02,2.574290E+02,3.197332E+02,1.328553E-02,3.133066E-02,5.906646E+02,3.803225E+02,3.047812E-02,3.726901E-02,1.827616E+03,1.111380E+03,9.429794E-02,1.089098E-01,1.084588E+03,4.475221E+02,5.595216E-02,4.385580E-02,4.159753E+02,2.443752E+02,2.146397E-02,2.394696E-02,6.059247E+02,4.227821E+02,3.126708E-02,4.142965E-02
21:40:00,7.120968E+02,6.703820E+02,3.674558E-02,6.569241E-02,6.470659E+02,2.968750E+02,3.338353E-02,2.909229E-02,7.594839E+02,6.695362E+02,3.919041E-02,6.560954E-02,9.419467E+02,5.912966E+02,4.860318E-02,5.794350E-02,4.708953E+02,1.610577E+02,2.429195E-02,1.578304E-02,2.570342E+02,3.174259E+02,1.326515E-02,3.110457E-02,5.902466E+02,3.770528E+02,3.045655E-02,3.694861E-02,1.826572E+03,1.099659E+03,9.424410E-02,1.077613E-01,1.084220E+03,4.422554E+02,5.593318E-02,4.333969E-02,4.157167E+02,2.420331E+02,2.145063E-02,2.371745E-02,6.053973E+02,4.200307E+02,3.123987E-02,4.116005E-02
21:50:00,7.114893E+02,6.624848E+02,3.671423E-02,6.491856E-02,6.468061E+02,2.933606E+02,3.337013E-02,2.874791E-02,7.588772E+02,6.617187E+02,3.915910E-02,6.484351E-02,9.413436E+02,5.856630E+02,4.857205E-02,5.739147E-02,4.707594E+02,1.589300E+02,2.428494E-02,1.557454E-02,2.566482E+02,3.152542E+02,1.324523E-02,3.089178E-02,5.898382E+02,3.738841E+02,3.043548E-02,3.663811E-02,1.825553E+03,1.088300E+03,9.419149E-02,1.066482E-01,1.083861E+03,4.371043E+02,5.591466E-02,4.283491E-02,4.154641E+02,2.397667E+02,2.143759E-02,2.349537E-02,6.048818E+02,4.173904E+02,3.121326E-02,4.090133E-02
22:00:00,7.108954E+02,6.548877E+02,3.668358E-02,6.417413E-02,6.465526E+02,2.899330E+02,3.335705E-02,2.841203E-02,7.582842E+02,6.541713E+02,3.912850E-02,6.410394E-02,9.407544E+02,5.801876E+02,4.854165E-02,5.685493E-02,4.706268E+02,1.568773E+02,2.427810E-02,1.537339E-02,2.562706E+02,3.131966E+02,1.322574E-02,3.069016E-02,5.894392E+02,3.708041E+02,3.041489E-02,3.633631E-02,1.824557E+03,1.077251E+03,9.414009E-02,1.055655E-01,1.083511E+03,4.320559E+02,5.589659E-02,4.234020E-02,4.152174E+02,2.375667E+02,2.142486E-02,2.327980E-02,6.043778E+02,4.148432E+02,3.118725E-02,4.065173E-02
22:10:00,5.921645E+02,5.595648E+02,3.055683E-02,5.448237E-02,5.532731E+02,2.447697E+02,2.837959E-02,2.389137E-02,6.316556E+02,5.581672E+02,3.259429E-02,5.436193E-02,7.837156E+02,4.901226E+02,4.043866E-02,4.784491E-02,4.101584E+02,1.311597E+02,2.095610E-02,1.282663E-02,2.134009E+02,2.601370E+02,1.101330E-02,2.549085E-02,4.910324E+02,3.114349E+02,2.533713E-02,3.044207E-02,1.540150E+03,9.204991E+02,7.923695E-02,8.963474E-02,9.457333E+02,3.677284E+02,4.830369E-02,3.583457E-02,3.459114E+02,1.986698E+02,1.784873E-02,1.943485E-02,5.034374E+02,3.451603E+02,2.597850E-02,3.381287E-02
22:20:00,4.735359E+02,4.736169E+02,2.443537E-02,4.555554E-02,4.780672E+02,2.029800E+02,2.412819E-02,1.964361E-02,5.058293E+02,4.711891E+02,2.609367E-02,4.535670E-02,6.489922E+02,4.082034E+02,3.323467E-02,3.948615E-02,3.607260E+02,1.072083E+02,1.807731E-02,1.042419E-02,1.705963E+02,2.116161E+02,8.804218E-03,2.065069E-02,3.995352E+02,2.564716E+02,2.053816E-02,2.490271E-02,1.310432E+03,7.808210E+02,6.653846E-02,7.508700E-02,8.350532E+02,3.091123E+02,4.180290E-02,2.979500E-02,2.825940E+02,1.626678E+02,1.451396E-02,1.582336E-02,4.025839E+02,2.812415E+02,2.077424E-02,2.742995E-02
22:30:00,3.640530E+02,3.978637E+02,1.868377E-02,3.743233E-02,4.134087E+02,1.654838E+02,2.030169E-02,1.574017E-02,3.927713E+02,3.943227E+02,2.010843E-02,3.714970E-02,5.337865E+02,3.359187E+02,2.681938E-02,3.188990E-02,3.174498E+02,8.512896E+01,1.544419E-02,8.173061E-03,1.278553E+02,1.659510E+02,6.598419E-03,1.604380E-02,3.192013E+02,2.072722E+02,1.618984E-02,1.981442E-02,1.119798E+03,6.586417E+02,5.541058E-02,6.191421E-02,7.412552E+02,2.568032E+02,3.597578E-02,2.425430E-02,2.269065E+02,1.294574E+02,1.148759E-02,1.243349E-02,3.074338E+02,2.226495E+02,1.580052E-02,2.147481E-02
22:40:00,2.645586E+02,3.304652E+02,1.333654E-02,2.997188E-02,3.528277E+02,1.319023E+02,1.663830E-02,1.214841E-02,2.917104E+02,3.259118E+02,1.460625E-02,2.961350E-02,4.291776E+02,2.723548E+02,2.082836E-02,2.498054E-02,2.770865E+02,6.531815E+01,1.292788E-02,6.103427E-03,8.517651E+01,1.264613E+02,4.395831E-03,1.191364E-02,2.462696E+02,1.648129E+02,1.213950E-02,1.525627E-02,9.441096E+02,5.500429E+02,4.488184E-02,4.981381E-02,6.542480E+02,2.099275E+02,3.042035E-02,1.914596E-02,1.757800E+02,1.003534E+02,8.644105E-03,9.367007E-03,2.194782E+02,1.726837E+02,1.112033E-02,1.618420E-02
22:50:00,1.738411E+02,2.662225E+02,8.341222E-03,2.277987E-02,2.962712E+02,9.966825E+01,1.313693E-02,8.672106E-03,1.974998E+02,2.607112E+02,9.379413E-03,2.234989E-02,3.315733E+02,2.105026E+02,1.511836E-02,1.822150E-02,2.392622E+02,4.614739E+01,1.051364E-02,4.089956E-03,4.255852E+01,8.919406E+01,2.196381E-03,7.961157E-03,1.784812E+02,1.226709E+02,8.295284E-03,1.073287E-02,7.805843E+02,4.457885E+02,3.484337E-02,3.808555E-02,5.734685E+02,1.650522E+02,2.511542E-02,1.420906E-02,1.283194E+02,7.192235E+01,5.947766E-03,6.359691E-03,1.406597E+02,1.247606E+02,6.806188E-03,1.105903E-02
23:00:00,8.922244E+01,2.052004E+02,3.590993E-03,1.586057E-02,2.424887E+02,6.902437E+01,9.747391E-03,5.329749E-03,1.102170E+02,1.988286E+02,4.432010E-03,1.536650E-02,2.388857E+02,1.517698E+02,9.606910E-03,1.172101E-02,2.036297E+02,2.792914E+01,8.187656E-03,2.156587E-03,0.000000E+00,5.319461E+01,0.000000E+00,4.112810E-03,1.148294E+02,8.290880E+01,4.617964E-03,6.403125E-03,6.249777E+02,3.461832E+02,2.512475E-02,2.675215E-02,4.970512E+02,1.222109E+02,1.998625E-02,9.445883E-03,8.360733E+01,4.498836E+01,3.362285E-03,3.475024E-03,6.647390E+01,7.830124E+01,2.677424E-03,6.054964E-03
23:10:00,1.259162E+02,2.345462E+02,5.065649E-03,1.812147E-02,2.841312E+02,8.137207E+01,1.141913E-02,6.281772E-03,1.524688E+02,2.281075E+02,6.130010E-03,1.762286E-02,3.061733E+02,1.798198E+02,1.231088E-02,1.388366E-02,2.301686E+02,3.415241E+01,9.250831E-03,2.636559E-03,0.000000E+00,6.998634E+01,0.000000E+00,5.408341E-03,1.517050E+02,1.010025E+02,6.099858E-03,7.798181E-03,7.579244E+02,3.957424E+02,3.046648E-02,3.057510E-02,5.615089E+02,1.402199E+02,2.257112E-02,1.083336E-02,1.097480E+02,5.591920E+01,4.412759E-03,4.318075E-03,9.548094E+01,1.009111E+02,3.843170E-03,7.799018E-03
23:20:00,1.656999E+02,2.568333E+02,6.664379E-03,1.982397E-02,3.099834E+02,9.145581E+01,1.245670E-02,7.058871E-03,1.969863E+02,2.507358E+02,7.918755E-03,1.935322E-02,3.541088E+02,2.016573E+02,1.423582E-02,1.556401E-02,2.473415E+02,3.929999E+01,9.937886E-03,3.032955E-03,0.000000E+00,8.365625E+01,0.000000E+00,6.461702E-03,1.838083E+02,1.160852E+02,7.389488E-03,8.957137E-03,8.413761E+02,4.312293E+02,3.381342E-02,3.328652E-02,6.019679E+02,1.538799E+02,2.418842E-02,1.187796E-02,1.313673E+02,6.498487E+01,5.281207E-03,5.015098E-03,1.274128E+02,1.192346E+02,5.126386E-03,9.210440E-03
23:30:00,1.988698E+02,2.709765E+02,7.996097E-03,2.090782E-02,3.272486E+02,9.822968E+01,1.314858E-02,7.579574E-03,2.312692E+02,2.653558E+02,9.295033E-03,2.047421E-02,3.854996E+02,2.155751E+02,1.549259E-02,1.663342E-02,2.597838E+02,4.318765E+01,1.043675E-02,3.332503E-03,0.000000E+00,9.574697E+01,0.000000E+00,7.387554E-03,2.063805E+02,1.266448E+02,8.294784E-03,9.771592E-03,8.900625E+02,4.518562E+02,3.576508E-02,3.486540E-02,6.280998E+02,1.624234E+02,2.523527E-02,1.253327E-02,1.468826E+02,7.218108E+01,5.902999E-03,5.569385E-03,1.558584E+02,1.335588E+02,6.269084E-03,1.030546E-02
23:40:00,2.242533E+02,2.785955E+02,9.013029E-03,2.149595E-02,3.421973E+02,1.019646E+02,1.374856E-02,7.867950E-03,2.556527E+02,2.733969E+02,1.027361E-02,2.109493E-02,4.090082E+02,2.223043E+02,1.643523E-02,1.715291E-02,2.705680E+02,4.535057E+01,1.086948E-02,3.499493E-03,0.000000E+00,1.028107E+02,0.000000E+00,7.932204E-03,2.233959E+02,1.315726E+02,8.976958E-03,1.015198E-02,9.277240E+02,4.612496E+02,3.727695E-02,3.559084E-02,6.496699E+02,1.665833E+02,2.610063E-02,1.285459E-02,1.594577E+02,7.609701E+01,6.407492E-03,5.871566E-03,1.790865E+02,1.404510E+02,7.198617E-03,1.083677E-02
23:50:00,2.427240E+02,2.846976E+02,9.754009E-03,2.196698E-02,3.546806E+02,1.051332E+02,1.424964E-02,8.112595E-03,2.750195E+02,2.799065E+02,1.105158E-02,2.159742E-02,4.279660E+02,2.286952E+02,1.719651E-02,1.764626E-02,2.799092E+02,4.735609E+01,1.124440E-02,3.654323E-03,0.000000E+00,1.086838E+02,0.000000E+00,8.385361E-03,2.370550E+02,1.371743E+02,9.525541E-03,1.058433E-02,9.567120E+02,4.683992E+02,3.844056E-02,3.614300E-02,6.669407E+02,1.696726E+02,2.679361E-02,1.309321E-02,1.698477E+02,8.007951E+01,6.824780E-03,6.178936E-03,1.950948E+02,1.463762E+02,7.840055E-03,1.129404E-02
24:00:00,2.567738E+02,2.890653E+02,1.031837E-02,2.230417E-02,3.657759E+02,1.074141E+02,1.469502E-02,8.288727E-03,2.894273E+02,2.846178E+02,1.163027E-02,2.196114E-02,4.442167E+02,2.332111E+02,1.784906E-02,1.799491E-02,2.880188E+02,4.884007E+01,1.156990E-02,3.768901E-03,0.000000E+00,1.142210E+02,0.000000E+00,8.812619E-03,2.482259E+02,1.412897E+02,9.974175E-03,1.090200E-02,9.809211E+02,4.728066E+02,3.941225E-02,3.648349E-02,6.815347E+02,1.715611E+02,2.737916E-02,1.323914E-02,1.788399E+02,8.323063E+01,7.185920E-03,6.422163E-03,2.081674E+02,1.518131E+02,8.365187E-03,1.171365E-02
Peak,8.291730E+02,1.205661E+03,4.256859E-02,1.181450E-01,6.519470E+02,7.464876E+02,3.364024E-02,7.315102E-02,8.771926E+02,1.249751E+03,4.504123E-02,1.224653E-01,1.015562E+03,1.101433E+03,5.216078E-02,1.079330E-01,4.733988E+02,3.532341E+02,2.442521E-02,3.461515E-02,4.095304E+02,4.346976E+02,2.101319E-02,4.222344E-02,6.632444E+02,6.735529E+02,3.406561E-02,6.600312E-02,1.846618E+03,1.900627E+03,9.485300E-02,1.862513E-01,1.090904E+03,1.020242E+03,5.628738E-02,9.997944E-02,4.727860E+02,4.786121E+02,2.429096E-02,4.689999E-02,7.178139E+02,5.532567E+02,3.685355E-02,5.372836E-02

Peak Vol Flow (m3/s),,,3.537207E-02,9.817175E-02,,,2.795312E-02,6.078431E-02,,,3.742669E-02,1.017617E-01,,,4.334263E-02,8.968612E-02,,,2.029595E-02,2.876321E-02,,,1.746076E-02,3.508526E-02,,,2.830657E-02,5.484481E-02,,,7.881742E-02,1.547642E-01,,,4.677159E-02,8.307719E-02,,,2.018440E-02,3.897121E-02,,,3.062320E-02,4.464519E-02
